player_id,player_club_id
38004,853
79232,8841
42792,6251
73333,1274
122011,195
146889,195
28716,282
69445,282
19409,317
30003,317
30667,317
34129,317
36139,317
4520,317
4582,317
47740,317
59631,317
60312,317
63342,317
63356,317
80073,317
84260,317
75109,11907
63496,3811
14940,660
14942,660
15033,2783
24000,2783
24633,660
26267,660
27108,2783
39996,660
43308,2783
44357,660
45812,2783
48974,660
51232,2783
52937,660
55734,2783
55735,660
59148,2783
59389,2783
59411,660
59970,660
60324,2783
66515,660
73769,2783
74843,2783
75615,660
85969,2783
87893,2783
89222,660
158810,1101
268055,3834
271384,37022
72496,37022
125102,317
182381,317
232499,317
232500,317
104351,4482
12064,4482
120996,2477
135172,2477
24976,4482
26303,2477
35259,4482
36235,4482
36934,2477
43495,4482
44662,4482
46504,4482
53270,2477
57888,2477
58016,2477
58042,2477
58051,2477
58150,2477
58252,4482
58425,2477
58976,4482
65297,4482
73185,2477
91563,4482
94926,2477
97335,2477
97859,4482
102132,1053
102134,1053
119169,678
1197,678
129092,1053
148344,1053
14971,678
15118,1053
15135,1053
15386,678
22887,678
22917,1053
22923,678
23160,678
23201,1053
26774,678
27612,1053
30699,678
37222,1053
48803,1053
5892,678
68948,678
70554,1053
77655,678
89208,678
92248,1053
93315,1053
96331,678
103950,6993
137939,6993
20137,6414
211314,6414
24026,6993
25618,6414
27378,6414
30694,6414
30803,6414
42631,6414
43288,6993
43359,6414
53299,6993
53477,6414
53523,6414
54576,6414
55115,6993
58035,6993
58043,6993
58403,6993
58413,6414
58440,6993
68778,6414
76028,6414
89556,6993
92635,6993
94922,6993
94931,6993
112953,6992
121218,6996
134609,6996
1716,6996
17206,6996
22378,6992
25891,6992
27172,6992
34771,6996
35435,6992
35908,6996
4678,6992
58514,6992
58606,6992
62515,6992
64711,6992
65542,6992
69913,6992
71725,6996
72899,6996
8480,6992
85964,6992
85973,6996
91377,6996
91450,6996
93976,6996
95239,6996
96455,6996
104331,338
114937,338
16746,338
18445,338
27954,338
45196,338
48740,338
59045,2783
61952,338
64308,338
69004,338
69015,338
70754,338
91931,338
9794,338
105362,6994
105534,6994
124182,6994
14927,6994
206717,6994
24010,10690
24670,10690
37303,10690
43276,6994
43393,10690
47375,10690
49022,6994
58238,10690
59249,6994
59266,10690
59269,10690
59277,10690
59964,6994
59973,10690
60790,10690
82608,10690
85430,10690
86931,6994
87097,6994
87864,6994
90768,10690
91259,6994
100980,5724
103428,5817
103433,5817
15039,5724
15049,5817
15243,5817
15472,5817
161244,5817
20841,5724
20844,5817
22176,5724
221916,5817
22489,5724
22516,5724
22913,5724
23111,5724
23250,5817
23403,5817
36691,5817
43015,5724
4351,5724
44423,5724
46007,5724
50651,5817
61335,5724
61423,5724
62680,5817
83882,5817
13121,964
15117,964
15368,964
15373,964
15381,964
15647,964
15650,964
15872,2698
19712,964
2050,2698
20587,964
25035,2698
25856,2698
29056,2698
38799,2698
40254,964
42678,2698
44136,964
44367,2698
45491,964
48550,964
55854,2698
56637,2698
57723,2698
5794,2698
63252,964
6871,2698
7252,2698
121026,2227
13113,2227
140561,339
15067,2227
18091,339
23443,339
24008,2227
24043,2227
24049,339
25823,339
28186,339
39253,2227
39792,2227
42933,2227
45343,2227
49008,339
54375,339
57895,339
57987,339
58008,2227
58949,339
59076,339
59893,2227
70767,339
92046,2227
9369,2227
9796,339
23379,9007
25820,660
28964,9007
42622,9007
42641,9007
43309,9007
43934,9007
45341,9007
45587,9007
49024,9007
58970,9007
59024,9007
59908,660
59913,9007
85563,9007
9688,660
9798,9007
120144,2740
15593,3592
15596,3592
24004,2740
25758,3592
25845,3592
28179,3592
34641,3592
35607,2740
35633,3592
36149,2740
43404,2740
55975,3592
57900,3592
58392,3592
58418,2740
58427,3592
58930,2740
58958,2740
58961,3592
59129,2740
59150,2740
61462,3592
68915,2740
86502,2740
89427,2740
91540,3592
97567,2740
104918,173
15209,173
15961,173
1725,173
18006,206
194129,206
20838,173
20857,173
22519,206
24113,173
2703,173
39467,206
41328,173
43075,206
43077,206
44717,206
48764,206
68980,206
69643,206
69646,206
70544,173
78818,206
87162,206
89082,206
89200,173
91851,173
99100,173
99106,173
108315,1177
132401,3426
144904,3426
14962,1177
15128,1177
164693,3426
187957,1177
20843,1177
20855,3426
22484,1177
22495,1177
23205,3426
23463,1177
37227,1177
37635,3426
41843,3426
44471,3426
46004,1177
48015,3426
48897,1177
52117,1177
56986,3426
62445,3426
78953,1177
89197,1177
91469,3426
95732,3426
100399,190
102043,865
102045,865
103558,190
124983,190
140446,865
1423,190
148369,865
14963,190
15765,865
16675,190
18097,865
20313,865
203412,190
21338,190
22499,865
22995,865
23492,190
23592,190
24404,190
38163,190
46478,190
48805,865
48864,865
48870,865
48907,865
68275,190
68826,865
214243,21637
103434,2414
107775,2414
109012,2778
129085,2778
153538,2414
1606,2414
186064,2778
20854,2414
22513,2778
22827,2414
22860,2778
22881,2414
22896,2778
23005,2414
23410,2778
23538,2778
34357,2778
35959,2778
42366,2414
42383,2414
43010,2414
44567,2778
44825,2778
49143,2414
50580,2414
63459,2414
66638,2778
76274,2778
74602,84
129787,6028
90024,699
26934,697
114728,10719
179624,10719
72836,2481
143556,669
29237,669
95314,669
29456,409
102284,713
62054,687
13972,419
40633,419
46083,419
51471,419
109,825
111432,2578
12575,2578
14754,2578
17386,825
21372,2578
22809,2578
23674,825
31336,825
33958,825
3413,825
34560,2578
35531,2578
36637,2578
36658,2578
36724,2578
38283,825
4251,2578
45555,2578
52270,825
53436,825
59333,825
6053,825
62855,2578
7041,825
88212,2578
88374,825
99186,825
53359,159
174001,678
27565,32017
37138,678
87142,32017
160506,447
99345,447
110326,2700
15018,2700
16760,2700
23996,2700
24131,2700
29016,2700
4257,2700
49474,2700
49485,2700
50355,2700
59187,2700
63606,2700
69006,2700
88615,2700
75816,448
136397,499
147034,499
148657,499
19061,499
191830,499
30585,499
4424,499
45538,499
52119,499
53444,499
55972,499
77394,499
79027,499
81808,499
157543,6676
162571,6676
19940,6676
24226,6676
24859,6676
29073,6676
34200,6676
34324,6676
55869,6676
65343,6676
72934,6676
7795,6676
89278,6676
96818,6676
110822,157
13073,157
138812,157
15717,157
15798,157
215114,157
38449,157
38978,157
43982,157
49656,157
49772,157
79573,157
80383,157
32860,2784
112674,9095
52915,2783
100485,318
15131,452
55709,452
88257,452
14641,208
24480,317
37080,317
49500,317
64590,317
79192,317
65236,11107
106675,11126
107218,11126
117808,11126
117812,11126
119223,11126
119224,11126
137206,932
15072,932
15076,932
15083,932
207518,932
24984,11126
26153,932
27986,11126
28937,932
34393,932
35852,932
36847,11126
37834,932
48526,11126
48987,932
49251,932
54291,11126
55336,932
57631,11126
69011,11126
70212,932
73998,11126
49030,6992
57869,3592
23141,2414
3947,1177
62462,2414
120630,232
12540,2703
145919,2703
15595,2703
16690,232
19087,232
21333,232
25850,232
26591,232
27017,2703
34542,232
36180,2703
38539,232
38782,232
38790,2703
41281,232
43716,2703
45593,232
48067,232
49462,2703
55345,2703
55743,2703
56727,2703
62524,2703
63170,232
67917,232
70229,2703
75085,2703
102740,2410
112088,1083
14937,1083
15008,1083
15077,1083
15362,2410
15570,2410
15583,1083
168337,2410
20232,1083
21750,2410
24116,1083
25740,1083
26771,1083
36688,2410
43938,1083
44318,1083
46180,2410
51164,2410
5245,1083
54287,1083
66521,2410
69683,2410
70097,2410
74725,1083
75287,2410
9644,2410
106617,12438
106619,12438
117802,121
1331,121
15112,121
15569,12438
15907,12438
181177,121
2309,121
24118,12438
24654,12438
26462,121
31068,121
3321,121
35004,121
37549,121
45858,121
48521,12438
48534,12438
52089,12438
57015,12438
65977,12438
69352,12438
73681,12438
89086,121
89589,121
98122,12438
36109,2227
43299,6414
55338,6414
57901,6414
73094,2227
90255,2227
92575,2227
24061,6996
57894,6996
60129,6996
130041,6993
32306,2477
59434,6993
148374,865
18224,865
88239,2778
89205,2778
110668,498
12518,58
129580,498
129588,58
12974,498
13292,498
14933,58
16947,58
187744,498
18807,58
21371,498
26721,58
29894,498
31776,58
31952,58
39475,58
41128,498
43012,498
44624,58
49841,498
52746,498
56821,498
59641,58
6666,498
73912,58
7784,498
92904,58
9593,58
15075,4128
15673,4128
193812,4128
194947,964
24237,4128
24429,4128
24994,4128
25889,4128
25918,4128
42812,4128
46687,4128
48586,4128
49676,4128
65966,4128
9786,4128
118074,2439
15597,2439
15743,2439
15796,2439
34512,2439
47152,2439
51420,2439
51936,2439
52895,2439
53331,2439
55356,2439
62514,2439
64667,2439
73691,2700
75441,2439
102581,2696
127325,3725
127813,2696
138399,2696
15102,3725
15666,3725
15843,3725
158865,3725
16756,3725
25023,2696
25921,2696
26082,3725
36812,3725
36903,3725
38005,3725
42853,3725
45340,2696
51274,3725
52408,3725
5452,2696
59597,3725
66133,2696
75213,2696
75214,2696
88002,2696
90471,2696
98557,2696
107803,10690
155964,6994
35245,339
39799,339
57748,6994
75631,6994
122088,2740
217760,2740
47165,4482
55763,2740
58954,2740
59826,4482
102572,9007
120211,338
43332,9007
43848,338
56698,9007
58956,9007
91727,9007
92567,338
42913,1053
69636,206
46472,5724
83910,173
69132,5817
14118,16704
15590,16704
16095,16704
195728,16704
217923,16704
35989,16704
36212,2698
39280,16704
44022,16704
46635,16704
49719,16704
51630,2698
51897,16704
56976,2698
69001,2698
73783,16704
84483,16704
94807,16704
20848,3426
24282,678
55759,3426
74865,697
14542,669
52269,409
55911,419
97576,13017
12811,2578
37837,825
45931,2578
25754,32017
119433,2783
36821,455
56354,317
57388,6676
79470,499
112930,157
13271,157
45353,157
94298,157
146279,11126
15730,11126
24912,2439
47217,2439
72482,11126
24038,6996
138335,865
45328,865
89188,865
105261,2696
3989,932
48491,2696
70484,932
151282,2410
25911,4128
38802,2410
48542,4128
54284,4128
70295,4128
76075,2410
104201,964
34396,121
38870,121
61960,121
97541,121
58072,2477
59423,2740
59442,2740
70869,2477
97835,2740
99490,2477
24880,6992
36075,4482
96498,4482
24006,2227
75109,2227
136537,6994
59978,6994
87663,6994
102142,1053
22931,190
34237,190
50577,190
15250,3426
50628,5817
100101,2727
102186,1411
13021,2727
13037,2727
13051,2727
13078,1411
13110,1411
13354,2727
13371,1411
13501,1411
18416,1411
18893,1411
192992,2727
197852,2727
21666,1411
22348,1411
23966,1411
28347,1411
29544,2727
29855,2727
30553,1411
30556,2727
30672,2727
40370,2727
42399,1411
42949,1411
62749,2727
9643,2727
101912,172
111983,172
123921,172
12908,354
13372,354
140715,354
171147,172
19363,354
21924,354
22877,354
28456,354
33343,172
33709,172
37221,354
39720,172
41100,354
42191,354
42731,172
44424,354
44588,354
45501,172
45953,172
52807,354
52874,172
57840,172
5881,354
70778,172
8733,172
110082,601
111049,601
111061,601
126709,601
159098,601
18532,601
33848,601
36045,601
37857,601
42393,58
42703,601
42704,601
42737,601
44059,601
52506,601
120306,498
13036,566
13049,566
138736,566
18952,498
28890,566
34991,566
39928,566
40421,566
44060,566
60971,566
77140,566
83951,566
9667,566
100986,2282
101133,28643
122994,2282
13069,28643
13087,28643
13309,28643
13445,28643
15045,2282
18949,2282
24081,2282
24484,2282
33707,28643
35813,2282
38000,2282
38388,2282
38414,2282
38960,28643
41140,28643
44465,2282
4605,2282
51864,28643
62941,2282
6403,28643
65681,28643
74812,28643
85873,28643
85901,28643
96454,2282
113707,969
127160,969
139955,969
17965,1041
187847,1041
18909,1041
18912,1041
22386,969
22388,1041
23938,969
3165,1041
33914,1041
4811,969
5303,969
5495,969
5668,1041
57110,969
57186,1041
57449,969
57480,969
57515,1041
60542,1041
60885,969
6803,969
85863,1041
93678,969
93720,1041
139668,8024
26683,12438
58450,12438
63149,232
106632,2703
7633,2698
98543,2703
177688,3592
24032,3592
24061,9007
34670,10690
131678,678
4316,678
23389,2778
39897,2778
77259,2778
93739,173
104946,204
105092,204
108104,204
127202,204
130119,157
132414,204
13902,204
15409,204
15885,204
181791,204
30671,157
31062,204
34534,157
34913,204
47931,157
70870,204
82377,204
99442,204
111005,3057
125745,3057
142920,3508
147265,3508
149551,3508
160380,3057
19312,3508
195871,3508
20296,3508
22338,3057
22627,3508
33870,3057
37795,3057
41261,3508
42189,3057
4323,3057
45161,3508
45455,3057
47893,3057
48064,3508
55231,3057
58327,3057
61336,3508
67648,3057
6861,3508
77383,3057
9410,3508
101201,520
10183,1184
10244,520
13001,520
130963,520
13099,520
13111,520
135173,520
150076,1184
18418,520
19108,1184
24458,1184
26797,1184
42748,1184
4377,1184
50201,1184
57188,1184
63846,1184
77663,1184
78507,1184
89631,1184
90478,520
9596,520
9638,520
9665,520
172142,5227
44780,4814
57226,4814
56115,3336
94180,3336
35964,16704
45613,16704
48510,16704
6065,3725
20853,206
22467,1177
104223,234
111196,234
112052,234
130257,234
152651,234
182581,234
19721,338
22339,234
31453,234
45864,234
56371,234
56631,234
60744,234
62125,234
92936,234
9800,338
12663,987
12665,987
131161,265
13405,987
136647,265
13919,987
14170,987
157058,265
16408,265
16458,265
19286,265
22586,265
27667,265
30436,265
34283,265
43265,987
51321,987
51730,987
5418,265
61417,987
61666,987
62319,987
72651,265
78648,987
9852,265
99296,265
17140,36
18537,36
22382,36
33793,36
39333,36
4010,36
44402,36
45559,36
55382,36
55605,36
7043,36
7079,36
7319,36
7401,36
33831,7769
74314,7769
91991,697
101067,6028
13061,2282
3354,2282
153065,58
108878,371
12688,371
13561,371
34409,371
35587,371
36025,371
37428,371
42513,371
43925,371
52570,371
62246,371
6855,371
77760,371
84992,371
131163,3345
15153,1091
173405,1091
212832,1091
26099,1091
26582,1091
32806,1091
44714,1091
45970,1091
51166,1091
5712,1091
62460,1091
7737,1091
82215,1091
96778,1091
101088,1184
140803,1184
112991,1301
130616,1301
137710,1301
14137,1301
175597,1301
23974,1301
27369,1301
51288,6676
53071,1301
64635,1301
70724,1301
75141,6676
85842,1301
86062,1301
87422,1301
90660,1301
1161,46
20003,46
22202,46
28021,46
39090,46
39099,46
4314,46
4673,46
54149,46
5938,46
7520,46
79522,46
80444,46
95438,46
10424,1519
16152,1519
24501,1519
27700,1519
28809,1519
38083,1519
4133,1519
51661,1519
55494,1519
78961,1519
106405,306
106634,306
133179,306
14124,306
198074,306
217111,306
235540,306
27304,306
42735,306
47785,306
66608,306
75890,306
77001,306
94307,306
3170,499
42714,2700
49589,2700
139956,20
14555,20
16353,20
16499,20
26432,20
34161,20
44996,20
56640,20
58660,20
64952,20
6994,20
77362,20
77737,20
90959,20
13028,9007
1335,42
1587,42
17885,42
18331,42
21327,42
22837,42
277,42
2805,42
3114,42
39198,42
41507,42
45668,42
48298,42
61901,42
133089,317
15379,317
134425,31
24180,31
3109,31
35571,31
3597,31
3876,31
3881,31
4042,31
4063,31
41414,31
52111,31
61651,31
78959,31
96754,31
112990,11107
108354,244
139019,825
189940,244
23951,244
23960,244
27470,244
39883,244
40687,244
43907,244
45403,244
5477,244
5645,244
57402,244
60577,244
126751,621
127837,621
15804,621
35564,621
54231,621
54245,621
69660,621
71571,621
71579,621
71840,621
7631,621
7874,621
89318,621
96718,621
52470,1083
19819,338
25780,338
28922,338
30825,338
64104,3592
15463,6996
49000,10690
17804,3057
44903,3057
56657,3057
90118,204
15363,2410
30391,2410
106196,16704
46706,16704
121958,2703
15071,3725
192914,2703
39185,2703
51268,3725
59209,3725
203414,190
19058,2778
193729,1053
60312,2778
34768,354
46286,354
60258,28643
78820,354
157206,566
60951,566
72736,566
75062,566
103600,172
13103,2282
61267,172
86055,172
98078,172
100131,520
13483,601
143029,601
156496,520
85345,1411
10598,43
12610,43
129971,43
130841,43
14735,43
169555,43
21449,43
36632,43
42667,43
42967,43
54265,43
54268,43
60960,43
7930,2578
87444,43
119332,2451
123294,2451
126600,465
12752,465
12772,2451
127984,2451
12836,465
132209,2451
132210,465
13543,465
14821,465
191870,2451
27980,2451
28800,465
3783,465
43252,465
43734,465
43753,465
45072,465
47994,2451
51733,2451
62909,2451
86827,465
95949,2451
95950,2451
95951,2451
96148,2451
13340,2759
13938,2759
13942,2759
14694,2759
14695,2759
14708,2759
14716,2759
21415,2759
21732,2759
22609,2759
22613,2759
59328,2759
60797,987
9502,2759
10029,370
12765,370
12769,370
12812,370
12817,370
146795,370
21306,370
31312,371
3251,370
3589,370
39033,371
44741,371
46594,370
52380,370
60793,370
62086,371
63223,370
68321,370
106643,2553
12732,2553
12751,511
12753,2553
132207,2553
14558,511
14579,511
167959,511
177550,2553
21314,2553
21332,511
29414,2553
36720,511
36772,511
37517,2553
43260,511
48259,511
49098,2553
60912,511
64511,2553
66942,2553
67371,2553
82244,2553
91273,511
92548,2553
9501,511
111184,610
12282,610
124883,610
124891,610
146258,383
16101,383
167850,383
182932,610
187245,610
30290,610
30670,610
33210,383
34784,610
3515,383
36500,383
38497,383
42710,610
4338,383
4425,610
45509,610
49499,383
52246,610
52920,383
56416,383
68864,383
72462,383
95755,610
155050,2700
38682,2700
86596,2700
113914,2696
15881,2696
105496,232
130824,6992
58515,6992
86466,2740
224736,2783
36732,2783
14939,6993
91419,6993
36371,339
58972,339
59982,9007
135209,206
155617,678
4361,206
23989,865
45219,865
129581,1184
22377,1184
59646,2727
129593,3508
22067,157
119033,903
130765,1519
131172,903
13557,903
13932,903
152421,903
29007,1519
29354,903
3322,903
3613,903
42547,903
43259,1519
45611,903
60792,903
68335,903
69412,903
74861,903
124909,2655
25006,12438
43402,12438
128813,4482
25732,660
44361,660
52769,660
103327,5817
22512,2414
126413,234
56370,234
7025,36
134695,58
51457,58
70170,58
121253,987
16529,265
193078,987
16535,1091
192018,1091
141828,1293
124560,46
207715,46
44327,46
20859,2414
17879,6676
15670,121
27491,121
1560,306
57275,306
174984,20
236471,20
28775,20
1586,42
75640,42
215652,244
57500,244
10254,317
69010,9007
54235,621
22832,31
28990,31
44352,31
71292,31
7825,31
202523,2439
109314,6994
223319,6994
23584,173
109060,28643
216463,3057
108830,415
126767,415
126796,415
127032,415
146854,415
23955,969
26407,415
46001,415
5431,415
5592,969
5672,415
56795,415
57337,969
5942,415
61637,415
63494,415
66413,415
100113,403
123140,403
13074,403
186228,132
19249,132
2048,403
214346,403
21493,132
229228,132
29936,403
30741,132
31111,132
37738,132
38757,403
39524,132
4158,132
4334,132
4452,403
4533,132
45562,403
4669,403
56438,403
56601,132
6301,132
74294,132
89622,403
12563,6195
19041,6195
21151,6195
21782,6195
21863,6195
21905,6195
2865,506
37666,506
37941,6195
38593,6195
39983,506
40660,506
44716,506
48280,6195
5023,506
52266,6195
52312,506
56703,506
5817,506
5858,6195
5880,6195
63531,506
6448,506
7109,506
76799,6195
77,506
84835,506
85475,6195
48514,3725
53286,3725
82364,3725
14219,932
44855,932
146467,232
17749,964
188338,964
46340,2477
47769,1177
133822,3508
41102,354
49641,354
191949,1411
170926,172
24260,172
56780,601
80840,601
133041,987
36593,2578
62170,370
215902,2451
59383,2451
111283,14171
12106,40
12379,40
126528,40
12906,40
12957,14171
16591,40
23825,40
43264,40
51540,40
5308,40
54155,40
5622,14171
5676,14171
5698,14171
57355,40
57510,14171
60591,14171
60604,14171
63463,14171
64147,14171
67721,14171
69101,14171
78082,40
81386,40
93690,14171
93758,40
98351,14171
102744,750
103565,595
109039,750
110268,595
111043,750
111163,595
118940,750
12093,595
127048,750
127053,750
17244,595
17693,750
184892,595
19045,750
204585,750
2878,750
33718,595
44686,595
45237,595
50512,595
52027,750
5300,595
5614,750
5680,595
60588,750
66407,750
75224,595
93309,595
126699,273
137438,273
18543,273
19139,273
22628,273
27661,1041
28328,273
37460,273
38360,273
39906,273
40446,273
5338,1041
57404,273
60573,273
60583,1041
60603,273
85585,273
102558,583
12386,1158
12508,1158
15420,583
16993,583
18036,583
20622,1158
27305,583
27389,583
28335,583
29091,583
3266,1158
33923,583
3455,583
39114,1158
39914,1158
40014,1158
4317,583
43242,1158
43458,583
44045,1158
47713,583
50570,583
51030,1158
5576,1158
57420,1158
60990,1158
105388,3911
105400,1159
126534,1159
15275,3911
170929,1159
18934,1159
211722,3911
22396,3911
23976,3911
24459,3911
25113,3911
33447,3911
34361,1159
3707,3911
43256,3911
45166,1159
49872,1159
53306,1159
5399,3911
5667,1159
57348,1159
59957,1159
60551,1159
60570,1159
66783,3911
83368,3911
96327,3911
12096,1082
12275,618
126656,618
126664,1082
14949,1082
157509,618
17179,1082
18901,618
18955,618
22390,618
22820,1082
27306,1082
28140,618
33935,618
3575,1082
37647,1082
39910,618
45624,1082
46791,618
5348,1082
5406,1082
58864,618
77834,1082
7971,1082
81460,1082
93704,618
98349,618
111482,417
12502,1147
17422,1147
18860,417
212937,417
227356,417
29559,1147
33953,1147
36881,417
36911,1147
3890,1147
40688,417
44679,1147
45475,417
52345,417
55044,417
56778,417
57213,1147
57525,417
6278,1147
66386,1147
66788,417
67084,417
80191,1147
8060,1147
84085,417
84301,1147
93726,1147
101469,1423
126542,1095
126659,1423
138410,1423
147846,1423
164897,1095
23918,1423
29311,1095
33927,1095
39917,1423
40975,1095
43960,1423
44727,1095
47653,1095
51283,1423
5457,1423
55385,1095
5578,1423
5639,1423
56808,1095
57403,1423
57466,1095
60602,1095
77828,1423
78917,1095
86930,1095
93759,1095
117671,235
124873,235
14863,235
153365,235
17313,235
19062,235
19063,235
29322,235
29324,235
50303,383
56384,235
57514,235
79045,235
91251,235
93405,235
101785,192
104376,192
116636,192
121940,1269
123513,192
12912,192
13743,192
139925,1269
141050,192
143155,1269
19917,192
20351,192
30473,1269
34785,1269
41583,1269
42539,192
45511,192
4638,1269
48262,192
50091,1269
57328,1269
61809,1269
64313,192
64355,1269
6853,192
81497,1269
93393,1269
12359,1426
151189,1426
172202,1304
184948,1426
190633,1304
19407,1426
24523,1426
25520,1304
27729,1426
30617,1304
4410,1426
44349,1304
4517,1426
45541,1426
4573,1426
55751,1304
61446,1426
61867,1304
63270,1426
64506,1304
71105,1304
7326,1304
80709,1304
82410,1426
8387,1304
84898,1304
88648,1426
92842,1304
14852,511
167061,511
65264,465
71026,511
80339,465
9616,465
109008,2990
14098,720
149244,2990
170359,2990
186997,720
22785,2990
236541,2990
236549,2990
26244,720
29364,720
31316,720
33866,720
34029,2990
34091,2990
51174,720
51191,720
54781,720
56315,2990
58228,2990
59248,720
74418,720
75118,2990
84695,720
88103,720
90681,720
50477,1429
80197,2698
44622,1083
98539,1083
25923,4128
55538,4128
60273,11126
63487,4128
104505,660
59414,6414
8669,6414
29671,4482
164600,5817
55595,498
182420,2727
78530,157
111376,58
66934,58
12597,903
62231,903
68315,903
10471,27
119296,27
14944,27
16136,27
17259,27
22068,27
2219,27
25727,16
26,16
26485,27
29835,16
31909,27
34572,27
35207,16
35208,16
38253,16
39728,16
40995,16
42460,16
4360,27
44521,16
53622,16
54659,27
58124,16
58358,27
74842,16
82243,16
86792,27
12028,1421
12101,1421
171408,1421
27307,1421
29351,1421
31101,1421
40928,1421
45184,1421
51542,1421
56827,1421
57376,1421
77974,1421
80009,1421
93701,1421
107010,281
13091,281
18935,281
20007,281
26399,281
28396,281
30739,631
3160,631
3163,631
3182,631
3333,281
35518,281
36827,631
40611,631
4276,281
44068,631
46156,281
4672,281
46741,631
47082,631
47659,281
50202,631
54170,631
5658,631
7449,281
7767,631
9594,281
109305,200
128042,200
162694,200
187098,200
187105,200
18759,200
25118,200
28815,200
45881,200
4676,200
57249,200
63334,200
76047,200
81775,200
126014,202
129990,202
13048,202
13258,202
139208,202
143182,202
180907,202
22501,202
29863,202
36559,202
49069,202
62064,202
7949,202
82332,202
91915,317
119256,1268
126421,1268
131708,1268
134999,1268
183397,1268
43247,1268
45486,1268
45534,1268
45543,1268
56836,1268
57172,1268
6931,1268
76326,1268
84405,1268
125693,467
24498,467
3395,467
34382,467
44471,467
45930,467
4634,306
49591,467
55758,467
59665,467
61612,467
61846,467
65256,467
95793,467
99517,467
109881,610
122421,1090
128502,1090
165975,610
25427,1090
31025,1090
36391,1090
39378,1090
45548,610
5017,1090
56534,1090
63469,1090
67220,1090
75901,610
89231,1090
93081,1090
9602,1090
4403,6692
5936,3037
19636,19
71019,19
130172,1386
33349,4333
102990,4361
37889,4361
146038,5724
161099,3426
22169,3426
120785,167
14856,167
15486,167
18021,167
21590,167
26878,167
39094,167
4018,167
50199,167
53669,167
557,167
63022,167
76293,167
84435,167
164451,1159
95604,1082
9659,1082
10152,19771
14151,19771
1896,19771
28283,19771
29627,19771
29642,19771
44977,19771
44993,19771
52281,19771
54044,19771
58861,19771
7090,19771
76438,19771
86614,19771
100910,1465
110078,1465
125700,1465
13867,4750
14309,1465
14515,4750
158397,4750
158419,1465
197157,1465
199099,4750
23340,4750
24202,4750
30306,4750
34024,4750
34576,1465
39689,1465
42303,1465
45370,4750
51058,1465
54306,1465
54716,1465
5562,1465
74550,1465
80462,4750
81776,4750
83485,4750
86759,4750
98502,4750
85164,52
410,16
54312,16
10885,60
124502,60
14882,60
25468,60
27900,60
29865,60
31173,60
36182,60
45832,60
55089,60
55114,60
70285,60
73333,60
82389,60
13038,79
1426,79
18833,79
19112,79
21175,79
264,79
31159,79
31570,79
34593,79
36787,79
39247,79
40680,79
47285,79
79642,79
1094,82
117674,82
32213,82
35247,82
38440,82
4248,82
47592,82
56331,82
59238,82
7427,82
8317,82
86784,82
94201,82
1073,15
21042,15
28947,15
30059,15
38434,15
39102,15
43274,15
53173,15
58205,15
61087,15
6237,15
691,15
72476,15
89708,15
111881,533
131789,533
1474,533
175709,533
20444,533
31182,533
47543,533
52530,533
5636,533
57051,533
58163,533
82009,533
9354,533
99331,533
1116,65
224884,65
258,65
31169,65
31610,65
31864,65
32779,65
35493,65
38267,65
42783,107
44567,65
45464,65
45986,65
60028,65
82110,65
111455,18
13023,18
1428,18
19305,18
26063,18
32711,18
42234,18
47587,18
568,18
62915,18
7028,18
72522,18
74857,18
82113,18
140682,232
34421,932
24054,6414
31348,6996
44411,6414
57856,6996
154051,5724
22851,190
119235,2282
20852,2282
36877,2282
118014,28643
73138,157
13041,498
151471,601
26194,3508
41208,2727
11354,465
12398,903
21416,2451
234161,2451
43310,43
72518,43
93862,43
132764,371
42611,2759
69429,2759
74982,371
21419,370
39710,2578
95987,370
120967,987
89516,2553
12142,1041
14951,1095
24661,1041
72479,1041
33905,1421
57170,595
65177,1421
80293,1421
112022,1158
118022,969
138171,1158
146099,1158
5299,1158
54933,1158
5539,969
5664,1158
122374,14171
15567,3911
22636,3911
170481,415
34758,618
36039,415
147487,1423
165400,417
214219,417
5376,417
5521,1423
11680,1039
13583,1039
136589,1039
14007,1039
14031,1039
14066,2288
15929,1039
24862,2288
26276,2288
28810,1039
29152,2288
31067,2288
31552,2288
3467,1039
3698,1039
37011,2288
3966,1039
39700,2288
40043,2288
45287,1039
4592,1039
51681,2288
58993,1039
61891,1039
66550,2288
67355,2288
67416,2288
70789,2288
132098,148
14221,148
17273,762
18310,148
18900,762
26443,762
27114,148
29434,762
30670,762
3156,148
33027,762
33478,762
33952,762
3476,148
37442,762
3875,148
39381,148
40205,762
4192,148
43261,762
49409,762
61832,148
74590,148
84344,762
90466,148
95424,148
102258,405
110861,405
12691,379
13239,405
1368,379
21496,405
22165,405
25523,405
30697,405
3146,405
3179,379
31835,379
34672,379
34838,405
3692,379
37526,379
3775,379
3950,379
46831,379
49693,405
50362,405
61561,405
61592,379
62638,405
70950,379
9218,379
9413,379
98240,405
12124,512
12628,1032
13616,512
13683,512
14041,1032
14047,1032
15074,1032
16716,1032
25366,512
2998,512
30379,1032
30456,512
3306,512
33873,512
35855,512
3634,1032
3788,512
4072,512
4112,512
4233,1032
43853,1032
45861,512
46106,1032
47768,1032
58361,512
65976,1032
69653,1032
126321,11
15185,11
15378,11
15799,11
15904,11
16576,289
26763,11
31720,289
33481,11
33713,11
3540,289
3548,289
37157,289
37171,289
37363,289
4015,289
42411,289
44058,11
44792,11
50057,11
50219,289
61644,289
66333,289
6710,11
68183,289
7451,11
82442,11
85935,289
104725,1123
12127,1123
130108,931
13412,1123
13427,931
1662,931
19368,931
22614,1123
24589,1123
25553,931
2874,931
29712,1123
29975,1123
3220,931
3259,931
3357,931
3580,931
37934,931
39642,931
43193,1123
45395,1123
49327,1123
51040,931
5352,931
67252,1123
67303,1123
67322,1123
67346,1123
12516,984
13572,984
18324,984
25248,984
27614,984
36814,984
37304,984
40567,984
4070,984
45272,984
45330,984
48066,31
51452,31
5652,984
7330,984
96341,984
15676,524
170644,2381
21086,2381
21108,2381
27861,524
29262,524
29678,2381
3059,524
32380,2381
33794,2381
33796,2381
34531,2381
35275,524
35278,524
37920,2381
45327,524
49838,2381
50483,2381
53556,2381
56772,524
58621,524
64016,524
7023,524
7309,524
73480,2381
76281,2381
83560,524
95967,524
13389,449
16816,449
21370,1506
28124,1506
28719,1506
3132,1506
32844,449
33570,1506
34171,1506
3531,449
37091,1506
37839,449
38768,1506
40059,449
52979,449
55366,1506
55839,449
56386,449
56528,1506
58830,1506
5967,1506
70131,449
7345,449
7444,1506
76176,449
831,1506
8491,449
85291,449
10121,36
114466,2292
15454,2292
18093,2292
18828,36
27539,2292
2899,2292
29412,2292
32611,2292
3914,2292
51894,36
58713,2292
58879,2292
7087,2292
80814,2292
8709,2292
92899,2292
119878,940
119905,940
127457,940
138803,1084
14192,1084
15715,940
17491,940
19948,1084
22550,1084
238291,1084
29055,1084
2963,1084
30677,940
3172,940
39151,940
45646,1084
51545,940
5513,1084
57922,940
58341,940
58874,1084
64419,940
64545,1084
72047,940
72087,940
7663,1084
85288,1084
15956,368
16595,3709
184218,368
18644,368
25812,368
26065,3709
2623,368
32467,368
34370,368
35539,3709
35562,3709
37399,368
45305,3709
45314,368
51587,3709
57791,3709
57818,3709
57866,3709
58001,3709
58178,3709
60889,368
65301,3709
69819,368
7593,368
7717,368
7781,3709
93664,3709
99632,368
112668,237
139895,237
141835,714
14342,237
147483,237
15955,237
176298,237
184767,237
198047,714
203043,237
203108,714
28005,714
3495,237
35540,237
38817,714
44139,714
45639,714
51046,714
53332,714
54996,237
55135,714
59558,237
63290,714
72310,714
72315,237
7486,714
7723,237
9335,714
4359,192
4519,192
52059,383
47737,132
99508,132
166959,1269
185566,200
50055,200
80708,200
81789,1426
4563,234
13150,2425
138649,1301
168672,2425
173835,2425
190185,2425
212899,2425
238223,2425
34077,2425
43076,2425
65692,2425
69458,2425
70359,1301
72643,2425
74314,2425
75116,2425
79128,2425
100240,1075
110074,294
124028,1075
127822,294
131505,294
13230,294
13862,1075
14127,1075
20394,294
25101,1075
3411,294
3480,1075
35047,294
35242,1075
35939,294
36350,294
40858,1075
45025,1075
45596,1075
45865,294
54470,1075
55255,1075
56066,294
57834,294
67967,1075
70934,294
84491,1075
84535,294
16120,458
16137,458
42744,458
47544,458
52903,458
5501,458
56609,458
5870,458
6097,458
70574,458
76608,458
80351,458
85825,458
90489,458
105521,252
16744,252
19438,252
19708,252
21955,252
22186,252
29213,252
45565,252
47085,252
5755,252
5854,252
5878,252
83891,252
86926,252
112962,1025
142370,1025
144779,1025
16888,1025
19083,1025
20378,1025
23197,1025
28868,1025
30333,1025
35703,1025
38602,1025
56854,1025
62751,4361
85066,1025
119164,800
19435,800
29604,800
30687,800
30873,800
33218,800
35865,800
38824,800
57280,800
57295,800
5889,800
6012,800
85208,800
111819,430
121756,430
143559,430
19998,430
21859,430
23284,430
37918,430
40372,430
46104,430
5896,430
61546,430
69374,430
91970,430
101213,1038
16117,1038
16891,1038
22598,1038
26263,1038
30690,1038
33571,1038
34336,1038
44834,1038
54916,1038
56790,1038
63186,1038
7096,1038
76329,1038
124559,416
130360,416
20726,416
21769,416
22149,416
28827,416
28936,416
42345,416
46552,416
48002,416
54906,416
5868,416
6721,416
19946,1627
20005,1627
21887,1627
30853,1627
35491,1627
38584,1627
42417,1627
47646,1627
52328,1627
55993,1627
5890,1627
5925,1627
6033,1627
112552,862
21770,862
21891,862
21942,862
21954,862
22210,862
24606,862
29316,862
35645,862
38591,862
5928,862
5970,862
5976,862
6076,862
140748,1390
21861,1390
22948,1390
28862,1390
29962,1390
35733,1390
41982,1390
49275,1390
52428,1390
60128,1390
6160,1390
87210,1390
92141,1390
110577,2921
110923,2921
140138,2921
146752,2921
160825,2921
20941,2921
23163,2921
44720,2921
58345,2921
6717,2921
72237,2921
8206,2921
88706,2921
68815,42
50135,44
103547,41
16624,41
1726,41
1784,41
18918,41
19354,41
30308,41
30418,41
38100,41
53536,41
58379,41
69396,41
88721,41
91845,41
1139,39
1363,39
142281,39
26486,39
2923,39
30070,39
34787,39
39106,39
39426,39
40937,39
45660,39
49734,39
51176,39
6287,39
1277,86
27805,86
31007,86
34322,86
37981,86
41384,86
42033,86
42079,86
42936,86
4687,86
60632,86
74295,86
75489,86
88755,86
14533,24
1496,24
1565,24
24155,24
332,24
33729,24
35183,24
37247,24
44466,24
447,24
45672,24
49730,24
53437,24
98249,24
1075,38
11268,38
1568,38
20778,38
24232,38
2712,38
31216,38
31218,38
34285,38
51972,38
53408,38
6457,38
8640,38
886,38
1150,4
14334,4
30942,4
3441,4
38746,4
42463,4
45662,4
49723,4
60957,4
65255,4
7358,4
823,4
86175,4
92180,4
16833,33
27800,33
39020,33
40478,33
46972,33
55508,33
55510,33
58489,33
598,33
6636,33
6645,33
82105,33
85148,33
9543,33
82018,2
48634,3725
75209,121
102580,964
138292,6992
59896,10690
59982,4482
148355,678
146889,3426
15055,2414
57196,172
73846,3057
193584,273
20410,40
98334,273
23934,583
25508,583
44687,1147
45235,1147
55215,583
57144,1147
111026,750
52893,750
77826,750
13640,180
181579,180
22801,180
28973,180
31553,180
33829,180
40204,281
4241,281
43530,180
45146,281
4624,180
47995,180
49542,180
49655,180
53360,180
56818,180
57079,281
85177,180
13168,631
14081,1071
14259,1071
19641,1071
26066,1071
26633,1071
3791,1071
39010,1071
41416,1071
45333,1071
59783,1071
59866,1071
62240,1071
85314,631
8552,1071
9508,1071
109217,6890
136304,114
154319,6890
16064,6890
16499,6890
16589,6890
16791,114
177038,6890
24379,6890
26936,114
29622,114
3256,114
34159,6890
36200,114
45214,114
54175,6890
54177,6890
58381,6890
58602,114
64997,114
6866,6890
7264,114
7346,114
7445,6890
77710,114
77966,114
8680,6890
9824,114
117586,3205
121528,3205
137616,3205
17872,3205
19953,3205
21480,20
24337,3205
37713,3205
37944,3205
3817,3205
47199,3205
56518,3205
85176,3205
91945,3205
9621,3205
14514,2323
18646,2323
20346,2323
2148,3216
21522,3216
22109,2323
28698,3216
29387,2323
30431,2323
30476,2323
30846,3216
32441,2323
35509,3216
37095,3216
45701,2323
46252,3216
46658,2323
57255,2323
57850,2323
58749,3216
66405,3216
6917,3216
7072,3216
7088,3216
7194,3216
74648,3216
87381,2323
9339,2323
125781,681
141834,131
15693,681
158863,681
15951,131
18944,131
19981,131
28003,131
28171,681
35560,681
35773,681
37892,681
40423,681
47647,681
51426,681
59344,681
65230,131
65278,131
69751,131
73319,681
7589,131
7594,131
7600,131
7607,131
7980,131
87469,681
8806,131
89330,681
108390,13
16402,3368
21369,13
214775,13
220805,13
22568,3368
22969,13
25412,3368
33357,13
33448,13
34601,13
36756,3368
37917,3368
39087,13
39152,13
39907,3368
42935,3368
45383,13
51510,3368
54928,13
65331,3368
65467,3368
7468,3368
7568,3368
7828,3368
84511,13
8538,13
9091,3368
113045,150
126625,150
155395,150
188853,150
23287,150
25316,150
29124,621
40888,150
44700,150
44860,150
45882,150
52469,621
53239,150
57825,150
69609,150
70898,150
99343,621
13217,1049
14132,418
15452,418
18922,418
2050,1049
20506,1049
23914,418
25557,418
28260,418
33648,418
34870,1049
35664,418
38954,1049
39153,418
3979,418
42373,1049
45320,418
50143,1049
5404,1049
56067,1049
57162,1049
59561,1049
61253,418
62920,1049
7476,418
77003,1049
8198,418
9819,1049
201637,202
31880,403
81346,403
88388,403
132014,1090
137669,1304
56611,1090
188905,1268
238536,235
83947,235
104597,467
111195,610
30668,610
69633,610
72943,467
119272,982
127610,982
131163,1085
13147,982
14262,1085
162532,982
17370,1085
177544,982
22555,1085
25175,1085
31003,982
33739,1085
37947,982
45372,982
48601,982
52676,1085
53842,1085
56046,982
67804,1085
72896,982
72939,1085
73427,1085
84711,982
95267,1085
96731,1085
99510,982
114130,979
129670,2995
13122,2995
134371,979
14365,979
158375,979
162819,979
168674,979
17372,979
18878,2995
193515,979
19375,2995
239053,2995
28891,2995
31027,979
34006,979
41786,2995
41932,979
43860,979
44172,979
44699,2995
44778,2995
53841,2995
62233,2995
72772,2995
76948,979
84318,2995
85774,2995
112988,336
118413,2420
123349,336
13213,2420
135057,336
160910,2420
174842,2420
18981,2420
20081,336
215876,2420
27471,336
41355,336
4489,336
45026,336
45599,336
52322,2420
53309,336
56810,336
61764,2420
63837,2420
64992,2420
67925,2420
74600,336
84486,2420
90367,336
91887,2420
93176,336
103370,2424
103585,720
159100,2424
204453,2424
22440,2424
23265,2424
237678,2424
238488,2424
24843,2424
344627,2424
34730,2424
38662,2424
56798,2424
79960,720
80562,720
92117,2424
9830,2424
140554,511
142122,511
162961,1387
21701,1387
21872,1387
22268,1387
23367,1387
25318,1387
28026,1387
34211,1387
41989,1387
55001,1387
56036,1387
6075,1387
6157,1387
2514,27
532,27
124891,2439
124234,4128
95759,173
12763,29
13507,29
13520,29
14086,985
19726,985
25742,29
31645,985
3332,985
33544,985
3356,29
33706,985
3397,985
3404,29
3614,29
3620,29
3878,985
39679,29
42413,29
4267,29
4315,29
4321,29
4380,985
5285,985
59377,985
67063,985
68390,29
73484,985
81785,985
10143,141
113938,141
13058,141
159029,10484
17465,10484
1792,141
1841,10484
29494,141
299,10484
325,141
33797,10484
35026,141
35537,141
37736,141
4383,141
44759,10484
47604,141
51191,10484
51596,10484
55619,141
58088,141
6585,10484
6590,10484
6968,10484
7152,10484
76749,10484
77707,141
7937,10484
126666,589
137611,820
17184,820
174563,589
177031,589
21488,589
33789,589
35265,589
37722,820
37949,820
38339,589
39564,820
44398,589
44608,820
44979,589
46056,820
46904,820
4902,589
49795,820
51350,820
56372,820
58816,589
7054,589
73627,820
755,589
80205,820
85783,820
933,589
15808,142
183647,142
225462,142
230210,366
27924,366
32622,366
35512,142
37403,142
40442,142
46215,366
49802,142
51504,366
5169,142
53301,366
56059,142
56543,366
58013,142
58112,366
73083,142
7818,366
7841,142
8108,366
8323,366
85258,366
92813,366
95483,142
95488,142
10289,367
111508,16795
128295,367
128488,367
16893,16795
182963,367
211251,16795
23247,367
35515,16795
35536,16795
44073,367
44373,16795
46006,367
47184,16795
51474,16795
56134,367
58076,367
58774,367
60890,16795
65060,16795
72415,16795
73244,367
75238,16795
7923,367
8184,367
81998,16795
85289,367
96533,16795
134098,331
137174,331
15568,897
15761,331
23102,897
25106,897
28002,331
29170,897
29178,331
35035,331
35600,331
37388,897
44735,897
51532,331
51713,331
57522,331
63056,331
64339,897
72189,897
72195,897
72768,897
72779,331
7480,331
7492,897
7501,897
7572,897
7612,897
7739,331
122115,1436
122258,1436
13823,1436
138651,1436
158380,1436
158427,1436
167976,1436
22546,1436
29366,2990
35640,1436
45126,1436
45128,1436
52480,1436
74200,1436
84700,2990
86645,2990
46162,699
3270,36
65921,36
66058,338
94199,18
126665,1082
91849,190
27511,631
61447,1032
78733,2742
59038,18303
92845,18303
155275,21216
29401,418
34495,131
40433,131
44501,418
92640,12302
130264,8838
70919,16296
36364,713
66008,713
108484,410
112302,410
134602,1075
19694,410
32816,410
37278,410
39784,1075
45124,410
54183,410
56903,410
5793,410
5893,410
6031,410
6750,410
73786,410
76092,410
16651,1084
58923,265
7782,1084
28163,79
129554,1090
105811,3060
10642,762
127826,3060
137841,762
158697,762
18429,3060
18927,3060
204354,762
25368,3060
25841,3060
30428,3060
33785,762
34289,3060
3562,762
39909,762
42425,3060
44983,762
51984,3060
5470,3060
57013,3060
62094,762
67831,3060
79132,3060
121985,46
13749,46
18301,46
6058,46
18870,1091
59059,170
93128,1184
31131,383
84162,383
128909,31
175737,31
131589,244
45121,244
4698,336
1791,449
28984,449
31867,449
36478,449
40500,449
56747,449
10,398
102192,398
131709,398
20913,398
22139,398
22318,398
25488,398
26456,398
30638,398
52897,398
52918,398
6043,398
61449,398
6438,398
73908,20
7423,20
108636,1017
41654,687
164575,987
2233,3368
26373,3368
79422,3368
41328,195
130345,312
34372,40
14128,1301
121404,234
182554,234
38805,2410
63384,42
2150,16
41885,10690
94296,2778
123305,14171
165351,14171
44417,14171
5357,14171
17374,4750
22723,4750
23307,2990
2587,10484
3458,1506
44742,10484
50657,1506
118428,192
171209,18
31041,533
4607,18
9340,533
13979,82
1667,82
3530,82
48859,82
153739,60
21227,39
38415,60
59491,60
77920,60
21101,167
31451,167
58437,38
72203,38
91841,167
18100,4
41458,41
42044,41
96806,41
3942,24
43512,15
53533,24
78553,24
29997,65
43012,65
61591,65
89591,65
94674,65
82201,121
65072,232
103523,2703
55737,6996
58389,6996
59950,6996
91479,6993
49016,6992
8421,190
96193,172
121577,520
17930,204
86271,520
111964,28643
4742,28643
62180,28643
13090,2727
33868,58
72567,58
77757,58
86054,58
1327,379
15921,379
192765,2288
4075,2288
33639,29
61572,405
61575,405
62642,405
18871,1071
40822,1071
3406,985
4115,931
51318,931
61892,985
27505,984
3461,148
36608,984
43250,148
8883,148
6150,762
23218,1123
33484,1123
33783,1039
33951,1123
4205,1039
44913,1123
46154,1123
9813,1039
148558,2553
174229,2553
42874,2553
60916,1519
62170,2578
132202,371
156140,371
93873,371
154199,1158
17675,1095
5339,1095
9239,1095
122797,1147
130110,1147
125868,1421
127766,750
28987,750
57545,1421
170903,415
51285,1159
161869,1082
170953,417
23898,1082
30757,417
57343,417
145707,720
85753,2420
103793,1075
13957,1075
14349,1075
157818,1436
239033,1436
59938,1075
77752,1075
18006,940
37501,681
47648,681
51550,940
57808,940
99352,681
129495,142
129753,142
61869,142
63209,142
72935,714
126737,1084
210142,237
38270,1084
39783,237
131248,150
221899,367
71904,150
114499,820
161093,19771
200119,19771
43297,820
105653,36
45671,524
69005,524
105379,3216
138409,3216
15821,3216
44997,825
129696,200
83946,1269
151540,1268
36080,610
5017,610
77964,132
156896,2672
16375,2672
16599,2672
18999,2672
19638,2672
212623,2672
26162,2672
27494,2672
34284,2672
43518,2672
45397,2672
50200,265
51956,2672
67836,2672
68418,265
81636,2672
9841,265
118056,2441
128361,2441
17228,2441
191856,2441
192409,2441
194620,6676
231907,2441
234793,2441
36423,2441
39089,2441
50552,2441
57016,2441
57021,2441
65321,2441
96452,2441
129200,21957
136747,2671
15150,21957
16191,21957
164735,2671
193945,21957
193955,21957
24861,21957
29896,21957
34204,2671
36007,21957
36107,2671
47435,2671
49038,21957
51951,21957
54714,2671
58494,2671
65044,2671
67071,2671
67074,2671
67078,2671
75647,21957
75820,21957
95289,21957
96444,2671
96661,21957
9737,2671
9761,2671
109598,410
119228,410
129868,410
21490,430
24316,430
28833,410
5957,430
73926,410
111039,130
124769,506
145581,130
19136,506
22131,130
22141,130
28020,130
28022,130
29594,130
30767,130
34239,130
44709,506
45567,130
46062,130
5993,130
74667,130
84545,130
107550,511
12746,511
1321,33
4357,33
149249,2700
104643,4128
55546,4128
78725,2696
54816,3592
81349,3592
164247,2477
228847,2477
30732,2477
52787,660
74089,660
94928,339
59984,6994
60941,6994
135208,206
182284,1177
201497,1053
22753,2282
51529,2282
83230,1411
13368,157
143424,11
31642,512
3195,512
33781,11
92109,512
102427,31
3202,281
105695,43
46109,370
111057,618
12134,618
22053,3911
28307,618
56794,618
57216,3911
182913,583
33572,40
33942,40
3525,583
7602,583
8885,40
113527,1465
13157,2995
159570,1465
25211,2995
197154,979
234773,982
56183,982
13166,1085
14511,294
165402,1085
18592,1085
175377,2424
51099,1301
158795,331
58789,331
126719,1049
19979,897
51118,1049
128223,418
7881,3709
53077,368
67089,368
7353,16795
7563,368
41007,2292
6860,2292
29672,6890
21245,114
34987,141
3573,114
52270,114
60709,141
155806,1304
195359,306
64507,1090
90024,306
18001,403
4570,317
110906,202
124866,202
124888,202
13612,2079
14520,683
16394,2079
164498,2079
164500,2079
17220,2079
179481,2079
18542,683
19013,2079
20903,683
24977,683
25721,683
29039,683
34226,683
34944,683
3534,683
39003,683
39831,683
40417,2079
41112,683
44170,2079
52403,683
67066,2079
72218,2079
73700,2079
7682,683
97738,2079
9871,2079
101254,653
125029,653
128011,128
164756,653
165354,653
19439,128
206573,653
20750,653
236017,653
28850,128
34195,128
34706,128
36119,128
42938,653
46236,653
54793,653
5688,128
58312,128
6073,653
6251,653
67955,128
69576,128
72490,128
79276,653
86775,128
87423,653
96464,128
9743,128
12895,5219
132024,5219
132647,5219
13849,5219
159003,3060
163736,5219
16531,5219
17239,5219
18929,5219
28490,5219
3201,3060
52390,5219
5336,5219
57180,5219
58697,3060
66114,5219
77519,5219
127236,7185
12900,7185
136748,7185
148967,1091
214441,1091
25668,7185
26569,7185
28716,7185
34299,7185
37783,7185
51954,7185
55879,7185
57368,7185
67069,7185
67072,7185
96092,7185
12149,398
21763,800
22186,800
52585,800
54794,800
55957,398
7499,398
112343,1025
2926,1025
35805,862
37295,862
6233,862
62379,1025
15888,252
28817,1390
66280,252
74943,252
105625,1627
105892,1627
111630,12
125251,12
130365,12
185593,12
21876,12
30593,12
3417,12
37389,12
4311,12
44162,12
53288,12
54929,12
57354,1627
5947,12
5958,12
83458,1627
17127,1387
21690,1387
33042,416
55769,416
15511,5
16922,5
17396,5
19446,5
19447,5
20586,5
22203,5
3507,5
35871,1038
37418,1038
43084,1038
43760,5
5507,5
5856,5
6792,5
88682,5
94529,5
122582,2921
164091,2921
184894,46
52266,46
5962,46
92701,2921
133964,6195
19182,6195
19437,458
21756,458
4793,458
54818,458
6427,6195
75127,458
89718,6195
9967,6195
106628,12438
113230,12438
134497,2439
51903,2439
27644,678
121483,2425
14263,2425
150568,336
38780,2425
16635,13
21725,13
37337,13
44779,13
74229,13
24502,3368
56831,366
72286,3368
8746,366
176961,3205
202245,589
26014,589
30710,589
33530,589
58829,3205
82713,3205
114530,169
118058,605
127693,605
12938,169
136643,605
17212,169
17217,605
17225,605
187800,605
187959,169
191854,169
192124,605
196238,169
234133,605
234137,605
238890,169
25719,169
27583,605
34193,169
42977,169
44629,605
60164,169
63489,169
67067,605
67704,605
73658,605
9694,169
9707,169
84481,1075
103310,79
21972,79
27394,131
27992,418
68645,131
101201,190
93047,2725
78819,5776
73090,46
1613,1091
52811,1184
123521,383
36233,383
4391,383
4451,383
77845,244
25617,336
37712,336
30097,621
54217,621
60779,621
162957,398
63824,398
7797,398
15894,306
7542,3368
91254,987
147881,1301
197580,865
48868,865
83002,42
76560,762
5782,13
184071,11126
29246,964
48495,11126
48867,964
3978,6996
41362,2227
42621,6996
22831,5817
55378,1053
1684,65
19548,39
79503,65
85352,39
159908,825
86612,825
181417,820
45005,820
66596,2323
75296,820
151494,1268
28393,202
112648,2671
138141,2703
72496,2703
119476,1083
29745,3725
82130,2698
18860,6992
94923,10690
88102,2783
9779,3592
55042,1421
14948,618
34532,595
44688,595
99946,1095
49804,1159
127076,750
38473,969
3569,1041
51226,1423
153508,1177
112737,566
129787,28643
13047,28643
132398,520
132407,520
110671,3508
151870,1411
185354,3508
59713,172
96227,157
13465,148
19368,148
31579,289
35099,289
7337,2288
81796,2288
177321,281
28878,1039
3118,1039
44065,1039
88067,1039
36866,984
39532,29
121236,379
3548,931
48066,379
65,931
129688,1071
24634,1071
28990,512
158938,370
192557,371
186494,2553
65464,2759
25785,24
27611,533
38383,533
1986,4
34783,38
38000,86
40633,41
63737,41
15760,33
16649,33
16968,167
53696,33
138927,15
41369,60
61375,60
58267,720
160681,1465
34951,1465
45617,2420
68442,1465
72835,1465
126716,3709
15461,3709
15983,3709
61743,897
187759,237
76701,681
175446,940
29122,331
7611,1084
165711,114
81563,1506
83275,1506
9422,114
38178,2292
45004,10484
58620,2292
67638,10484
141737,589
29411,589
121271,3205
30304,3205
38195,19771
85238,19771
154274,192
38004,403
131238,467
21552,1269
31116,1269
41511,1269
211331,235
136641,169
136749,169
160893,169
16186,2079
42296,2079
143850,2441
190719,2441
58778,2441
59621,128
191957,21957
24975,7185
131075,5
157501,5
17130,1025
44675,5
4672,5
5818,5
5878,1025
21748,416
21779,2921
34453,2921
6090,2921
84846,416
99345,2921
25013,10688
202523,6432
58950,6432
192774,16704
38340,2439
59908,339
91365,6994
120091,244
126687,417
30758,417
60583,417
111627,1082
41609,173
14960,206
14963,3426
41191,3426
97343,3426
13292,1184
187329,1184
36586,1184
61336,1184
118732,601
70305,498
98283,601
179184,3057
37148,405
39471,405
31095,31
54275,11
76277,11
22491,985
3235,985
50935,985
55709,180
52910,82
72457,82
72638,82
44017,27
51282,79
24713,2995
126956,982
191190,982
61194,982
74683,294
131933,2425
51853,2990
60799,2990
112985,1085
128833,2424
17592,1085
32567,2424
56095,2424
242267,1436
246267,1436
153238,1049
57515,1049
7575,1049
58070,16795
124560,714
213260,3368
59323,714
8019,714
19057,368
221658,368
227965,367
71801,367
45335,366
110692,524
114508,524
8073,449
66953,2381
67797,2381
26460,20
35530,20
4425,499
124761,1426
19402,1426
25807,1426
79121,1090
164928,610
70170,306
139735,605
187798,605
231908,653
26876,653
46717,605
52396,653
87546,605
96788,605
128931,683
132244,2672
152846,2672
19719,683
24805,2672
62481,683
7776,2672
20887,5219
50470,5219
64393,6676
75446,6676
20730,1390
22093,800
22123,800
22249,800
45717,1390
160357,252
30584,252
5825,252
15342,12
54859,46
62415,12
88683,12
206050,458
57389,458
109256,430
47085,430
22594,130
28855,130
6722,130
16651,1038
16902,1387
30505,1387
126422,410
19442,410
22328,506
27807,410
29260,506
12840,511
14678,43
26357,932
104705,3733
157391,3733
110375,28095
188588,1091
157548,3345
2726,2990
44171,2990
85766,2990
128363,5219
186342,5219
5439,128
63491,5219
244152,2424
69441,2424
98320,2424
35529,7971
71548,7971
8187,7971
124286,2448
62966,5358
181477,472
174859,16492
17352,1465
213351,976
48703,1465
32860,3725
35047,964
48583,964
80562,964
176413,2477
43845,415
27390,1421
15131,173
164658,3426
14186,2759
193081,1519
54651,2759
15052,82
26669,167
34579,82
45674,167
48560,932
52406,2698
28261,232
3730,232
48486,2439
25758,339
179624,4482
19702,6414
127349,10690
41037,10690
59265,10690
4217,1423
170495,618
24105,750
83910,750
57349,3911
110622,14171
17880,14171
773,14171
22377,1095
37763,5817
62462,5817
102226,3508
86876,2727
134567,498
169029,520
42717,520
105352,172
124025,172
143223,172
104597,58
20362,354
24233,354
59872,157
75554,157
33894,1184
52506,1184
80073,1184
3130,289
50174,289
1397,512
18301,281
31552,281
3291,281
36350,281
73734,512
132098,1123
7858,379
22412,1039
59866,631
134424,985
38003,985
42412,985
116655,931
123742,180
74869,11
81789,180
44760,2288
46220,2288
50201,405
91317,405
14641,2553
117679,2451
170321,465
101015,371
13946,2578
58001,371
25441,79
2950,38
56711,4
39027,65
94005,33
9543,65
32618,86
51168,15
53058,15
24856,39
150948,1084
215,1084
29187,3368
141835,3709
60444,131
74230,3709
30982,940
32522,1049
126516,368
127189,368
157588,1506
58855,1506
6934,20
7402,1506
90937,1506
30666,524
66788,10484
76728,10484
22952,141
3165,141
50774,589
63204,141
1443,610
16135,610
225886,235
16731,317
203914,403
88262,317
47740,1426
48516,1426
82999,1426
97241,467
27811,1269
29594,234
34129,234
64352,234
141456,2079
14523,2079
176860,2672
58064,2079
9684,2079
104752,683
46110,683
77484,2671
14551,265
16420,7185
16533,7185
3926,7185
96787,7185
96812,7185
9836,7185
16631,5
20920,800
62751,800
21935,458
55801,1390
84921,1390
12802,511
3205,1083
4216,1083
52269,121
6176,1083
55295,2703
23914,2700
49676,2700
55396,2700
59352,16704
177291,2227
48508,2227
91359,6994
20622,1041
37838,1041
5879,1147
67084,1041
127181,1158
154171,1158
179408,273
5648,273
56802,1159
68826,2414
83882,206
22479,5724
37525,5724
141655,3057
83945,566
27577,148
61842,148
66219,148
95976,1032
2358,533
38410,60
81999,533
4192,41
100009,336
9645,336
25411,237
30747,331
32568,237
63040,331
35548,621
99355,714
164816,142
25942,142
29237,142
59375,681
18958,367
16124,897
60517,16795
119298,820
6949,825
39073,449
6994,2381
98131,449
33820,6890
36813,19771
52212,6890
52891,6890
13168,36
29262,3216
122011,1090
131821,1090
55444,200
86270,200
112674,499
212458,2441
22972,605
37875,2441
68441,2441
7821,605
29035,398
44317,862
96853,862
171336,1627
21756,430
51186,1627
5980,430
135560,252
54935,506
5946,252
5948,252
99227,252
16868,6195
21752,1038
22320,2921
94305,2921
181767,12
19636,1025
23345,410
32966,1387
41311,1387
46477,410
72587,1387
76077,46
34602,12438
64208,4128
38682,11126
52322,2696
60653,11126
75209,11126
166460,678
3276,762
108636,150
17555,150
186891,150
199132,150
47722,150
64484,366
7803,150
111063,2323
35029,2323
35884,3205
56587,2323
58534,3205
83943,3205
37899,2292
162261,169
46046,653
29241,583
5474,583
98428,683
40428,1084
5422,5
143559,281
164770,418
5588,418
43722,506
122946,294
75442,294
83466,294
3547,985
130666,1085
111961,31
128912,31
28285,31
57275,31
148928,13
51535,13
51710,13
197149,2990
67815,2990
18894,244
3292,244
82863,18
193469,2282
198728,40
39037,762
62052,762
92381,762
156140,272
16744,6195
6442,6195
73097,6195
126540,1041
121280,148
12906,398
17965,148
61834,148
79355,15
121686,195
56643,16704
7970,5817
19385,24
118309,2420
139337,2420
186357,979
232096,979
63308,2420
80599,2420
114735,1506
16693,589
45001,589
215336,200
25001,121
36040,4128
44432,121
74865,4128
153033,3725
197857,3911
36291,1423
37516,3911
43975,1423
93732,273
111511,595
45548,583
126530,1158
14879,5724
129579,204
140799,204
72829,204
156304,1411
124628,566
28245,512
13426,1032
14178,289
61711,1071
124983,29
91956,29
195488,180
4094,180
90964,405
72504,43
160354,2451
213114,2553
1772,38
35383,39
50135,39
187860,1436
58957,1436
81455,720
7763,142
7901,331
31050,150
16698,3216
36189,1304
19715,169
126359,128
72648,6676
73137,6676
122153,506
34557,506
50477,130
6234,130
120976,371
81831,371
48706,2439
66415,40
90297,206
34116,173
15961,190
48858,1177
38963,2282
18514,172
108880,533
141444,2995
37398,982
197170,4750
43754,4750
45306,4750
54470,294
122702,1075
30543,2425
55994,2425
48931,366
5794,3368
6915,19771
7373,141
7215,2292
33671,1268
132730,653
230968,2441
9847,2441
18923,2079
25395,2079
34300,2671
46845,2079
46040,5219
97159,5219
2138,7185
16870,1025
5936,2921
74253,1025
114341,252
17735,5
34344,5
9775,338
225632,6996
146692,6414
14945,6414
201671,2742
204406,6414
58445,16296
111074,2740
58977,2740
91801,2740
123366,4482
54565,4482
59425,33209
36238,6993
106306,339
58000,339
34405,6994
58947,6994
25754,2703
89027,336
120095,368
78950,24
690,39
101657,1435
182381,1435
153365,3892
88648,385
4327,235
204136,5724
29390,5724
161327,2778
216668,2778
232964,2778
3447,2778
41164,2778
44722,678
104516,4128
105478,4128
178957,4128
55420,4128
62049,42
104414,79
39724,86
49867,86
45542,467
109154,200
146227,610
187601,610
120170,403
39917,862
165894,252
82048,130
45168,5
68863,1038
3159,416
57506,202
64481,798
196158,499
74297,499
79294,499
214493,1304
126413,317
187293,317
81778,724
129544,133
153673,979
211305,979
59331,979
85771,979
171068,1436
123628,2425
184816,2425
188689,2425
244294,2425
80151,2425
95735,206
99894,206
135215,190
48868,5776
130614,173
93687,173
218085,865
44717,33324
107518,2698
148485,3714
16519,2698
54787,2698
104607,1083
129363,1083
55439,1083
180823,932
207528,932
234868,932
9646,932
98533,932
9915,932
214534,2410
48510,3691
60134,2410
79209,2410
25090,2439
55421,2439
183137,16704
25916,16704
89088,16704
146279,1186
96898,121
27706,12438
51903,3719
126337,232
137179,232
146210,232
61397,232
166240,383
25049,2696
126344,2703
181315,2703
190188,2703
292124,2703
336565,2703
48512,2703
129103,2700
173589,1082
41663,33
172181,2995
48583,932
92569,3911
56806,750
6119,583
110728,28643
56935,2727
13894,1411
38399,1411
34809,498
171234,180
9975,180
33822,1032
3666,1032
38145,1032
40614,1032
6106,931
9988,148
12384,1123
60949,1519
71130,2451
55851,370
61632,903
128103,2759
9493,2759
1144,18
29993,16
149717,336
53359,1465
71271,150
76076,681
89325,681
102432,10484
54148,10484
213028,1506
24819,467
5922,12
71302,130
9506,2578
226151,3000
80035,124
60964,3032
37676,3028
140507,3030
167061,3030
129983,653
240074,5219
175835,2441
68711,683
163809,2477
85953,3057
19721,984
61560,405
6893,984
151582,82
132061,982
44177,4750
48756,4750
73096,982
25827,2424
59368,2424
13872,897
3366,418
57876,897
28318,16795
67866,16795
29061,366
110686,3205
74776,825
55932,800
24001,1025
30654,1627
56853,1390
23365,1387
33442,862
99327,862
23097,1038
185691,265
25690,6676
217839,128
234850,21957
81589,21957
186614,605
27470,1039
16315,3709
180437,114
174488,2671
206421,2671
231172,2671
104606,232
175773,1049
64399,1049
76055,1082
128262,985
37835,683
120760,969
81163,610
25289,2995
257057,2995
39452,2995
95984,1053
205677,46
45581,46
118287,1041
67546,13
70280,18
837,18
215653,244
56796,244
83983,244
3115,40
86202,79
162952,2783
34773,3592
43886,618
5309,1159
78819,2778
3771,566
46185,566
45912,940
41372,4482
117481,2477
66319,1147
156618,1095
215528,595
55046,1423
12033,1421
236783,417
60530,417
43380,5817
87142,678
4384,2727
3176,520
113378,354
74544,354
110292,204
42284,1032
57500,631
66100,631
32617,281
40429,984
119544,370
34978,2578
33947,27
45448,82
67869,60
73960,1436
85763,1436
27453,714
34166,2292
36661,6890
54168,6890
152517,403
56491,1426
37850,306
192500,903
45331,511
45594,903
51699,1091
226014,2740
57971,6414
167329,1041
27862,865
65781,3057
86057,3057
50987,512
3719,43
122498,2420
151142,2990
55253,982
89726,621
44982,114
214231,3205
176439,20
41426,2381
7153,2381
107010,430
5768,430
91716,1025
61786,800
49521,1387
60534,1390
140032,169
99361,2671
234914,128
132671,21957
187914,605
20046,2672
214007,2990
172128,993
58046,660
132323,533
185077,533
91537,4482
205587,1423
66022,1158
126692,273
170472,273
5686,969
45254,14171
142924,3508
248338,3508
39825,498
182424,172
34556,204
159471,11
13979,931
15220,180
3995,379
61588,379
193116,465
119569,370
130819,1519
13702,2553
184123,2553
59016,27
55519,33
93844,16
107184,15
14974,39
145918,897
12249,1049
88528,366
12387,2381
33569,2381
6873,2292
98512,2292
49733,36
8689,36
186858,610
59594,1304
187809,132
214326,132
125250,1090
79193,1090
16810,5
37579,5
5812,398
133668,128
83700,683
189151,1091
68405,2441
38206,6994
59083,2740
31208,1095
80173,1147
2953,41
3851,167
85201,4
26574,331
58799,150
4371,142
62121,16795
164478,367
74557,714
7922,714
8163,367
55501,10484
55683,3216
161011,202
73668,306
35527,234
7288,1269
36356,862
59529,862
37633,416
52999,1038
5873,130
89503,2079
136578,2672
25684,7185
34929,2696
69906,678
44674,237
54984,368
65237,237
124550,294
15680,232
99922,131
7237,141
136514,683
12517,1084
47344,610
132401,19657
182305,5817
167501,21586
187961,21586
157003,21941
162632,9
182681,9
232086,33438
100586,3391
139590,24773
169551,1876
132297,6418
140155,1837
73725,1837
59340,148
197210,1301
56807,40
136547,33439
87415,3385
92158,9007
59253,6994
4208,167
75942,41
179478,2292
105506,232
62834,232
203851,2783
131918,1159
57342,1159
217115,417
69634,5724
1532,28643
203360,3508
15773,289
488,2288
26764,11
74223,11
71503,43
235780,2553
9524,1519
89659,39
39259,82
45376,979
221025,294
56777,294
57941,940
60445,131
76163,367
34169,2381
37216,141
136212,3216
64920,6890
138584,252
107544,511
234888,7185
24810,169
249217,2477
25734,339
17441,595
52332,1075
27300,720
15764,16795
126012,2323
60004,449
182574,234
18019,306
35853,1025
73092,1025
186664,1627
6026,398
109038,12
114340,410
86793,410
45644,1038
26105,416
28027,130
22810,3060
126360,128
191829,128
96881,2079
87689,21957
120443,336
58074,681
170838,36
68523,589
212430,265
96817,683
142281,3
9697,60
123,33
45986,254
221322,1049
7537,131
85370,131
249961,3508
38400,172
154351,28643
236202,566
140780,354
76387,800
73408,1387
72578,12
146596,1627
2421,15
45566,89
56789,129
119211,27
39717,27
80,27
106872,79
249619,9007
99189,9007
111185,610
182923,610
83944,383
195499,1269
177821,1304
214322,132
148361,2778
192541,2778
165012,418
44062,418
58884,418
89733,418
9828,418
132239,1084
247906,1084
7914,1084
21297,940
44859,940
57956,940
57800,16795
63695,16795
7669,142
127554,367
195604,367
37906,367
144702,121
15591,2410
13222,1465
39874,1465
45529,252
50587,252
4415,317
187298,306
4429,306
242747,5817
153579,2414
54921,3368
23338,331
54774,2448
59527,331
7519,331
94570,331
35462,3709
51547,3709
72201,3709
15500,150
238868,366
163654,237
210158,237
27683,897
56130,897
63293,897
7867,897
87856,897
27486,714
52432,714
73009,714
13845,3391
23959,3391
14119,964
106837,720
33537,1301
52848,720
59508,1301
167042,6890
24986,2698
163481,6994
58945,660
73396,417
89643,417
5627,14171
77145,28643
12704,1123
85706,405
4111,2288
121279,148
119194,4
2767,82
89592,4
204152,1506
134538,3020
95986,3020
151209,3024
126599,3000
172957,3023
93118,2795
74982,2760
120985,3012
62553,3194
240632,5219
19450,653
103261,3054
119033,2804
67369,350
177952,2805
9161,2454
60904,1020
3583,466
169934,1112
250064,2783
28511,1147
73458,1147
79723,1032
118847,15
136308,38
85339,820
25110,2323
13063,202
228818,1269
171399,1390
30882,430
28851,1387
28935,1387
240726,6676
183288,180
16955,449
108739,2079
103427,985
128901,31
145922,31
192585,13
12503,244
110723,2282
177859,336
118284,1041
44420,398
226155,15
271509,11126
124495,29
1573,29
95435,289
40613,180
24877,1071
3838,984
119574,370
149614,370
17689,167
4740,27
93805,533
213510,982
225742,982
4873,1506
159890,19771
202380,403
71085,1426
187299,467
191828,128
232949,128
179422,2672
234132,605
28643,2672
137203,232
55369,932
24700,1158
36294,1158
74615,969
4337,1053
192505,903
36914,15
165383,720
175722,336
57814,294
44972,524
114430,3216
68306,862
85093,458
88590,1038
172116,1091
96915,21957
129074,1074
8399,141
26200,6992
62533,6992
62610,338
178019,595
19119,595
203324,595
34053,273
13286,1411
94655,405
31751,65
17249,506
42940,5219
62501,683
157540,169
104203,1083
59060,3592
241119,1041
238628,244
23897,415
252641,865
129870,566
235755,566
4277,931
10504,114
251531,403
139655,192
21829,458
85393,458
89783,458
111524,430
77471,2441
37873,449
198976,416
129476,131
6288,27
17348,1082
117996,985
61887,985
91059,985
127128,969
127142,969
136130,46
201040,46
240197,46
41234,11107
118294,1041
107574,15
85946,15
94543,15
181376,244
111036,762
138267,1301
71420,1301
152873,204
56100,38
112237,2420
47310,114
10139,1506
207519,932
57208,1147
33314,601
49319,1123
44966,1071
119563,370
16230,2553
75407,4750
252005,2323
33363,467
237623,9007
5635,40
15216,2282
200799,2727
45368,2990
57847,2424
171362,897
46105,800
103004,2921
39690,2921
206559,5219
86751,5219
94924,6994
106928,2227
159773,1390
4095,289
14690,2759
160938,24
29220,24
31868,38
56510,38
131561,65
98322,418
162074,150
51383,367
88750,762
83188,60
146844,931
35251,631
156887,621
156891,621
176553,621
181113,621
67542,621
53139,1429
134382,1025
143863,1025
163325,1025
169511,1025
200190,1025
167811,862
48003,862
85537,862
56889,430
113612,416
21913,1387
57644,416
6807,1387
162063,1049
66099,131
162029,13
212391,3368
7512,3709
71905,368
148365,3426
94939,369
126284,169
187786,169
191855,169
233268,169
197678,653
231776,237
252636,865
272855,865
126278,5219
187915,5219
238836,5219
87544,7185
20623,265
212432,265
252437,265
9698,265
102272,2671
234237,2671
193069,2439
198473,618
4456,1269
55213,1627
179471,1027
252778,2740
166587,2783
75096,1159
127140,969
147457,3508
234193,2282
82350,39
85864,39
16843,65
132,11
29356,2288
12125,931
128287,405
130152,6676
16397,21957
36527,987
12569,1270
15163,1270
133436,2553
84979,1241
111830,3016
134530,3016
32273,371
62337,371
61559,3537
61823,2814
14754,1191
113888,10690
20463,1095
110660,3057
210921,202
252755,202
13114,192
82693,1038
37124,46
87463,1387
181136,410
22185,1390
54268,124
116655,1150
160217,368
122695,11
126195,11
19085,11
5293,11
199258,5
44832,1627
9832,631
129473,131
110475,1390
131109,2921
163243,1390
69212,1390
96758,2921
202838,410
123957,244
204347,244
238637,244
28306,244
52262,36
77809,18
86848,18
96167,18
170767,40
116272,79
147396,6195
200174,6195
207006,383
208552,1184
199902,46
76895,46
118303,1041
157166,1041
182877,1041
203532,1041
60561,1041
82112,15
85543,15
155158,317
256381,1083
240578,3057
7397,3216
139395,336
27346,336
271486,2696
149446,969
222642,498
77947,79
93707,60
14279,979
25550,1506
29631,141
148344,610
203167,1091
48119,618
253206,2778
253664,2778
202753,2414
37634,2414
3816,42
892,39
231192,128
129096,232
203784,1032
197747,12
127073,750
126910,595
191409,605
234135,605
16433,3060
27920,3060
56817,130
66112,1627
113994,21957
159955,21957
193957,21957
21191,21957
128027,2441
163200,2441
9849,128
203778,3368
17129,5
88712,5
182431,520
74945,1519
15916,370
102382,65
57995,79
103278,4750
45212,524
6910,3216
108692,1269
232688,1269
4487,467
9956,289
131978,29
7161,16
77832,2990
136515,306
108601,234
21696,1025
66960,130
3785,148
106656,2999
140511,2578
189186,133
124879,383
46894,383
5278,167
60026,167
129505,1148
175601,1301
39118,398
41749,398
43082,1387
115989,1025
210714,2420
22435,1436
25236,294
27374,294
31109,4750
182684,265
182687,265
68410,265
103680,1837
206563,2079
240063,5219
214860,2672
34158,498
173463,114
132206,371
177646,370
12351,16795
7394,1506
155352,2451
182579,281
41818,180
119269,29
61568,379
9696,6676
113083,1091
160404,1423
164937,14171
67583,825
184444,820
119346,2292
34375,1426
176485,631
52044,21957
188922,2671
177476,631
37481,204
130729,2553
67339,931
128910,984
3273,512
29159,631
152176,720
101321,2420
191284,1436
235655,2420
53922,294
4219,1123
193101,1519
235767,1519
139336,2420
31109,2424
94180,2424
153427,2425
132297,2441
16529,2441
145988,873
3473,512
170321,762
33065,1237
3682,1237
107350,1071
173750,1071
189740,1071
32217,1071
61586,1071
90273,1071
62642,1181
31312,677
30471,1110
186590,349
105468,1010
128900,1010
129868,1010
174694,281
44948,1010
45455,1010
118534,1003
61841,1028
199522,1074
175737,1194
12703,641
51730,350
40205,631
81793,180
121477,984
20714,1039
3560,984
37896,1039
8188,1039
14792,1123
39827,1123
74088,1123
670,355
13443,703
49542,703
207037,379
3876,379
27239,164
67548,164
91059,164
128907,337
71020,399
7337,399
46791,543
14069,1035
24880,1301
70784,1301
27292,366
57935,237
16893,252
56609,252
5974,252
114341,458
177231,458
19182,458
22686,458
21763,506
6793,1038
6026,46
107582,169
172116,169
167501,3060
9852,1091
164504,2079
46809,683
67421,2288
47082,31
14552,128
232149,653
52037,653
15980,237
207917,368
210155,237
221659,368
251680,237
75816,368
37247,940
96819,1085
179043,1465
215525,982
234764,982
256564,982
145692,2420
235639,2420
118324,336
118323,1301
188669,1301
237663,1301
87856,294
257665,4750
257671,4750
257678,4750
257683,4750
157003,21957
96092,3062
60570,618
77100,583
62941,367
127108,3911
189940,3911
255984,3911
48740,14171
57383,3911
90294,3911
134277,1159
170930,1159
126516,237
27306,762
37712,1032
19085,379
77737,289
13845,128
157548,2441
24975,128
60103,7185
74684,750
55409,1423
3575,595
187896,2424
36090,4750
59248,336
169681,1085
212713,1085
9645,720
14244,897
84511,897
156892,150
19438,800
57389,800
5889,252
21863,458
40790,416
56889,1387
150948,16795
61715,1071
71096,1071
90368,984
52111,355
256349,7185
232949,3391
24805,3391
120241,2288
229826,379
139735,5219
16118,128
19819,33
34561,42
50413,42
85164,42
48756,1436
65266,237
27861,10484
43763,383
206912,1095
51369,1158
60539,1158
51035,1421
135490,1423
112990,157
34991,157
39522,3057
44059,157
4742,157
52811,157
101657,566
112930,566
122994,566
32387,601
33870,566
85345,566
16444,172
56811,172
44060,1411
92164,354
13063,28643
22067,28643
30671,28643
39556,204
51224,204
153582,498
33130,2727
210854,2553
103819,43
179844,43
222148,465
29354,2759
33031,2759
217684,65
86848,65
16520,24
42460,82
31095,16
83256,86
7841,16795
169873,20
216597,20
37216,3205
50987,20
184243,2381
228949,524
253331,524
47604,2381
63289,524
112935,306
124895,1304
85277,1304
12125,1032
61559,1032
35035,2288
45121,1039
129212,653
252779,595
164265,167
41458,38
42783,167
79643,38
44780,1075
58988,1075
37950,2424
139341,2420
235614,2420
172128,142
249459,142
6852,142
54774,331
17465,1506
51655,1506
129074,2292
21522,2292
33791,2292
43015,2292
13103,820
184440,820
33796,820
37949,589
124884,202
29456,202
4408,1268
124885,192
37889,252
5768,252
159720,1038
23345,416
54488,2921
33647,21957
160510,5219
136641,605
57180,2441
62501,605
111811,979
72771,979
139668,2990
26934,3216
33958,3216
49800,3216
114931,19771
7444,19771
57789,21957
28753,6676
66106,1049
101723,142
221986,142
129699,2671
176485,1084
51457,150
44625,1423
155761,3057
168161,3057
13972,1436
56014,1436
126692,1159
170934,1158
18445,14171
35748,1147
5635,1147
55751,58
65236,498
99615,498
101088,566
15567,1411
123894,204
198484,204
133480,2727
103890,533
19548,533
46162,65
17804,42
21060,38
122115,1075
74621,294
7528,3368
670,714
25617,940
85783,524
85213,20
158810,383
83891,862
167791,506
169551,169
101118,1071
128229,3008
68183,3008
33907,417
110668,2282
3176,2282
88239,2282
35934,41
45566,979
65542,4750
138651,336
72857,336
129990,1301
254981,982
5518,1085
13829,1084
100485,2381
33570,3216
47299,3216
56026,3216
85127,2381
4673,141
52787,114
54175,114
102284,3205
64481,2292
69445,2292
182573,200
16828,1627
19437,800
73786,6195
21891,458
55870,458
130172,2921
55156,2921
6157,2921
24977,12
66022,1387
12742,2553
62337,2553
214631,7185
67078,7185
33362,128
38870,1091
32476,21957
49038,3060
79520,265
61838,148
124286,2424
25398,2424
176936,368
113747,825
37839,2323
52262,825
94304,825
159000,5219
234163,605
37783,5219
96817,605
23825,762
46001,762
57480,762
80709,1090
169934,2451
173835,465
198122,2451
11333,2759
43521,903
173832,2578
119564,43
129973,43
175739,43
29414,511
55508,148
7858,631
256718,234
82505,1304
12979,683
34370,418
156115,499
194620,5219
87544,5219
35242,368
181373,583
22395,415
16402,19771
216214,114
34785,306
4344,235
44729,235
90368,306
58818,595
1327,273
170478,273
17432,273
148368,1082
177781,1095
18093,40
13037,520
138812,3508
22853,520
71787,520
76597,520
41208,204
104546,28643
43982,1411
68902,354
42731,157
50768,566
7844,157
28890,2727
34579,24
13023,533
19059,533
58178,533
45448,79
61887,79
15045,39
12142,33
74602,65
13952,720
211251,2420
45646,16795
70934,16795
41234,897
85475,3709
93935,3709
84870,331
28992,2292
54557,10484
51285,6890
3698,20
160080,405
20586,931
29016,1039
3461,1039
61842,1039
71020,1123
29152,289
67369,1032
1094,379
2953,1071
4531,192
99517,132
111184,1268
60317,1268
223405,202
8207,6195
58345,416
119544,3016
130819,3016
195633,2451
111432,2999
91254,2999
111036,2578
192766,2578
33831,244
57403,244
175323,2282
191891,15
49347,16
121528,4
139606,979
57956,1436
74667,150
117549,142
15952,1084
67548,142
35871,237
9619,237
21354,449
29220,524
16589,36
5782,36
9915,36
81998,2323
84902,1426
134999,200
63469,467
67220,467
4415,403
4424,403
17555,458
34211,800
40822,458
56903,458
7499,800
88067,458
21942,1025
33349,2921
119164,46
25441,46
51471,46
131075,862
160357,862
21696,252
21859,252
21954,252
45889,398
28833,130
37124,130
87463,430
45146,5
86926,410
67411,903
16600,653
5470,1091
60588,1091
76075,1091
77471,605
12387,595
122116,1421
27305,618
22645,1147
3913,750
91956,3911
72736,172
89030,566
19896,354
52192,987
9161,2553
125745,371
132203,371
213672,371
28683,41
59059,4
16458,3368
44699,1084
60890,940
47199,2292
6118,114
36233,931
39049,1123
93056,931
70245,11
22268,6195
4015,398
23959,2079
43518,3060
187914,653
189157,1091
144688,14171
40014,244
182913,415
24459,415
62013,273
103305,3057
110726,1411
130345,3057
33440,3057
143223,28643
39897,167
16252,979
57226,1436
216259,4750
139396,336
149729,336
179308,336
71548,367
65921,142
258395,589
127768,3216
57488,405
176285,610
92738,1269
16137,800
95438,800
19286,862
3428,46
17735,130
6832,2921
84846,1038
155395,1387
20941,1387
59791,1387
73408,410
159065,169
257481,169
67704,169
8187,2672
62966,265
84260,265
80444,31
42425,21957
51166,21957
3226,506
76028,660
35703,3368
56036,964
193938,40
46083,338
97567,338
27245,6414
129513,79
45613,2698
48987,2700
52769,2700
26898,197
27300,6195
19087,58
6322,82
3924,141
156487,417
241162,1159
164478,1158
46715,204
146164,33
12864,41
136897,2424
73858,142
255653,940
85353,200
103680,7185
100586,2441
9980,1028
3205,164
4112,349
158816,1078
4058,1078
243714,583
76293,750
86172,4
150535,1465
85953,1465
76852,979
265396,4750
95314,820
25780,2323
198074,1269
76598,1390
6119,430
12873,3060
101067,6676
80441,6676
128362,605
73725,265
104725,399
9956,987
68978,964
170929,762
91225,1184
101304,339
43759,417
42941,524
63334,467
205519,1159
205646,1159
106605,204
231001,2727
39335,2759
69436,86
131094,720
182468,1075
138800,142
53554,449
77362,3216
71107,512
39209,2079
139590,653
3139,583
141828,1184
87645,16
64248,65
89650,65
7899,367
187674,150
187292,200
25318,800
16117,1387
132414,416
227097,511
57016,6676
93670,2672
6911,141
6046,2921
34283,1025
48867,80
101615,2671
27368,21957
208819,2079
157961,520
206717,660
123332,1177
204141,1053
261055,1053
78753,1053
7063,6890
130264,9007
140561,9007
177276,9007
57901,9007
58072,9007
58980,9007
59893,9007
78733,9007
8669,9007
93077,9007
102572,2783
124870,2783
23379,2783
241163,2783
59411,6414
68915,6414
118850,6993
49000,6994
49018,6993
59038,6994
66472,6994
85938,6994
92845,6994
22489,865
27565,5817
37525,5817
62471,5817
3190,1032
33195,29
9706,82
234449,336
52376,1085
5993,5
101670,2477
244264,2227
27239,2477
70919,2477
85626,2477
244262,3592
59024,3592
82599,3592
91727,3592
131553,6996
58413,6996
58427,6996
60979,10690
17228,2740
201671,2740
41885,2740
43359,2740
59913,6992
91549,2740
197304,206
39373,173
4403,190
110650,2778
161244,2778
6824,2414
94939,2778
85611,38
187301,202
213671,192
9340,430
61863,1627
88712,130
14542,1091
7133,265
12729,2553
204142,678
20838,3426
93047,2420
147369,4750
57561,10484
44429,173
51665,511
102452,16704
102581,16704
104201,4128
36812,4128
98544,16704
100009,2439
211878,12438
42621,12438
42622,2439
44432,12438
55743,12438
57402,2439
59491,12438
174859,150
104705,2696
16095,2696
18829,2410
20232,2696
214243,2410
44903,2696
66020,2696
136397,2703
231306,1083
35631,2703
59209,2703
6320,1083
66008,2703
94807,2703
95152,2703
45340,121
51630,121
55538,121
124160,6994
78500,566
81650,204
66660,58
95164,987
134538,1519
67371,1519
79571,1519
93831,86
159142,1075
33535,366
75314,1084
36262,524
90741,1268
238890,265
110868,349
25812,2700
26502,11126
36821,11126
46175,11126
77640,11126
56698,339
130041,660
97576,2740
38297,6414
58150,9007
92567,9007
9779,9007
124182,338
59442,338
106306,595
75884,173
114531,206
12703,903
160920,43
35241,2424
136834,20
81778,1269
193904,317
148666,1025
39118,46
12112,2921
55911,1387
87415,2441
146805,232
27954,232
39280,232
42678,232
73912,3725
88257,3725
149647,2420
29692,11
148485,1083
213984,2477
82508,6994
79933,1075
85223,20
126352,121
48486,2703
63496,4128
127349,660
9798,6992
127213,1421
190911,1095
73980,3057
15844,58
263159,601
138331,3508
250440,1268
49474,2696
146918,964
95753,1177
13443,1123
47344,931
91296,2420
263214,367
24284,252
195002,130
116791,511
3583,511
187961,5219
27236,6996
55484,6414
264423,5817
4829,5817
253210,5724
34377,5724
50346,10690
24654,2696
42803,6994
58950,6994
59826,9007
206947,415
198619,14171
12758,43
95986,370
37058,167
146071,1085
39027,6890
130347,130
197751,130
38607,2921
16873,1387
18673,3911
119533,2414
42792,465
48164,82
137609,10484
34782,235
253063,1304
73691,2703
78490,2703
198194,3205
264718,2425
188470,2778
203074,10690
25823,932
58970,339
265267,4482
91529,4482
31064,3911
86895,86
160943,24
5283,131
77005,2292
264737,403
228574,132
15163,511
193812,2477
224662,2414
261927,1085
176341,36
29386,2323
44993,2323
83234,2381
7955,200
119169,1090
105362,16704
99510,16704
176912,1177
23086,1177
5966,398
263217,6993
174196,1423
155964,338
9796,338
31910,86
67850,533
167799,27
237284,3216
80696,3216
8706,3216
231378,202
105502,232
4796,289
45599,13
44995,2292
67566,2292
52042,2079
228604,398
91533,4482
257817,2227
28964,16245
43332,16245
58403,16245
170562,2410
265551,2414
164534,46
240190,46
98533,1083
182685,683
157391,2698
79232,2698
255450,932
41866,24
213351,2995
16306,418
58281,3368
253751,202
139190,235
59074,6992
182395,820
8548,820
216818,200
228942,200
140155,6676
224363,6676
162632,128
191853,169
182681,5219
266911,2672
87093,2759
148607,3725
51260,3725
5917,273
29745,12438
6764,12438
77847,2740
17734,589
242288,1519
123279,4482
127187,273
127143,969
93926,86
124785,533
162434,4
12530,6890
79685,2323
163515,370
60573,2698
253316,206
36785,206
172142,2420
126748,368
19301,1304
261154,317
54845,862
4310,12
186557,865
218144,289
177010,2227
148354,2778
93104,820
268055,1083
242854,6994
220878,415
98356,14171
245805,984
120834,4
8284,2323
193881,43
93118,43
15165,2451
99559,367
230960,1506
88371,141
129596,403
261106,317
225693,418
214576,2921
257831,2921
69905,3426
187460,232
31089,1082
88327,1421
37301,9007
170468,273
203517,273
223441,273
166601,533
34060,39
82367,39
93658,60
270055,2425
161757,2323
203055,2921
193105,511
211973,2553
193125,465
155275,6992
226288,417
190333,1041
203899,403
31902,403
234910,1268
79127,234
190853,1304
112822,467
197482,800
126114,46
65929,1038
102990,1387
22217,1387
229817,862
186878,903
203405,987
260160,1177
58825,825
152422,903
21387,903
270393,1177
203411,190
221876,190
131790,524
268932,3216
270456,524
66707,3216
70364,3725
161851,1159
120629,583
200127,3911
250779,3911
34026,583
117518,24
124517,60
992,38
82878,533
210767,2323
268926,2323
37598,506
132213,465
193107,465
193885,2553
244256,2553
176618,964
64344,339
124028,660
271228,6993
133392,289
196316,289
155233,1039
195652,31
126722,1071
179350,336
100127,1075
58821,825
176442,20
221285,20
270576,20
188335,416
256358,1627
42029,1627
5986,416
190206,862
22092,862
245134,862
30332,800
176514,430
19104,430
200185,2921
203057,2921
5908,430
88685,252
120175,130
127828,410
173821,371
12569,2759
167800,2778
148343,190
176623,964
214273,964
235341,964
183142,2703
271384,2703
144547,2410
39665,2410
108710,338
167722,338
271514,6994
58405,338
271513,2783
207074,6414
85949,6414
265930,2227
271482,10690
237655,6996
271432,6996
271435,6996
5444,583
200525,3911
205503,1159
199134,150
199321,940
142031,418
197122,331
197576,331
246291,418
3535,331
91885,418
30365,4414
7642,8841
74587,8042
55541,602
133835,1002
104351,156
170895,156
33233,156
48206,156
184171,448
97166,448
41653,496
49144,496
63833,496
84980,1043
3989,1180
51630,10157
39316,1443
74960,1443
129503,1293
149444,1293
217593,2531
24011,2531
296308,17279
15593,6992
191614,660
25845,6992
44361,6992
73951,13499
149698,1043
285065,12052
58950,2227
131553,6993
193812,6993
277777,6993
58103,6994
91341,6994
58427,9007
90255,9007
91931,339
126360,964
14944,964
15378,964
68033,2410
132091,932
15650,2700
55356,2700
1075,121
149182,121
232598,12438
25001,12438
36212,121
38768,12438
42622,12438
48526,12438
50355,121
15743,2698
51897,2439
121188,16245
14934,16245
230409,16245
43060,16245
43288,16245
49024,16245
53299,16245
58946,16245
91349,16245
93105,16245
94931,16245
105456,660
167722,6996
213287,6996
24032,6996
58051,6996
58515,6996
91698,6996
91991,6996
93795,660
118022,338
120262,4482
122317,4482
15596,4482
156137,4482
278857,4482
38497,338
44624,338
97808,4482
278917,2477
28179,2477
49030,2477
57869,2740
58961,2477
82599,2477
91450,2740
91727,2477
98821,2477
105496,1083
15796,1083
38681,3725
48067,1083
58042,1083
86596,1083
40608,2783
123261,301
26980,77
44514,301
55282,301
64118,301
179643,941
34527,941
47005,790
597,713
61960,713
89708,419
104705,3691
105502,4128
106675,3691
117802,3691
15260,3691
15645,3691
35892,3691
36235,4128
45220,3691
46602,3691
51877,3691
51903,3691
55538,3691
65682,3691
98824,3691
137203,2696
24118,2696
52089,2696
52477,232
55336,232
77003,232
35554,663
156639,8715
73323,687
35075,255
74687,255
159957,16704
25856,16704
42401,16704
75441,16704
113230,11127
129103,11127
15380,11127
16551,11127
25060,11127
29258,11127
38810,11127
51892,11127
55396,11127
59180,11127
59189,11127
60206,11127
84483,11127
89589,11127
160285,669
162652,669
99977,669
206553,5411
48486,2698
35645,197
91423,197
121406,2817
62008,2817
156556,6764
37414,6764
44760,1017
165820,32017
132376,7918
79654,7918
111965,1064
108710,697
63965,697
110852,759
35531,903
62909,903
7930,903
96844,9465
98101,159
60220,448
53742,6112
12743,2578
74861,2578
187507,200
199380,200
51556,128
166277,121
56637,121
218084,865
37635,678
63459,678
27126,6993
58606,339
48508,4128
104200,3691
22746,3691
27193,3691
3966,2439
3989,12438
128407,1063
213265,1063
22467,1063
22473,1063
22838,1063
22920,1063
33931,1063
40022,1063
42694,5724
57581,1063
68983,1063
70554,1063
75568,5724
75871,1063
92741,1063
94295,1063
119434,6414
130196,9007
216842,9007
33315,6414
37430,2783
58020,2477
58933,2477
96498,2783
46423,1083
72458,16704
104697,2698
151197,11127
15128,1053
52117,190
102621,173
204138,173
22169,5817
31821,5817
43010,173
4763,5817
95431,5817
107116,20100
15386,20100
167798,206
193680,20100
200467,20100
20853,20100
22474,206
22515,20100
22898,20100
23523,20100
36786,20100
37623,20100
48015,206
48867,20100
62457,20100
71701,20100
96006,20100
121988,660
197622,16245
59322,16245
34514,2740
61462,6992
280076,2227
76071,4482
91527,4482
140804,58
168157,58
77449,58
271497,2696
107775,3426
148345,3426
187077,2778
189053,3426
23592,2778
69646,2778
44138,6994
218471,12439
118309,371
51547,119
15069,713
55734,10480
87262,713
41361,1101
37722,449
98133,449
180337,2698
54287,2698
86100,2698
19857,128
34284,128
119564,903
74300,159
205657,3237
46109,2578
140069,1063
167105,1063
44573,2778
45601,2778
262718,964
59022,6993
128969,2282
168156,2282
168158,2282
181795,172
228326,2282
236168,2282
262022,172
279369,172
3441,2282
42393,2282
57534,172
146476,5287
172541,17399
260731,12068
106405,1090
107969,1090
28815,1090
44675,610
69642,610
74294,1090
34322,16
58864,16
60444,27
126610,20100
257406,678
124891,232
52956,11127
57609,11127
70211,11127
195810,1083
58956,6994
91359,4482
208469,2477
58405,9007
97727,2477
13309,204
236202,204
38793,204
40421,204
62785,204
7448,204
94298,3508
122994,520
153067,520
38963,520
39928,1411
48536,1411
124697,2861
149618,2861
150711,2861
215114,2861
38356,2861
43478,2861
62705,2861
75062,2861
78569,2861
79972,2861
89581,2861
89619,2861
90583,2861
94184,2861
125745,28643
18759,157
18952,28643
22753,28643
24609,28643
258827,157
32233,157
44588,157
46185,28643
52807,28643
62831,28643
90368,157
93728,28643
112930,601
122251,2727
13073,2727
151471,2727
187288,601
33870,2727
45832,601
57514,601
74011,2727
89030,601
95377,2727
162819,3327
209012,8827
175601,3336
57226,7179
194177,2423
78953,5724
51529,206
148364,865
164658,190
3098,190
101029,354
13023,3057
19230,3057
55595,354
15083,2698
54787,3725
45196,932
123214,16245
43264,338
34773,6992
24006,6996
137576,498
157160,58
203348,58
249565,58
30671,498
59641,498
89202,3426
38802,16704
80941,4128
8421,2778
12883,1091
39665,1091
57814,1091
73185,1091
122421,383
124873,383
182579,383
203378,383
4698,383
77829,3508
79045,383
88721,383
5457,1041
59248,1041
74996,504
148455,26
51356,26
31493,14
13121,36
21042,36
99186,36
5509,669
173835,2784
41759,2784
288252,21507
5461,449
192498,2578
251106,20
28922,20
30476,20
30757,20
5854,20
170527,79
38434,79
45668,79
61901,79
82243,79
129129,1465
152176,1465
194019,1465
31027,1465
80462,1465
1083,128
194438,3057
20905,128
168989,410
44227,410
59594,499
92936,499
134578,1322
188853,2288
69609,2288
71292,2288
81808,2288
85289,2288
119235,368
171167,368
37712,368
41281,368
67082,368
81433,368
154171,618
66413,618
42366,5724
19638,6676
229263,6676
27494,6676
55143,6676
62501,6676
80061,6676
14735,987
21334,987
59328,987
9502,987
95639,987
213368,260
193323,2783
104414,167
1791,167
89205,5817
145838,58
65235,520
74300,58
106644,2760
117966,1519
120980,2760
121032,2760
121137,2760
129053,2760
14558,2760
186337,2760
196869,2760
198045,2760
234803,1519
36709,1519
37677,1519
37697,2760
60905,2760
60923,2760
61813,1519
62565,2760
69435,1519
77964,1519
98826,2760
100189,1083
256380,1083
244262,2477
282280,2477
169334,192
185566,192
19063,192
29936,192
39524,192
81497,192
125103,16
37287,533
50512,533
57845,533
6791,533
25812,15
3256,15
88684,15
91845,15
111900,39
58437,39
60957,39
79642,39
89650,39
1428,60
20081,60
66058,60
74869,60
82018,60
51069,82
65255,82
91841,82
37977,4795
85906,4795
95737,2778
22067,601
128196,2759
187290,2759
190874,2759
29007,2759
30668,371
74537,2759
80339,2759
95164,2759
25066,11127
74725,3691
70074,12438
88609,12438
45341,121
43297,6996
57888,6414
10288,16245
285040,2227
58002,16245
91358,16245
120443,383
126413,1268
190633,1268
29863,1268
56523,1268
63270,1268
14170,467
143219,202
153392,467
168172,467
213268,467
24819,202
275385,467
56601,202
58030,467
76326,202
79121,202
111184,317
113872,235
122647,235
125693,235
152642,317
158104,317
206745,317
272957,235
38004,235
44422,235
6764,235
91251,317
151189,306
187245,306
54775,306
106656,2553
12752,2553
12804,370
157490,370
21449,2553
28809,370
3269,370
71440,2553
151659,2451
226151,465
241706,2451
29414,465
33485,2451
43310,465
79948,2451
89648,465
167876,19164
202973,4146
82834,19164
167317,607
72491,607
182910,583
106181,41
126414,41
196357,41
79503,41
27611,24
31173,24
38415,24
81999,24
93844,42
1095,44
124732,44
146155,44
16474,44
2334,44
31218,44
35872,44
37013,44
39094,44
39732,44
39743,44
42203,44
73782,44
79355,44
121404,23
1659,23
16831,23
1944,23
2386,23
31451,23
34232,23
40116,23
42086,23
42974,23
44913,23
51676,23
6287,23
92111,23
109793,1
14882,86
88680,86
93571,86
19819,18
36182,18
82097,18
1094,4
140579,4
79501,4
86848,254
120205,35
202622,1063
42948,173
22459,3426
138736,3057
20714,3057
13371,2861
62640,903
66942,903
101657,132
129533,133
165975,133
17313,132
187283,133
35529,132
37538,133
56317,133
56375,133
56628,133
57506,133
60317,133
67245,133
69634,133
71082,133
7949,132
84907,133
84913,133
235540,1304
37462,1304
41609,499
4429,1304
64507,1304
82410,1304
110902,1435
111191,1435
159375,1435
162672,1435
170720,1435
195359,1435
21620,1435
216662,1435
226026,1435
31131,200
41818,200
71084,1435
71099,1435
79294,1435
80671,1435
82939,1435
163553,4114
197482,4114
111227,839
183029,839
110929,4554
112457,4554
199953,4554
127220,380
268228,1415
73932,380
164108,4172
167896,4172
159902,4153
198084,4153
140189,1005
163078,9439
163325,9439
148585,4103
162942,4103
199204,4113
108601,1269
19356,1269
56370,1269
136114,20519
49734,27
153084,33
39106,33
44713,33
49501,127
276,20100
44726,1053
15569,932
51152,669
143967,21903
166745,21216
53258,21903
241687,10468
58977,13017
243841,6422
191391,449
155469,1465
140786,3057
101500,410
148666,410
199330,368
35251,368
58341,368
34756,6676
193096,987
23086,987
97205,2439
51948,2783
18543,969
34026,969
48280,583
122173,133
81346,133
168543,15
126534,42
60028,42
76293,82
83700,167
93922,16
31599,23
36255,23
55597,23
43847,44
85867,44
162952,520
13743,2861
26336,2727
160736,1411
258424,354
59148,660
20005,6414
167556,6993
205004,383
57087,1269
129991,1435
52192,2760
62157,2759
112663,1421
203470,273
60578,1421
72768,273
93678,1421
126710,162
140776,162
170463,162
189441,162
225693,162
27941,162
29311,162
39152,162
5283,162
5513,162
61637,162
88103,162
9828,162
107525,14171
135492,14171
148690,14171
164230,14171
271390,750
78917,750
125868,1082
147487,1158
164913,1082
170986,1158
192347,1082
37760,1082
48859,1082
190393,1041
226273,417
241229,417
38978,417
6803,1041
136610,995
140126,995
15808,595
164771,995
181382,995
183494,995
18940,995
189940,595
215679,995
22630,995
229853,995
25115,595
31773,995
36293,995
37835,595
47065,995
50142,995
5293,595
55237,995
95604,595
103563,1423
160222,415
164236,1423
164897,1423
181380,1423
30321,415
31208,1423
136111,3522
37731,3522
38646,3522
134369,1429
54921,1429
62716,1429
99232,1429
122582,720
13147,2420
139393,2420
258835,2420
44057,720
51058,720
55837,2420
68203,2420
72772,720
55519,39
252639,865
113130,157
159098,157
96227,1184
59032,338
64215,6996
187603,234
61030,370
45331,2578
23898,1147
5406,1147
89215,1147
130756,244
138049,855
157495,244
22635,855
23888,855
30698,855
37647,244
41063,855
52209,855
5430,855
55409,855
56820,855
58818,855
6986,855
72422,855
76386,855
200117,6692
39829,6692
13412,1071
145988,985
177847,985
35719,1386
39828,1386
61863,4102
163600,4083
163999,22045
172338,22045
199733,4083
139169,332
130360,749
155036,4554
3713,749
124559,458
127224,1387
38602,1387
57285,3037
62379,3037
99923,3037
67639,2331
85380,2331
133876,19
119115,4718
240803,4718
124902,1385
146596,1385
163582,1385
167895,1385
126114,4361
139307,4361
59529,1103
83458,1103
139436,4084
70580,4084
113612,5587
198976,5587
216872,5587
229817,5587
22490,20100
135213,206
103793,2995
112465,2995
129670,1075
130741,2995
138651,1075
155395,1075
193319,1075
24709,2995
25825,2995
29366,1075
34159,1075
58346,2995
70724,2995
76924,1075
115793,6894
13103,6894
31867,6894
3216,589
33530,6894
33809,6894
36877,6894
39564,6894
42733,6894
44608,6894
4796,6894
52112,6894
6873,6894
7345,589
8680,6894
52920,42
10471,82
54312,33
51356,167
222972,1053
276428,520
167316,498
124180,601
30436,172
110671,204
38449,204
121280,603
128375,603
238585,603
3297,603
34559,603
3762,603
39518,603
39705,603
39908,603
4063,379
42411,603
57207,603
60889,603
63821,603
9500,603
3287,2578
139208,371
3310,370
58188,371
12638,2553
192557,2553
36772,2553
49040,2553
43989,11127
27706,2700
285242,2700
46635,964
55854,964
127774,6996
51141,6996
42550,16245
197170,982
35640,1465
72486,982
100089,4750
140757,4750
151205,4750
160683,4750
405720,4750
45371,4750
72687,4750
95255,4750
96790,4750
99189,4750
191399,1435
67220,1435
176485,499
84162,133
198395,235
110695,2293
120630,36
144456,2293
157175,2293
18547,2293
199316,2293
2148,2293
32941,2293
45227,2293
47517,2293
5470,2293
62827,2293
86620,2293
9339,2293
98631,2293
10121,10484
16135,10484
165711,1506
20351,10484
38414,10484
4391,1506
47011,10484
5667,1506
57854,1506
58267,10484
89461,1506
110697,126
114165,126
148550,126
192035,126
238218,126
261611,126
29819,126
3132,126
36661,126
43248,126
46658,820
56528,126
58749,820
59931,126
69014,126
72237,820
80696,820
8709,820
90970,126
142021,1084
189525,1084
208890,1084
221076,1084
242548,1049
27448,1084
35871,1084
5169,1049
56134,1049
65331,1049
109256,681
44069,3709
66110,681
149540,366
40888,621
51532,621
59349,366
84133,366
85258,621
3202,31
43763,512
50219,31
72047,31
126014,405
126516,405
129078,1123
38073,1123
41355,1123
8552,29
15164,289
164265,289
18091,931
33046,289
39378,289
4311,931
45287,931
70131,289
84835,289
87422,289
101500,984
215118,180
3226,984
37838,180
77760,180
45559,1091
67831,1091
75238,1091
107777,5220
124025,5220
157535,5220
157536,5220
160837,5220
16439,5220
16444,3060
187962,5220
20124,5220
20833,5220
236785,5220
237597,5220
49928,5220
75647,5220
76195,5220
87381,3060
9836,3060
115898,2079
124167,2079
12895,2079
13748,2079
182688,21957
188588,2079
192018,21957
203167,21957
24202,21957
25041,21957
25633,2079
25719,21957
28997,21957
51715,21957
58988,21957
69838,2079
197857,595
111051,417
198709,273
48805,1421
193130,855
23952,855
5339,40
33831,14171
10255,416
105521,416
107958,416
165894,2921
27807,416
5755,416
73097,416
87463,416
163489,862
23367,862
27554,862
46105,862
55911,862
110928,4083
163568,4083
20726,1025
56889,1025
81396,1025
101913,1210
119369,1210
163086,1210
163639,1210
201040,1210
28023,1210
28818,1210
29424,1210
37413,1210
56762,1210
72471,1210
735,1210
85484,1210
112343,1038
61783,1038
72274,1038
37889,1429
61803,1429
17127,130
21859,130
22598,130
5962,130
43112,5587
110923,252
192774,252
6033,252
6721,252
76061,252
99327,252
102017,276
121756,276
149946,276
17171,276
21780,276
22140,276
38592,276
44336,276
56841,276
5870,276
5980,276
84467,276
96806,276
9850,276
112666,6574
124911,6574
177843,6574
35747,6574
48678,6574
54916,6574
57643,6574
61770,6574
6442,6574
64793,6574
82751,6574
83877,6574
85825,6574
96828,6574
51053,23
55735,16
14977,44
51100,44
54846,44
26721,398
4276,506
48002,506
280066,5817
97503,1063
161617,20100
61267,28643
97166,28643
58516,232
15650,121
15112,2696
25635,3691
87262,3691
134158,2410
96455,338
14282,2424
144788,2424
158488,2990
194549,2424
210088,2424
211072,2424
23270,2990
248903,2990
291981,2990
30306,2990
34395,2424
39932,2990
51853,2424
72834,2424
72855,2424
9814,2424
122043,720
215876,720
227901,1085
257851,1085
286837,1085
34706,1085
62233,1085
65542,1085
75298,1085
99499,1085
128063,68608
138642,68608
168536,2425
172143,68608
175600,68608
182936,68608
190553,68608
236964,68608
236997,68608
23974,2425
243541,68608
25398,68608
36237,68608
41616,68608
58944,68608
63293,2425
87854,68608
87856,2425
100131,336
100220,8024
167976,8024
17328,8024
194330,8024
22555,8024
27303,336
34006,8024
34570,8024
37574,8024
46717,8024
46991,8024
60799,336
67864,336
70359,8024
73852,336
74550,336
80151,8024
86645,8024
86804,8024
141050,1301
158516,1301
182216,294
189516,1301
207571,1301
249994,1301
25101,294
36080,294
94307,294
79192,1304
13036,132
43247,132
7970,132
187105,610
55751,234
209781,19771
22952,2292
69445,19771
7153,2292
76445,2292
8487,2292
16101,114
16816,114
35275,114
52270,449
82130,114
285634,825
65921,825
77737,825
20346,3368
277,3368
2923,3368
64992,3368
68290,131
73314,3368
137162,150
138927,418
17880,150
28005,150
64411,150
73269,150
76984,150
85288,418
221899,13
27389,368
65467,368
7980,13
131102,16795
139440,331
247189,16795
257062,16795
40428,16795
49804,331
58076,16795
63689,16795
71671,331
73215,331
12693,873
12709,873
12814,873
170322,873
19085,873
196522,873
28336,873
3131,873
33249,873
34870,148
36861,873
50174,148
57229,148
59631,148
63285,873
63494,148
67202,873
77559,873
92572,873
13465,3008
147034,631
18227,3008
26946,3008
29152,3008
42198,3008
45623,3008
58205,631
60591,3008
61832,3008
62240,3008
66333,3008
73482,3008
88755,631
9422,3008
96341,631
237893,2671
27583,2671
69801,6676
70132,2671
96813,2671
12873,2672
13959,7185
24567,2672
28643,7185
29104,2672
33921,7185
34296,7185
39190,2672
39252,2672
46046,2672
56796,7185
59755,2672
73070,7185
92670,2672
132297,169
138387,653
16394,653
164715,169
18947,653
195840,653
24859,653
27613,653
36007,653
40064,653
6301,169
70203,653
7978,653
96457,169
111036,265
12953,6418
129702,6418
130149,6418
130452,6418
143852,265
164500,6418
16913,265
238856,6418
24973,6418
26562,6418
284970,6418
30418,265
36689,265
3753,6418
38870,265
42296,6418
44177,6418
47048,6418
58018,265
63487,265
75118,6418
96452,265
132010,441
132647,605
16375,441
16529,441
173991,605
19940,441
212381,441
222598,441
235745,605
24284,441
25668,441
26579,441
282819,605
29038,441
42934,441
46064,605
49038,605
52045,441
5336,441
73798,605
96476,441
111783,995
159622,995
57372,995
22632,1147
284118,1147
57135,1147
49872,969
60540,162
77835,162
111039,46
21782,46
68863,46
134883,800
21756,800
221815,800
233654,332
5507,800
114831,1083
36298,12438
177688,4482
124244,367
127987,1531
148928,367
149231,1531
15790,1531
23306,1531
25942,1531
37399,1531
45335,367
51535,1531
52428,367
53077,1531
57935,1531
57943,1531
59343,1531
63723,1531
70890,1531
7985,1531
143558,3205
15821,3205
26101,2381
33958,2381
37398,2381
44970,2381
5495,2381
132154,524
29678,524
45624,141
53556,141
126252,714
129444,714
129473,940
154059,940
181477,714
57950,940
58115,940
64339,714
65237,940
65243,714
70934,940
101742,3302
111082,1050
111961,3302
117549,3302
139895,1050
15974,3302
165008,1050
188854,1050
26199,3302
26801,3302
271446,3302
30802,3302
35546,3302
44027,1050
44072,3302
44412,1050
44674,1050
45653,1050
51710,1050
53239,1050
55866,3302
65318,1050
73250,1050
73636,1050
7945,3302
7983,1050
7989,3302
88490,3302
15956,281
18644,281
26267,281
12888,28956
131248,683
14521,28956
15803,28956
174869,28956
18958,683
213894,28956
231906,28956
34325,28956
37403,683
46810,28956
56816,28956
67967,683
7611,683
79286,28956
8060,683
92701,683
96633,28956
44065,681
44834,5
4592,383
129085,405
87282,405
45710,419
76293,26
43003,11
198070,234
129515,150
16726,150
65301,150
87409,150
190831,687
112515,430
5818,430
6288,430
74288,504
49838,114
211727,232
129592,3057
27178,1465
204040,339
34400,669
157058,618
41654,3426
27239,448
56014,1075
172181,368
59783,86
43458,415
95732,415
256213,10690
17491,3709
29193,3302
71570,621
85372,621
172163,820
30431,820
64997,19771
74842,27
51972,15
18833,33
55099,60
4691,44
168471,28643
266487,601
69101,244
18542,595
137438,1158
170938,1158
190786,1158
84878,855
182618,273
203507,273
30825,14171
181373,1421
37389,180
41749,289
91315,2451
10029,2760
88614,12438
104203,3691
38539,16704
59187,964
139606,2990
174915,336
104990,4750
171068,2995
265136,4750
45617,4750
113045,1531
197131,681
51226,1531
57961,1531
8730,714
23966,1050
38124,366
70898,1050
77207,366
13063,235
85902,467
27304,1268
69636,1268
27245,3205
22109,589
3698,589
57808,589
53570,825
127194,11
13239,931
3785,931
45921,984
15166,3008
4383,1123
63342,1123
128907,379
120095,873
47995,873
102132,405
57515,31
130142,6418
14403,6418
19013,6418
3900,6418
180358,2079
19138,653
121357,169
19708,276
22673,276
85605,276
35564,506
59238,167
3975,23
61087,23
91423,24
79654,190
15052,206
105352,1411
136746,1411
23976,1411
146721,2861
51542,3508
203539,172
56778,520
37966,995
6267,995
129248,1147
231011,1147
14746,603
203412,603
29158,603
110375,11127
145919,2439
25860,11127
67721,2439
96928,6994
131753,8024
234044,8024
88717,8024
139352,2425
167165,1085
34097,2425
144303,294
290780,982
263860,3368
74557,367
95280,367
153667,1084
276111,940
19409,200
71787,1435
188338,317
4075,2292
52006,2292
5345,2292
58919,2292
83501,2292
10598,2381
85227,2293
64016,20
35579,441
70592,2671
96896,441
136513,605
34281,605
140032,683
182693,3060
36291,683
57924,128
58175,7185
85574,7185
88528,6676
94932,21957
144779,46
167859,252
87493,398
110925,1210
18301,12
184894,1210
207715,1210
33481,12
39831,1210
43271,1210
45124,12
5825,12
5880,12
15452,6195
160506,6195
21354,1025
37397,1025
39153,6195
56416,6195
61253,6195
7825,6195
139169,862
7093,6574
9915,6574
15018,232
23914,932
23996,932
168125,68608
194641,68608
236960,1075
238055,1075
23102,16795
128352,6894
138476,6894
140026,126
68211,126
136514,2672
15404,5220
237599,5220
46040,2672
70942,2672
26263,1627
39256,1627
62415,1627
67084,1627
80351,430
192886,60
55263,419
129688,11
193729,443
37525,443
69643,443
107266,23297
203496,1041
123296,20100
15047,20100
23292,20100
68976,5776
82555,5818
133810,1063
161368,1063
182367,1063
255913,1063
135216,206
157626,369
78514,369
62941,150
93732,2698
188335,430
7663,430
55975,339
272642,618
17232,3060
185593,410
141655,148
164389,2288
136181,409
113134,19657
260838,865
72395,865
155960,1053
146210,4128
288318,367
59340,367
64545,367
119213,1531
131667,3302
29387,2293
119296,15
16922,33
19354,33
18379,23
34561,41
66407,157
140804,2861
153065,2861
31245,2861
37388,415
125783,750
149444,1423
149551,1082
182916,273
3525,273
122835,855
129476,29
13702,903
169573,43
223971,43
237537,2451
13493,987
43259,2553
170953,465
194461,465
29213,16704
126352,2700
20232,2700
24654,2700
45340,2700
88102,2700
96898,2700
120966,2477
43290,16245
99863,16245
175169,660
14939,6996
91563,6996
284744,2420
61743,2420
89726,940
117590,1268
34753,2292
69816,2292
73569,3205
24379,36
43266,3008
45121,762
136647,289
93626,873
69382,5220
119256,2671
96824,28956
102249,862
195728,3714
181179,2703
58450,2703
90471,1186
211878,20923
94926,20923
124410,79
49488,3426
154169,3508
51152,58
41163,28643
288153,601
125754,172
126692,969
170460,162
28845,162
29364,162
24131,121
55356,121
64590,121
88615,1083
103221,11127
48521,11127
33195,2696
15568,339
58467,2783
284739,2425
53841,8024
85295,8024
149650,68608
44780,68608
186922,1301
250682,4750
134936,418
51474,621
74667,1049
21490,1084
27470,368
27861,6894
22741,1506
128897,984
31552,984
128220,31
111630,148
17396,11
127236,6676
17217,441
75141,441
96661,441
125546,169
144796,2672
179481,683
12988,6418
28890,7185
33502,7185
21935,1025
181779,46
40660,5
68864,12
69374,12
199633,6574
28833,1210
47646,1210
66022,1210
72857,130
119476,2374
72164,2374
167032,4057
51260,4057
59180,14589
104514,3733
279570,3733
55420,3733
217923,3609
285602,22810
52097,3609
98502,2990
22724,21957
207573,605
75964,1532
143863,237
103558,173
140653,173
161244,173
185164,173
30700,173
7841,472
108820,993
133794,666
49795,2448
162063,648
121990,171
145769,171
83368,7971
18918,44
94199,44
72457,1053
99349,5817
110309,40
126664,583
166647,2477
64104,6994
139396,141
21480,589
73013,41
6645,24
46179,167
121577,3426
26407,190
110852,2282
222632,204
290083,204
111422,172
26980,2727
255748,601
27234,601
34991,601
142920,354
86930,58
118294,1411
145416,1147
174094,969
198027,969
123021,415
184892,244
38360,618
171557,855
77826,595
185939,750
34758,995
55709,750
34838,512
41384,512
46104,281
69633,148
33822,873
35855,873
38145,873
39679,985
61891,985
74768,873
197642,11
35664,11
81796,289
96754,289
186590,29
3291,29
4257,631
45333,29
25834,603
60603,603
63824,405
35548,931
39532,984
39883,984
46972,371
256973,903
107701,2760
213605,2410
15071,2696
19108,2696
30710,3725
56490,3725
96844,3725
15730,12438
15747,12438
68978,12438
127349,6993
62180,4482
106837,2420
157818,2425
179350,2420
153427,2995
178614,2995
44373,294
46110,294
52480,2995
14149,2424
209012,2424
188157,368
39381,418
59344,418
18416,3368
69819,3368
250845,13
39784,3302
48294,3302
76743,3302
163665,1269
92842,610
83946,317
112935,1304
160431,1304
3170,1304
157993,449
169850,6894
33794,6894
45168,6894
16058,126
46340,524
56372,126
5966,524
118324,2079
42942,1091
46062,1091
29193,128
93309,683
48930,5220
57414,5220
26105,5
3366,5
5793,416
5946,416
193950,9083
156896,4602
39259,4
62800,4
151582,206
217728,206
107266,1063
61912,1063
43012,5724
13894,2861
22627,2861
110000,3508
42735,3508
39073,273
56795,273
57403,273
88082,273
127189,162
215652,1158
27305,417
14940,379
41751,4128
45639,2698
127822,2439
149182,2700
26771,3691
52089,2700
6065,3691
63209,3691
280064,2227
264063,2783
43938,6996
76071,6996
97205,2783
210120,2990
45298,68608
45357,68608
44778,336
91384,1085
234787,982
36210,8024
119537,150
66100,1049
147483,16795
89733,714
125019,3709
153238,367
262939,367
110798,467
132376,467
52269,467
245072,132
45139,235
16402,2293
29411,2293
37837,2293
82364,2293
134631,3205
48931,3205
37899,2381
53556,825
36802,20
55270,114
42940,2672
5438,2672
76896,2672
22568,28956
34324,28956
131664,265
25617,265
279869,265
160839,7185
51166,169
31776,430
119164,6574
131075,6574
160986,276
16893,6574
82743,6574
238752,398
76329,862
124555,1627
21988,1210
86079,1210
8885,1627
16868,252
22268,252
34453,1038
56830,252
6792,252
187090,410
53477,1025
191852,3985
199179,21941
221317,21941
257283,21941
176860,7646
191654,33438
193955,33438
231908,26854
191211,21725
191828,35415
230744,21586
232593,5572
27612,865
50651,865
47713,31
59866,31
49719,11127
54310,121
89407,11127
72315,1531
76746,1531
81743,366
96444,3060
35249,130
52266,130
47543,15
51325,190
181767,583
52769,631
129788,371
152846,2726
55044,429
9813,449
92109,1071
62713,430
67090,150
56797,2420
9369,2700
237456,415
13028,4482
53258,6993
88879,4482
113235,2783
166640,8024
75816,1531
190576,6894
7311,524
9800,524
191891,167
38410,82
122695,4
90489,86
93853,86
13061,204
132764,204
18828,595
280178,1147
291178,1147
111063,1421
53306,855
156639,14171
2874,379
96341,29
160348,931
42513,1123
37157,984
173579,465
12098,2553
29016,121
67064,2696
54565,6996
43309,6414
119369,4750
194547,2424
172137,68608
241961,1301
17555,3302
192875,202
64481,1268
57303,306
204180,820
51191,2293
20903,2381
7110,10484
20623,2292
34171,2292
66280,825
12515,6676
16531,441
124909,1038
164759,1038
39828,1038
47005,1390
34909,862
37413,862
128931,252
96853,252
411,44
148367,206
4403,5817
24877,3057
42714,3057
14954,28643
73951,2282
178540,995
141835,2288
3560,873
61561,873
12516,603
184954,1519
15379,12438
137192,982
193515,720
138662,3709
123513,383
215840,499
170239,126
80697,126
146844,114
14270,6418
24913,6418
77835,683
128363,21957
190719,7185
27581,2079
136641,5220
16634,5220
199243,1627
28868,1627
45581,130
100497,276
6427,276
81455,276
139307,6574
22102,6574
168106,1085
234577,1085
47184,714
50104,605
110812,642
56607,642
220795,1228
278515,133
4471,133
139199,235
20362,235
272718,235
22860,14171
170934,244
56415,9663
63469,403
85603,862
75489,65
40034,533
78497,384
139192,500
208542,468
84902,468
238536,404
266781,200
273004,200
206930,1434
110728,385
18397,1147
96758,1147
58890,1423
215677,417
141796,16704
177321,2700
15069,3725
188733,2439
113919,2696
98322,368
230552,1025
188498,398
146743,6574
21872,6574
41935,6574
131209,276
93571,127
93926,127
258,33
119037,4795
50135,293
1381,44
40436,44
38346,79
58976,6994
297002,2227
297005,2227
297006,2227
297007,2227
297008,2227
297009,2227
297011,2227
297015,2227
297016,2227
297017,2227
298658,2227
298659,2227
166584,2783
293108,2783
70919,18303
95649,6414
207877,16245
66472,16245
292570,6992
147998,4482
98536,2740
80312,10690
13831,6996
57900,9007
201994,865
260846,865
291612,865
23496,5866
48864,5818
50691,5818
13326,1301
157884,4294
167204,1301
237355,1301
240906,1301
72771,1301
79089,1301
94603,1301
185147,68608
25229,68608
292221,68608
164044,2424
73427,2424
149655,1436
209953,8024
240578,1436
291451,1436
37954,8024
75339,8024
16230,2079
241742,2079
28289,2079
33031,2079
12880,2671
242760,35415
118302,683
99977,683
99691,6676
173589,265
191257,5220
242199,5220
79285,5220
164756,169
169687,169
212832,3392
187301,1455
234910,1455
125165,317
57140,317
119223,2698
44622,3691
193784,714
27374,714
143812,430
164247,2712
157626,3426
223522,3426
260828,3426
265545,3426
276689,3426
280330,3426
288549,3426
132401,2414
41164,2414
68847,5724
139887,6418
189283,6418
45397,6418
13849,28956
140078,28956
61883,28956
10254,653
34299,653
7776,128
139915,21957
160893,21957
236822,21957
34206,441
60085,441
231471,1091
110078,720
3817,39
127191,3508
209766,601
13829,984
6107,3008
86759,2553
12569,2760
214240,232
145918,336
240912,1075
118330,2425
45370,2990
13872,367
9711,367
228444,1090
7397,524
73794,6195
199258,1038
35405,23
291323,520
16760,121
213271,6994
184930,2227
54816,2477
44317,1050
27667,2292
35029,2292
52317,820
5518,653
31361,441
31039,6418
27300,46
77603,862
21338,11127
42300,3691
236468,9007
134603,1085
61760,1085
170472,16795
55524,3205
187587,430
30584,430
48895,20100
148369,369
62445,1063
159372,398
129224,2995
123261,148
41511,1090
126716,1049
89591,60
204347,1158
175449,1050
38000,1506
119031,33
126638,167
115763,16
143121,86
129674,533
6970,855
118275,14171
290532,417
57275,512
75471,873
191189,2578
293106,9007
125251,336
182711,336
191866,1531
6912,2293
49121,524
94757,3205
50774,114
152419,3031
182898,40
34557,11
124286,1075
16833,3709
93704,13
186997,499
174248,200
274466,10484
7629,7185
55472,276
120458,6195
124715,416
46728,1038
111042,4750
293941,4750
73090,4750
22723,2990
203618,7378
78813,8024
73257,11596
63955,60
18290,23
39015,33
51106,23
160668,4
49031,2861
55512,354
235234,157
1613,855
223263,371
63130,3691
60323,6994
42710,13
184948,306
199384,200
34412,820
284740,2672
205054,1627
20003,5
79242,5
2358,82
17885,79
45464,79
127074,750
214770,162
129679,1158
260543,1083
206054,10690
93862,16245
59933,9007
139434,3302
53523,3302
220896,1268
265978,1268
187602,1304
4517,467
72193,7185
30333,506
21887,252
230058,252
211397,1210
124769,6574
217656,126
149716,294
103667,60
179643,60
72798,20100
250138,520
80060,82
277972,204
279255,204
60732,1147
12570,1519
177020,465
43745,1519
77639,465
12112,4750
185245,714
89450,16795
171410,235
253751,133
187961,2672
4489,206
60602,3057
2963,281
21863,289
24636,3008
31535,3008
3562,3008
37957,3008
45631,3008
210109,4482
27491,234
52891,3205
88909,5
225477,2995
268113,200
207048,610
168257,1268
39253,660
106039,443
189863,498
297070,204
171146,2727
297785,366
191192,1301
291235,11127
192921,16704
232495,16704
270610,16704
155893,2410
170620,2410
212258,2410
106539,1083
36903,1083
189715,3609
255451,932
144702,964
106632,14589
144583,3691
100188,4057
140967,12438
207525,12438
214258,12438
255431,12438
260673,12438
282785,12438
285065,12438
297029,12438
297034,12438
40617,499
182582,1090
187594,383
203357,1269
15427,2671
182689,21957
236781,441
280080,21957
136645,683
242661,683
255686,683
19286,1091
292621,1091
50487,28643
234729,2439
282382,2439
285597,2439
297623,2439
297765,2439
147072,3733
37247,2700
221766,798
162694,1426
207581,28956
40417,6418
7214,6418
206837,3062
34382,235
60543,1041
33781,289
3405,289
199528,1123
49560,2451
28719,2578
257786,10484
34986,10484
76569,6894
94686,1270
193101,3194
14708,3491
98067,3001
178459,86
36262,1063
296681,498
229006,417
212232,2477
156799,621
254039,150
53555,449
8548,19771
86506,19771
124560,276
240306,410
36356,46
84979,2795
149498,1050
57944,1531
17123,524
287943,2381
84511,294
93085,449
77825,398
84442,430
9091,430
298276,331
224256,306
35252,19771
56026,825
124125,1411
8498,1158
156489,417
25542,931
161496,2578
209583,903
272708,2759
175593,987
142023,621
139312,126
176341,1506
146509,1220
55302,1220
183334,991
104495,350
110860,1060
14792,350
111837,1045
120977,1045
203460,1045
74860,1194
116648,3688
136501,1148
192750,1148
67341,3684
214776,1218
37773,1078
45611,543
67232,1078
200777,352
129930,28643
34529,995
38536,750
118841,2293
199248,5
146752,12
290405,5724
89188,5818
121223,986
2999,2964
195679,3716
1073,16
290605,750
274571,855
6274,855
104941,3008
5588,631
54128,2760
266582,4128
193303,982
197135,681
204103,131
45562,467
55627,133
75221,133
61857,192
28992,2381
45305,683
51951,441
103952,1063
182877,162
81202,603
35435,2227
139339,2420
17292,2425
103147,1301
237617,1531
69611,3368
213590,1627
185166,2778
175664,4750
5967,4750
114139,19771
60795,19771
126729,131
161204,27
177818,339
244271,339
183383,1184
301717,150
7937,2381
143622,2553
109792,23
148967,15
39306,86
55980,2861
161411,1423
147846,162
229004,931
74228,512
212243,6993
271451,3302
280125,1269
83945,306
171260,1191
60949,1191
199553,987
93832,1241
55573,3026
53602,24
187530,5220
198086,12
138110,1627
169566,43
12802,2760
62451,1053
157508,1025
197491,1025
124155,4361
157494,130
240958,130
64793,4361
165885,2921
83891,3522
209864,2331
3901,750
119691,1386
290754,862
61757,1386
85528,862
135217,46
241527,46
197471,800
199976,800
238986,800
287681,800
53424,254
128361,3060
141654,1038
24480,276
55000,1038
55001,276
182680,265
252209,265
5544,995
193867,371
135082,294
167093,1050
35536,1531
39004,1050
166666,131
302473,204
183120,2282
226973,180
228912,2760
103916,6195
5668,6195
7612,13
263856,3368
229970,1220
138446,982
273812,4750
60614,19771
16408,16795
3755,3302
126746,714
158792,331
184961,583
3357,631
148208,16
168163,3057
207827,3057
44594,24
291111,40
68283,40
249644,1184
158375,1465
140191,148
251829,148
253765,1090
42266,1090
140497,618
47310,1506
193050,42
205550,750
227183,180
23817,987
85365,1050
181763,204
280701,3508
27490,595
37511,595
121483,294
101015,8024
120050,820
284983,28956
51283,3368
58009,1531
273738,13
282000,13
173559,3302
186796,3302
216464,368
126412,506
241481,610
182576,467
224098,940
196382,44
41665,873
71271,379
14013,3008
156965,2990
74641,114
220793,410
245537,148
235610,68608
51824,19771
16499,6894
182398,172
168162,157
303939,204
101118,29
27510,2578
88262,281
14259,29
175745,31
188077,2451
203415,589
292203,2995
11365,603
128899,512
164785,2759
104495,2760
189513,2760
204354,465
125158,2578
74860,2759
174706,3302
74587,28956
156896,2671
34839,2671
37783,2671
225886,990
28801,349
41609,349
251829,1150
61012,1150
264406,3008
37787,641
39827,641
244125,873
85706,2454
12401,603
3640,603
134270,931
148376,931
182912,931
187285,931
199527,1123
27577,931
110867,405
157368,1181
41242,355
39908,164
62688,164
16746,1039
110868,677
9707,21957
5516,6418
44062,1390
29414,1078
121232,379
121238,379
134416,379
134426,379
175996,379
181168,379
264220,379
169090,289
248045,289
118534,22
128912,22
198589,631
30365,441
6251,441
50477,800
51118,5
24913,35415
48930,683
255979,150
217149,3302
51547,3302
72883,3302
88542,46
41982,12
71019,1038
80894,12
19057,1091
73257,3368
85349,3368
157501,969
7337,370
151470,1075
81433,1075
23934,40
108354,750
212420,750
82324,750
146805,1423
3966,595
8060,1423
112515,289
42751,379
54775,603
90360,2759
52480,2425
96476,2079
16417,2672
192750,1519
4188,720
39932,2995
72643,2995
85774,2424
306463,1085
157884,68608
109008,1084
221899,150
35532,331
13783,441
41759,6418
106306,21957
83700,21957
206386,12
33046,252
66521,5
84921,6574
263843,1050
164735,28956
41990,28956
198513,931
147078,3302
20137,13
131163,2425
98547,2425
113052,1075
54716,294
193319,2424
221799,982
24846,982
268732,982
160986,3522
56762,3522
199763,1627
89027,1627
31696,6418
121474,281
227954,367
14195,68608
2956,68608
295389,653
306940,28956
4086,441
263627,3709
55884,1084
70645,2861
127202,157
33343,157
41261,157
47459,157
111786,1411
120306,172
90478,2727
132407,498
33709,498
80840,520
13412,405
40611,405
25742,3008
26443,1123
98596,512
271087,2451
67341,2451
111837,2759
144341,2759
61030,465
12836,2760
185570,132
275303,202
105811,1269
123349,499
215099,306
9602,1091
192018,2672
27244,2672
75964,7185
132002,1210
22339,1184
140808,58
65521,354
74683,631
155395,2990
149729,1085
84898,467
198070,133
39642,383
141563,5220
7737,128
173835,2079
55541,2079
55879,441
257482,2671
290876,1390
40660,430
44709,252
209936,6574
5889,6574
62415,416
21333,29
185237,982
67067,21957
117966,2760
311178,6676
56415,1269
268112,200
36500,273
15894,235
21398,1304
138736,10484
39247,10484
49838,1506
66953,1506
90959,1506
228370,11
14178,703
91841,39
93552,39
103547,42
88755,82
165331,4
63833,533
261406,15
2767,24
235275,354
152863,3508
189525,3508
86915,855
37773,370
143029,366
131171,200
163663,1268
34161,820
37873,126
41653,820
8399,126
98502,126
118998,114
57561,449
114143,20
122649,825
83886,20
94296,20
102017,6195
227685,1465
304214,1465
310468,1465
58988,1465
173900,294
182712,294
241641,294
13443,989
3755,289
94783,289
120706,603
190831,603
37795,358
61838,1237
169801,2793
29974,873
39705,1071
164715,28956
46073,21957
136181,23
124550,41
226184,157
73980,157
291110,40
62008,371
15760,131
67548,367
5574,133
131996,499
19953,2292
307494,2292
56026,2292
134578,3205
247645,2381
55389,2381
10504,6894
138409,589
47344,589
55839,589
68211,6894
7043,589
176961,141
58830,524
31645,430
3417,252
16891,1210
22186,6574
34239,6574
82048,6574
126480,2995
194177,2995
58175,1085
234811,982
196562,931
91286,350
118056,605
162571,605
165354,605
47426,605
59645,2672
68441,605
597,2293
111811,6418
90255,5220
44068,985
37304,3008
238626,244
12516,512
22203,379
210916,169
191680,441
41361,441
271966,204
29434,583
35530,6894
34527,42
53534,39
118847,167
45662,167
83485,520
102679,172
85873,601
120091,14171
22820,14171
310796,1147
42466,1147
42267,162
36787,931
55508,931
41242,2288
40612,289
72522,762
145988,603
28245,603
61891,603
16519,2553
179471,1519
55302,2760
55619,1084
89718,1049
124560,367
4158,306
56384,192
90885,132
126412,41
33862,3205
307362,589
143812,1390
174835,1390
85825,416
238993,410
47074,2672
20444,24
221076,3508
52117,3508
111041,415
93690,244
126673,1082
148955,273
37920,273
63223,465
78726,1075
4248,13
44062,150
77737,150
110879,1435
228444,1435
162061,200
255814,200
5636,200
129236,317
21515,133
157979,1506
47604,20
56386,20
74996,141
30638,6574
53288,276
5858,6574
5868,6574
72857,6574
55769,46
19438,862
111039,1210
126656,6195
2050,683
200521,7185
88348,7185
121406,5220
34400,5220
5586,21957
56976,1091
175787,331
34166,126
3458,126
45004,449
50413,126
23367,1038
6046,252
56607,192
41749,430
160357,4750
17328,4750
57226,4750
6087,4750
42913,467
109154,133
100101,1435
17880,1435
66106,681
162952,5220
16535,3060
33921,28956
57723,683
73636,683
213987,653
81163,1091
145840,1269
19319,200
36189,200
124223,6418
214623,605
26200,605
43264,618
177859,16795
190804,499
113938,114
40059,524
225744,1270
129593,82
117476,86
12106,86
103284,172
40928,172
6970,172
118538,2861
98283,2727
56811,58
140803,204
143622,28643
205569,750
33942,750
6270,750
148455,631
37787,2288
5825,379
157368,873
181477,984
34409,873
45693,873
62688,873
3270,1123
75144,1085
130963,68608
23307,68608
31776,1084
58774,1084
121411,1050
257851,1049
4277,1049
186282,467
23097,1090
231378,192
127768,825
255755,141
88374,141
28318,6894
29366,6894
56587,6894
58534,6894
76329,800
12351,410
28868,862
35852,862
45287,5
5588,5
119564,2795
248045,903
34563,903
161496,3023
228912,3020
45611,371
58579,370
2999,2578
44789,2578
306198,2079
124422,79
145602,2282
44760,995
51283,995
65,162
110868,931
141650,931
4315,931
31108,2424
89297,1075
236541,8024
48756,8024
50384,2425
111828,1301
6721,4750
35540,3368
53309,366
12883,3205
3413,2292
83692,2292
94807,2292
64118,449
83230,19771
29412,589
95967,20
179454,2381
29377,1025
35249,1038
21972,130
233654,1627
17735,1210
30333,252
37389,506
12142,12
52897,46
5509,465
193950,6676
164236,2671
162819,2990
66926,2990
22943,653
286071,7185
237466,415
270410,415
74687,415
90660,336
132214,31
20506,15
34579,2
52513,6195
290261,1075
242638,1091
307306,441
65072,1091
248219,524
49144,1025
160285,16
187492,15
162079,2861
129581,2727
127188,995
28705,415
214776,43
122696,903
90354,2759
154319,68608
75238,940
151189,1268
147045,3205
15069,820
67089,603
73323,603
226968,180
51088,289
120095,4
156779,167
33480,498
136054,1147
148489,720
211083,2424
5486,1049
261546,306
28862,862
55001,862
119164,130
20903,703
31553,703
20975,2288
69006,29
174869,2671
136646,605
285738,7185
2874,265
52270,2292
104233,141
44972,2381
49681,2381
57950,1237
45491,2700
9796,2700
19619,338
120144,697
137939,6992
43359,6992
48052,3426
74960,3426
8421,3426
159026,610
234868,2698
70212,2698
74297,398
34542,26
23076,20100
264299,5817
31493,5817
35761,20100
68976,5817
252233,1519
55573,987
6119,3368
55489,20
59196,60
106039,173
20861,865
34944,931
119028,1075
52828,1075
7528,6676
139440,206
50691,5724
78514,1063
22995,678
26751,678
14940,367
178219,1090
61809,499
110686,825
9369,5220
110861,1035
39522,358
235781,987
80197,964
212867,150
131090,720
6442,430
99353,1049
49656,119
269878,2778
15843,354
198400,16795
1321,114
75224,1423
303402,595
277782,987
63422,2553
170895,1531
45593,940
45710,3709
21398,192
59059,524
105478,3725
15590,11126
15593,11126
26741,653
119557,533
22501,865
274484,1082
149717,1085
258374,1049
214775,1050
315312,150
287417,2292
144723,449
46894,2293
98113,449
63965,276
62501,21957
264576,5724
86826,2425
142277,354
124733,2861
290595,415
183031,995
308432,1147
164928,14171
169801,931
100188,11127
47217,11127
48550,16704
52097,11127
55439,11127
62524,11127
260677,232
32622,232
240199,1269
115763,141
277123,19771
104514,2698
15647,2700
16690,2700
176618,2698
214257,2698
58568,2698
59411,2698
25036,3691
61960,3691
7252,964
24912,121
180189,68608
183204,68608
257135,2424
98101,416
242760,3060
221317,2672
22853,865
104511,2696
15077,932
26082,2696
106536,4128
146476,12438
164487,4128
188651,4128
35075,4128
53719,12438
53742,4128
82201,12438
13557,2578
158530,15
289854,190
184953,1075
236950,1075
86158,1506
315563,1147
250426,762
73786,379
141349,984
36233,2439
73691,1083
213035,2783
58413,16245
84980,16245
95707,16245
37977,126
185166,443
72395,443
238291,3508
308265,204
317806,2727
34773,6994
24011,2227
37414,2227
48206,2227
166745,6996
216842,6996
25780,6414
39316,6996
45353,6996
57901,6996
58008,6996
59826,6996
106632,2740
207877,10690
99863,10690
4513,467
179750,2381
27239,2672
34593,232
300538,16704
72164,16704
148657,631
29122,33
193104,1519
116918,40
303406,595
308428,1147
316419,1147
122152,2553
121238,2760
105362,6992
257937,6992
59982,6992
59024,6994
262373,202
177852,589
265916,141
59938,162
297765,2783
34186,2783
42641,6996
59893,2740
77720,276
234523,6574
257485,2671
111275,33
32779,82
217593,39
3730,11
72441,12
189475,79
5169,398
7797,252
92567,6414
243827,33179
121188,16239
216589,28956
46478,16704
282371,3709
24112,44
59985,2227
159029,6894
108830,162
280982,371
262718,4128
43297,16245
58956,16245
222079,6996
9798,6996
156556,2783
214770,367
58761,126
176265,141
95089,2293
147072,2698
290269,1075
58301,2425
27592,28956
164477,1084
124461,41
114658,16245
86811,2420
143891,60
159162,27
64229,415
144702,4128
103600,6996
177184,1075
58923,1075
114735,825
10329,533
48508,2700
103950,1083
248931,6994
321417,6994
8740,6894
174488,1390
289087,398
197333,800
254340,605
23496,20100
202228,148
71559,621
95990,1053
321308,4482
125172,27
30690,162
155304,3725
92575,2477
55378,982
321919,2425
332615,2425
189735,16795
45427,141
134369,1390
61568,1071
49143,1063
195762,720
145769,1531
204178,36
240955,1038
203647,6418
138789,28956
286533,5220
292343,265
206837,3060
17029,1091
267497,1091
274858,1091
24057,1063
96374,60
125858,41
183299,405
52647,3709
142027,681
291266,276
193128,2578
192565,33
307512,1147
322397,417
322952,4482
136537,6996
322915,2740
170516,42
170624,4128
160670,533
171260,2288
110860,29
319745,150
283239,206
241687,16245
267396,6993
272903,16245
272934,16245
323664,16245
97859,16245
7253,2293
199758,1627
242235,1210
213911,1390
85528,1390
166273,2439
236468,4482
250010,533
161549,4
94174,42
49734,33
147049,23
59933,2740
278357,940
21611,202
84281,1304
241324,317
19342,234
107184,825
187392,40
324182,14171
235568,2420
175601,2995
324329,2995
35554,8024
129586,720
203654,720
310482,1465
237665,1301
256695,1301
203309,20
205179,410
28007,1210
166237,862
214104,985
229970,985
2857,3008
43411,6195
120975,1519
203460,405
213452,6414
130264,33179
45527,43
161484,987
221873,173
124441,4
93763,60
184573,294
325175,2420
126888,589
197693,631
238185,603
200777,148
203464,1123
45494,873
240578,1465
28463,336
122155,418
303248,150
230485,368
260230,368
43061,825
7642,6195
193079,1519
132999,4482
325221,6994
279570,3725
260731,12438
309850,2293
282553,36
325801,2227
1572,162
5281,162
255930,995
191056,244
301841,855
209569,2292
301666,2292
308213,2292
125920,6894
296960,524
113619,1063
255897,1063
325992,1063
204145,173
336103,150
141832,1531
119549,589
209574,449
183029,1627
197470,800
207943,800
159778,1025
242965,398
39829,1390
225874,6195
99523,276
45185,862
240077,1210
28828,1210
226025,12
213976,338
237947,11411
150846,4807
136142,271
153735,18506
27017,10482
133829,420
103444,3832
276914,370
123639,801
159668,801
77314,801
95472,801
349917,19958
287931,4807
106721,370
170646,801
127770,12469
53228,713
53238,713
53350,713
193217,4641
156617,419
46415,419
120977,371
61936,3237
63899,197
58295,669
44084,10157
55976,663
55978,663
201311,496
141344,1189
215840,2817
316264,2817
281831,7769
47571,7769
59000,7769
105337,3508
122694,3508
134371,7153
159382,3508
182887,3508
80073,3508
168957,448
168959,448
215592,7918
274862,7918
15647,16704
63606,16704
46580,144
47513,144
161137,3426
330574,10690
59322,10690
17976,829
140678,1101
23389,1101
124025,6676
52045,6676
67235,6676
47389,420
37899,20
45168,20
78332,10695
162672,202
208095,202
37677,370
79573,202
81163,202
81532,272
179896,447
23201,20100
48764,20100
78576,20100
37290,5817
94293,5817
103128,5818
103433,5818
107116,173
110271,5818
15049,5818
20841,5818
20854,173
22902,5818
234375,5818
40023,5818
48868,5818
62402,5818
62678,5818
83882,5818
98215,5818
15125,1177
155617,1177
17880,190
18100,190
214056,190
24081,190
265040,1177
41818,190
44717,1177
52059,190
62026,1177
91851,190
103539,206
13258,865
110812,58
99637,498
112822,5724
264063,660
53270,660
68778,660
81649,338
203914,31614
133542,6676
25850,16704
49676,16704
157849,238
171376,272
22378,339
325429,2783
57901,2783
91366,2783
95649,2783
213265,173
237436,173
138679,3057
184935,172
331840,3057
56789,172
59791,3057
122945,976
129597,28643
15338,2282
285656,28643
29855,28643
38449,28643
52811,28643
125745,157
131740,157
13483,157
13501,520
160736,520
164902,520
323963,520
38960,157
40632,520
42735,157
56811,157
90583,157
111811,204
124495,204
13061,2861
192347,2861
197734,204
30556,204
320722,204
33130,2861
34991,2861
95244,204
10267,968
113872,968
124628,968
128304,968
130418,968
142929,968
143223,968
19892,968
20306,968
217776,968
276507,968
34382,968
80877,968
9647,968
106675,2410
15083,1083
158837,1083
45491,1083
114658,4482
139943,4482
269374,6993
45343,4482
56698,4482
58933,4482
82599,4482
85938,6993
94928,4482
121026,6992
121030,23611
130041,6992
166575,23611
193257,23611
202840,23611
215596,23611
226208,23611
241687,23611
242279,23611
27151,23611
272934,23611
36238,6992
36364,6992
39253,6992
48989,23611
59142,23611
86931,6992
91376,23611
91448,23611
292775,3345
113358,354
124884,1184
129579,354
160380,354
181791,354
22348,354
46185,354
49802,354
96228,354
111043,29228
118292,29228
126683,29228
127143,29228
13078,29228
148396,29228
164925,29228
174285,29228
182446,29228
190917,29228
30546,29228
52209,29228
62705,29228
239802,601
125291,6996
166588,6996
203856,2477
34941,6996
58403,2477
118850,660
24032,6994
58961,6994
43332,2740
58150,2740
25734,6414
149579,206
264595,11125
40205,114
4489,234
45671,114
200512,409
53418,409
14274,786
35939,964
112640,2784
102744,1082
94523,3057
73323,371
205023,383
72522,383
339559,2421
26014,1506
3975,1506
42941,1506
52006,1506
56026,1506
34186,13499
68980,3426
36233,121
38003,121
47893,121
113045,416
162569,416
201040,416
21972,416
22203,416
126542,1041
28335,1041
157368,3008
22614,3008
171410,2425
332612,2425
53841,2425
64371,2425
207889,10690
120501,24326
147043,452
46010,24326
200789,3508
139546,6676
40429,39
42732,6676
43984,39
5336,6676
96817,3060
90024,681
104918,1177
104201,2698
137206,2698
95438,2698
19083,190
96331,173
23379,339
28179,339
150284,6996
173253,6996
244264,6996
58947,6996
59423,6994
132764,3057
221133,3057
137939,1184
266302,1184
42731,1184
53455,520
81512,1184
142924,968
61758,968
134277,29228
170914,29228
56935,28643
98339,29228
124870,11126
145854,11127
15666,11126
207528,11127
38801,11126
45511,11126
4678,11127
51232,11126
53299,11127
59950,11126
60134,11126
70220,11126
79423,11126
98543,11126
107218,3729
117847,3729
129038,3729
15078,3729
2138,3729
25651,3729
52475,3729
60191,3729
63158,3729
72175,3729
89399,3729
89400,3729
89812,3729
97208,3729
106617,1186
117802,1186
117808,1186
126145,1186
211740,1186
231873,1186
29246,1186
33430,1186
34602,1186
36227,1186
51630,1186
72873,1186
74985,1186
90222,1186
1423,855
164897,583
39909,855
46007,855
51030,855
6980,855
182685,1269
183720,610
191891,610
64506,1269
93081,610
78754,5818
111072,23611
166745,23611
193270,23611
58413,23611
93105,23611
97727,23611
97835,23611
243841,2477
325420,2783
138649,4750
149721,3508
284732,204
15075,1083
87262,1083
106539,28095
111667,28095
155334,28095
183646,28095
211025,28095
25879,28095
31868,28095
38790,28095
41037,2439
48987,2439
60206,28095
60790,2439
67064,28095
69011,28095
75213,28095
76075,2439
86100,28095
97205,28095
16791,932
36881,932
104605,4128
126352,4128
181179,4128
205006,234
60799,419
58928,39097
207074,29109
210689,6992
24043,6992
253722,3508
275457,3508
19312,2282
125314,416
22328,416
135490,1041
300138,16704
9645,16704
165975,1269
228942,1269
37850,200
44787,200
60317,200
153637,5724
120211,6996
317806,498
12386,1421
38810,28095
52453,28095
72165,28095
75214,28095
102660,1455
104376,1455
125769,1455
182582,1455
192875,1455
211331,1455
226524,306
273132,1455
274640,1455
275882,1455
31111,306
40022,306
41351,1455
60951,1455
64490,1455
99517,1455
102134,317
108601,317
168942,133
277137,317
43228,133
56611,133
93393,317
117671,798
125693,132
17320,798
177821,798
190633,798
191395,798
196860,798
199243,132
247007,798
249118,132
277112,798
49640,798
56381,798
57303,132
64439,798
67220,132
73504,798
85670,798
95673,798
116636,1090
14124,1304
198513,1090
227075,1304
228645,1304
6403,1304
6853,1304
54816,6994
331550,354
250591,968
36189,968
41102,28643
62700,968
80599,28643
11359,511
120070,511
121403,2553
12703,511
128285,2553
13932,511
156775,511
22802,511
244273,511
42609,511
42874,511
43734,511
57530,511
63223,2553
65692,2553
72989,511
12807,2999
173192,2999
175841,2999
186269,2999
186589,2999
223050,2999
29391,2999
31090,2999
43252,2999
58813,2999
61586,2999
70879,2999
79620,2999
131172,465
137153,465
183771,465
62077,465
64511,465
120629,595
138199,595
145416,595
14948,595
179184,244
289216,244
31952,595
333802,595
77974,595
98334,244
111038,1162
111527,1162
157500,1162
189940,1162
20313,14171
205562,1162
22377,14171
225083,1162
228891,1162
28328,1162
34160,1162
46006,14171
5338,1162
57370,1162
74709,1162
79110,1162
95604,14171
95680,1162
111053,347
12093,347
12515,347
127177,347
129679,347
132056,347
154209,347
174694,1082
190685,347
202035,347
34532,347
5566,347
57367,347
66926,347
68868,347
103565,40
139279,40
190780,40
334006,969
81056,969
93726,969
98351,969
118732,826
164912,826
182894,826
264567,826
266359,826
276255,995
33447,826
39893,826
39913,826
45259,826
53399,826
5687,826
60607,826
68718,826
77745,826
91469,995
73457,415
75058,415
95182,415
34396,11126
232093,1186
61953,1186
115507,281
131248,11
19948,281
215118,11
27306,11
40433,11
51174,281
23492,1268
309944,1268
3321,234
45601,1268
107969,1435
123521,1435
173674,1435
186228,1435
186858,1435
187291,1435
67245,202
71085,1435
181779,499
4634,499
57895,499
119256,403
140799,403
187598,403
40436,403
60971,403
64352,403
79193,403
80756,403
83951,403
331975,5817
103127,5818
62065,5818
74821,190
134402,173
4383,206
248934,339
146509,1519
176555,1519
205878,1519
34652,1519
62080,1519
117793,2759
129074,2759
18502,2759
226935,2759
49450,2759
60080,2759
71130,2759
127610,273
20081,273
213368,273
37788,273
84301,273
102779,1158
182618,162
236414,1158
98315,1158
40687,121
64711,11127
106207,3729
209781,932
36212,932
54291,3729
14192,294
153427,294
189516,294
258626,294
61423,3426
334728,4482
91358,4482
170919,10690
144696,3733
165007,368
31909,418
45184,368
88103,418
88490,368
106631,1186
105521,16
124502,16
126719,27
195051,27
38253,27
44466,27
73782,16
12589,371
175737,2578
131180,2451
229268,2999
234795,2999
331074,465
277785,987
12758,2553
69412,2553
14678,2760
290349,2759
52101,2760
77569,2760
48486,121
104705,2698
58415,3729
316137,1083
44903,1083
182381,232
94307,39
126414,15
140579,15
206386,15
228433,15
126956,1301
157036,1301
190553,1301
68203,1301
72939,1301
44465,865
316280,23611
335191,6994
22642,1162
164451,3057
276768,29228
102226,18
42205,18
42783,18
47285,18
161011,79
20276,79
66100,79
157648,1622
25427,44
4315,44
51168,44
58124,44
79377,44
38266,2
37216,42
75852,42
81999,42
108537,3
108650,3
1126,3
117469,3
119277,3
15300,3
16565,3
38267,3
41023,3
52830,3
79967,3
84435,3
84938,3
217918,132
131821,1269
288125,1269
39665,1269
71099,1268
120034,133
69651,499
25553,873
42411,873
78959,873
10003,1003
108725,1003
128906,1003
149237,1003
157506,1003
16911,1003
171424,1003
3296,1003
33065,1003
33963,1003
54890,1003
55687,1003
56872,1003
73491,1003
134414,985
141660,985
22388,2288
29692,2288
77932,2288
90466,2288
99343,985
121280,1039
129627,1039
234803,3008
3235,1039
3292,1039
37442,1039
3807,1039
57207,1039
77274,1039
15773,512
3548,405
4277,405
44675,512
57515,405
62049,512
9619,405
128912,984
17804,984
37171,984
39010,289
4115,984
52119,289
57079,289
77329,289
139503,379
175722,148
66934,379
92571,379
100127,2990
126203,2990
127769,2990
139336,336
166628,336
198484,2990
203532,336
332220,2990
335380,2990
44662,2990
58268,2990
94450,2990
184310,2420
203655,2420
23270,2424
25106,2424
324321,2420
37414,2420
45465,2420
70209,2420
335192,2740
43060,6996
58046,6414
251587,1519
277114,371
207109,2760
227618,2999
87789,2999
175739,2553
264478,2759
182889,826
108354,1158
152873,417
33847,347
111026,595
127032,583
169090,595
253125,595
46741,583
125783,273
109256,24
176485,24
2050,24
39259,24
74295,24
190358,1186
34643,1186
111867,28095
36350,964
48557,28095
90478,601
140786,204
322702,204
45161,498
62749,498
69401,498
160938,60
30942,60
42079,60
46162,167
50303,167
54137,167
89659,167
117478,86
128488,86
36207,86
74996,86
10503,127
2201,127
22542,127
2453,127
32845,127
39372,127
46716,127
48081,127
51069,127
53602,127
54964,127
64791,127
82863,127
4687,82
93704,82
95639,94
132529,533
14533,533
39106,533
51676,533
55089,533
68033,533
19061,403
273001,200
331282,200
117149,798
187293,1304
41511,1304
162029,31
226965,180
29594,180
36139,180
37304,180
37838,31
40611,180
49655,31
52570,180
113707,762
246968,762
258188,762
60744,762
61637,762
61644,762
129990,982
131574,979
134580,979
14282,979
175600,979
197157,979
258745,982
272259,982
35455,979
42976,979
44780,979
56005,979
61764,982
75298,979
75420,979
85312,979
113025,2503
130940,2503
13222,1075
143794,2503
150846,2503
152093,2503
158402,2503
161093,2503
167165,1075
171043,2503
210711,2503
248903,1075
291986,2503
61730,2503
68560,2503
85766,2503
88598,2503
98547,1075
130845,2995
151205,2995
59823,2995
75035,294
125172,1085
129124,1085
14331,1085
168683,1085
198859,1085
212832,1085
258263,1085
269927,1085
34029,1085
66008,2425
158380,68608
74196,68608
79933,68608
178329,20100
74124,20100
129200,6692
44294,6692
241641,162
39717,40
290872,244
58516,969
41355,618
44045,618
59957,1421
67955,1627
120175,4083
163568,2331
124384,332
54916,332
56976,2410
61389,3729
36812,2698
24118,16704
308541,1083
49251,1083
159748,968
39102,33
45660,33
21905,41
108390,631
3924,631
44779,631
8806,631
158427,8024
167216,1465
203654,1465
212413,8024
239287,8024
24880,8024
35513,1465
72578,8024
155042,5818
72171,11126
105207,4128
78332,4128
70789,6195
93128,6195
44573,678
62481,2784
33953,3057
109038,46
19726,46
37389,46
60573,46
31041,18
128219,1050
60604,6676
217111,317
123497,1091
14940,1091
92180,1091
114299,865
126412,265
40795,429
192765,148
173131,982
27954,419
162395,449
176961,449
34753,449
43760,449
45865,449
56518,449
68523,449
8060,449
177907,3008
25520,383
150568,1506
21763,6574
190222,133
49730,82
155843,18303
107958,862
110925,862
124555,862
18934,862
26105,862
26263,862
30853,862
147183,3729
51912,3729
211107,2420
235643,2420
34576,3327
159668,306
203914,306
63270,1455
58489,15
1986,167
224884,167
86175,42
59027,60
122675,3
51176,3
271371,1301
123252,336
236960,8024
33706,336
110309,1049
12249,368
207922,368
221025,1049
255901,1049
30749,368
54781,1049
112668,3302
133794,3302
181477,3302
183647,714
230784,3302
37834,714
40442,714
55240,3302
58799,714
65233,3302
71548,714
77262,3302
8184,3302
128220,1084
261927,1084
49500,1084
125735,897
126625,16795
149716,897
165012,897
165467,16795
176285,897
22586,897
30666,897
45256,16795
56777,897
57785,897
67548,16795
7881,897
83368,16795
94414,16795
96540,16795
45509,762
51226,405
49101,1003
61560,1003
120610,379
183286,379
26456,379
137669,984
64308,984
186997,29
93664,244
111048,1158
80191,1158
12503,417
295619,21903
237623,6993
280064,6993
339845,6993
340773,6993
343154,6993
343155,6993
91698,6993
59440,2783
213975,6996
55484,660
213865,338
143967,2477
129386,458
139173,458
16651,458
167727,458
206542,458
22210,458
49521,458
76163,458
118689,800
119213,800
173859,800
20726,800
20913,800
33442,800
102745,1390
124560,1390
12907,1390
288506,1390
291266,1390
83877,1390
62716,332
153735,4128
192930,4128
159622,3057
5578,172
13073,3508
49641,601
14792,2578
186292,465
10183,653
113052,6418
163654,6418
16375,6418
16529,653
177321,653
234237,6418
34285,6418
5315,653
55976,653
74306,6418
9369,653
10254,7185
103680,5219
132647,7185
147028,5219
160413,5219
164470,5219
192124,7185
20124,5219
28004,5219
28594,5219
45860,5219
51951,5219
55959,5219
60132,5219
72218,7185
81588,7185
87423,5219
89762,5219
121404,683
130108,683
136641,683
143852,5572
15760,683
160139,683
181380,683
182687,5572
5283,683
53077,683
55734,683
61857,5572
77828,683
83696,5572
212191,200
128905,499
335209,499
216815,202
125103,127
16743,127
51190,127
336891,2425
204453,2503
336697,2503
41208,2503
127706,2424
140160,1085
149532,2424
214654,1085
89584,2424
91885,3368
92813,3368
99499,3368
168959,940
208715,3709
271988,940
52428,940
64399,3709
65331,3709
66099,940
160182,1531
174344,1531
205938,1531
223725,131
32467,131
33210,1531
40423,131
44069,1531
44073,1531
5404,131
58345,1531
119622,1533
142419,1533
158849,1533
178425,1533
197545,1533
37399,1533
44514,1533
51510,1533
51559,1533
61812,681
62913,1533
77026,1533
89313,1533
89618,1533
95483,1533
13427,512
43722,1039
63342,1039
118534,985
278553,826
60603,618
206890,21216
269677,6414
337198,6414
59136,21216
156128,10690
166587,10690
255639,10690
272776,10690
340866,10690
111196,398
19694,398
47065,398
84545,398
115382,410
29316,410
169052,252
32113,252
34239,252
39831,252
54984,252
59340,252
6160,252
75942,252
167741,276
29311,276
34283,276
45717,276
73048,276
98888,276
85605,1038
16137,1429
163222,1429
24305,1429
28817,1429
28851,1429
30332,1429
6012,1429
61786,1429
67556,1429
70203,1429
8206,1429
84845,1429
111347,749
143812,749
162959,749
163683,749
200056,749
22749,749
230552,749
56912,749
6020,749
84903,749
87884,749
94936,749
99254,749
104514,11127
183137,1083
33866,58
99345,28643
129591,520
241900,68608
15432,128
16597,128
269861,128
44629,128
45353,128
53871,2079
55879,128
6087,128
61258,2079
64385,2079
73161,2079
87052,2079
88212,2079
101214,2671
287240,6676
54794,6676
127766,21957
188588,21957
230409,21957
42938,3060
58152,21957
86880,21957
328960,28956
35328,28956
3900,28956
45985,28956
71981,28956
75521,28956
88242,28956
20750,265
21447,2672
332802,2672
46971,2672
63209,2672
76297,2672
131163,1075
38780,979
106837,367
111082,367
223053,367
53239,367
55135,367
64484,367
74297,367
120705,993
149231,993
167093,993
240039,993
242548,993
34564,993
37397,993
51489,993
62713,993
73076,993
75238,993
76699,993
79470,993
81743,993
119296,31
144303,31
207917,31
136514,5220
15717,5220
182688,169
191850,169
192409,169
253973,169
267533,169
329517,169
336104,5220
35641,5220
41080,5220
57482,5220
59154,5220
67067,5220
7682,169
93670,169
230500,11495
192009,621
191422,18
212931,282
299121,1269
180834,932
130964,982
237481,449
229604,681
162567,2425
193955,7646
214860,7646
14863,1435
224001,1435
282073,403
88074,403
103890,1085
13389,19771
166725,20698
173468,20698
36478,20698
40858,20698
42539,19771
45846,19771
46056,20698
47604,20698
51819,20698
55255,19771
58810,20698
61743,20698
67570,20698
7394,20698
76324,20698
90936,20698
93085,20698
21245,126
216603,820
33668,820
45001,126
55839,126
74639,820
115507,1049
127987,1049
13038,1084
195171,1084
242532,1049
256680,1084
184767,3302
167329,417
209019,157
178682,980
282679,3062
206568,21941
288245,1268
31131,1268
186763,1090
187603,1455
241457,1090
264014,1090
187188,798
321327,798
186704,200
7476,27
89592,44
34557,82
49723,24
53669,41
61591,41
230937,1465
240220,68608
248105,2420
100303,6890
111063,10484
21370,6890
23966,6890
33530,6890
37839,6890
45340,6890
52261,6890
7152,6890
8691,6890
114400,825
135082,825
157058,825
16833,2293
216598,2293
29411,825
39912,2293
46897,825
47184,2293
50774,825
8487,825
933,2293
24379,20
31867,141
72772,20
8491,141
101277,3216
116611,3216
154414,3216
179454,3216
21480,3216
21488,3216
291764,3216
6873,3216
69246,3216
7041,3216
7345,3216
76281,3216
85783,3216
126741,714
129476,368
221316,714
263727,714
118008,993
67808,993
91763,940
67544,1533
74954,1533
252677,3368
61344,621
112302,506
119164,862
243714,506
104752,12
124902,430
171307,430
3182,12
5486,12
87210,12
157849,338
90768,23611
182242,2760
180317,2759
20980,2553
110357,987
36709,2578
10029,465
200202,1519
37852,826
45320,985
26764,281
59866,512
121279,2288
121686,984
21725,631
4257,29
93905,29
51882,1186
120501,7185
121850,7185
129200,7185
235745,2671
119081,5220
229263,28956
25668,28956
34200,28956
65343,28956
66960,5220
157535,683
80205,683
300447,3690
73691,2696
234193,29228
321571,520
333004,204
335856,28643
126695,3508
13372,968
9604,968
20506,383
134999,234
196836,39
58437,60
85554,979
224677,1301
163295,982
198974,982
329212,8024
240773,2995
56183,2995
96731,2995
77314,3426
63422,2778
44722,173
106181,6894
160080,6894
37091,6894
50657,6894
62374,6894
6949,6894
83275,449
85585,6894
98512,449
184932,524
24523,524
2587,524
55346,524
58816,524
78236,2381
86536,524
91948,524
117518,1506
4248,36
65239,367
129753,1531
186862,1531
295331,16795
72315,16795
199369,131
185593,276
62415,276
104466,130
138584,1429
169533,1429
205677,1429
33763,130
6033,130
66280,130
102470,252
31067,6195
74821,252
15420,5
16993,5
34370,5
73786,5
16873,458
20003,1038
24316,1038
244927,458
52328,1038
55385,458
66109,458
84622,458
160825,1390
57285,1390
76061,6574
169249,416
60889,46
163690,749
16408,410
206717,2783
237947,2783
244271,4482
160354,511
46809,595
234249,347
46831,347
53238,347
9988,3008
45146,31
197838,1003
44367,2410
57631,28095
19638,128
36119,5219
95730,5219
96676,5219
51956,5572
67066,2672
274848,1091
92569,21957
284856,169
124700,2741
15593,2374
27019,2374
88610,2374
258374,3057
112611,2503
185937,2503
119191,5818
195162,653
3771,2079
62460,2079
108820,648
89450,237
167800,1842
204138,1842
140032,294
199248,294
121990,3302
126722,993
193515,993
251883,3302
29065,993
79352,3302
93330,993
290951,162
118074,865
193592,865
15045,610
272694,1304
129688,317
79121,1435
187245,403
187601,403
25523,234
29324,403
30290,234
36802,234
55751,403
111180,1269
81785,16
196231,33
37013,39
53173,39
7161,39
7971,44
16956,3
75680,127
291981,1075
85842,1075
17555,68608
99189,68608
123256,820
127048,20
121528,825
123527,825
12563,141
74776,141
9967,141
56837,20698
64890,20698
73090,2293
90960,20698
45596,6890
49838,6890
92947,940
50935,418
125931,3368
181136,749
28841,749
128223,506
5285,506
112640,2783
59434,2783
89556,2783
324521,6992
264063,6414
160346,370
71273,371
87282,371
98596,371
182587,2760
192557,2759
21449,2759
43259,2759
182910,595
55595,595
120651,1158
51040,190
3163,281
67063,11
45121,631
85475,2288
35193,873
41416,873
45623,1132
42710,180
57423,180
67283,1003
7520,1003
127160,148
76077,289
54576,984
6855,984
43530,31
73484,405
288721,2698
74985,3729
93177,3729
284547,5219
54820,2079
130427,653
60164,683
74300,683
138812,58
150076,204
156618,58
118309,28643
20852,3508
52585,3508
80709,3508
9643,172
110078,417
130110,347
204195,347
103563,415
41242,1421
87422,1421
93732,1421
221317,29962
15894,133
64355,133
188660,798
119557,42
161204,41
18909,42
226009,41
39426,41
55508,41
48164,24
118317,1465
199099,2424
20386,2424
74621,2995
147487,720
230457,2420
141224,1301
101506,2990
138285,2503
176997,2503
209015,2503
267556,2503
146805,449
76386,449
157993,6894
204404,6894
46845,524
54175,524
10139,3216
85405,3216
69609,714
148666,3709
207302,368
43264,368
188853,367
193098,367
45599,367
185245,16795
129129,1390
56854,800
99232,800
197300,430
40660,252
61546,252
144779,6574
35865,6574
16731,398
30782,398
57389,1429
61751,1429
16868,862
88542,862
44709,130
57280,5
76406,130
90118,130
197747,1038
6234,416
193158,6996
49018,6996
127770,6994
194218,14171
5286,14171
177859,40
55046,855
60583,855
147043,1082
149996,206
46972,206
12282,985
13582,1039
39152,985
74590,1039
89718,1039
93176,985
93056,28095
124286,1186
16690,1186
26591,1186
59491,1186
136643,6676
78496,6676
96661,169
125918,6418
16535,6418
191854,3060
57016,3060
77287,6418
110320,2672
24008,2672
147094,2282
242808,2282
262226,1184
314959,2282
45864,2282
28987,29228
42913,157
168158,601
45328,35476
52270,2381
7264,2381
91945,2381
27374,897
5169,897
64411,897
103674,276
87162,458
16971,5817
52117,5817
123742,3008
126321,379
18900,3008
27394,379
39883,379
70950,3008
76608,3008
214715,4128
50355,11127
156721,21957
56786,21957
56807,21957
83700,5220
85113,5220
92567,5220
95272,5220
99495,21957
21748,13
34289,683
121756,506
225335,162
191217,11
57480,12
45124,27
181112,131
74857,131
158057,621
12979,449
43256,618
189452,416
84870,2282
45314,148
20137,114
45639,371
17592,1465
63252,121
32617,430
40633,430
55282,430
55997,430
85825,430
93309,855
111965,1091
9836,1091
84085,368
153238,3057
98101,144
112552,301
129444,6195
126413,403
45178,44
198736,820
88983,2760
272698,1455
43759,798
65256,1455
6931,798
71103,1455
182575,1435
262613,306
171167,39
303412,16
148209,41
93535,127
24846,1085
273438,1075
45593,3216
83943,126
110690,20698
144451,20698
147518,20698
72567,20698
41749,897
238865,16795
165873,749
189410,749
7767,5
234794,2999
265513,2999
41261,273
82389,273
122538,347
5461,347
73120,347
339844,6993
318361,2740
37525,5818
113084,2672
130963,128
24337,128
143850,2079
255748,58
189839,1184
49899,28095
98558,28095
113996,133
227532,383
63469,200
149655,68608
74444,1301
22412,294
236748,979
189453,336
337873,2424
92899,2425
112578,524
291178,524
16499,1506
162079,993
51058,367
163582,800
20005,800
34336,130
74448,130
96454,252
167895,1038
148751,416
38824,276
91716,276
125251,410
48870,855
4241,984
73522,1003
141655,873
90681,281
22832,206
200521,5219
127693,5572
46728,5220
161282,3057
103585,1465
94037,449
149516,114
212899,1049
69819,3709
288856,339
22887,20100
119028,6418
202221,6418
67836,6418
1662,60
79422,418
147034,5
170463,415
261886,5818
36237,678
40027,5818
40028,5818
166460,1177
69306,1177
103444,5724
257324,5724
283211,5724
293134,5724
150058,232
181204,232
263963,232
271743,724
273004,468
56415,468
273588,132
278021,1455
283149,1455
37912,1455
220896,1426
162694,723
19987,2672
116872,3060
157539,683
160670,16
157373,15
124083,41
192266,41
18091,1533
89318,1533
35536,367
45305,1084
58426,131
244192,276
7611,276
136605,1429
221815,1429
124384,458
181778,458
28984,458
41112,12
17735,1038
44059,862
5873,1038
125020,347
75282,1158
262608,1082
148361,369
48895,5817
214238,2410
215134,2410
256116,2410
256121,2410
263918,2410
322309,2410
106617,2700
60979,2700
114728,2698
334440,2698
55360,3729
55538,11126
55396,2439
103950,11127
123485,11127
33894,2696
72164,2696
59209,1083
260650,798
59645,798
225339,610
7288,610
122647,133
220976,133
45531,133
85670,500
207048,1435
295393,653
342017,653
207194,21957
223283,21957
336638,21957
129744,2079
31348,2079
115860,28956
41788,28956
96818,28956
136642,169
232875,169
267546,169
3539,265
13175,2503
13964,2503
158490,2503
237000,2503
73321,2425
336701,2995
352559,2995
149724,68608
58301,68608
134603,979
205566,979
48699,979
80144,979
89297,979
61464,3709
14535,993
182712,1049
88590,1049
43082,410
148498,3834
160361,317
147846,383
231378,200
123601,5219
329497,2671
68440,5219
94781,2671
75446,39
62552,2381
324882,499
38266,60
202925,3
28252,127
177547,1075
76598,1465
187896,16795
166237,12
311351,465
225744,370
123539,2553
107550,2759
12654,511
270596,511
33942,595
286378,1421
342383,1421
290770,855
156934,29
37442,1003
128911,985
167268,985
183288,985
200512,180
250478,180
36866,289
35435,6996
342138,6993
342139,6993
273773,3508
80188,601
26099,2990
291324,2990
85223,2293
189458,3709
95480,993
29208,1429
28868,749
28936,862
170994,1162
128900,1132
82550,2672
13028,204
19693,204
138350,68608
77708,26
73396,11
245027,1465
19442,430
272687,499
169931,2553
326589,1519
108709,1455
143029,60
263685,3
49795,1533
59349,3368
207924,367
9956,2578
118534,1132
177130,3021
279614,3021
192504,2575
90604,29228
241375,202
184915,2990
125019,294
50143,294
64339,294
7043,6890
286384,714
35448,897
252767,458
216259,130
233654,1038
130353,1429
311438,2778
42624,6414
47344,3057
90552,2861
264046,16795
71904,367
282041,583
322351,826
244915,4482
202793,234
241241,132
4451,317
62800,79
34543,3
217169,524
58378,6890
96734,6890
15461,3368
253839,418
170838,12
74314,862
54757,2759
186176,2451
188501,347
98274,347
69006,162
332889,995
3876,405
164914,6676
168174,354
186593,29228
187908,28643
30003,1269
201861,897
45882,897
58115,1049
73185,897
184894,1038
111893,458
270188,410
126643,1039
95976,1039
55978,653
16444,2672
33950,3060
1443,190
280076,6993
49030,6993
58946,2477
261912,968
41914,749
33031,169
157509,631
258889,631
116614,496
269467,294
111873,11
73092,46
35251,430
137174,368
277962,1268
317412,1268
336724,1085
8840,2293
21703,370
170963,826
182962,826
329221,415
332134,826
241500,1090
119555,42
5966,42
165472,41
135173,2503
14551,2503
345053,2503
73244,993
18644,1049
44352,131
85627,511
46715,2760
12674,2759
25389,2759
227240,995
291140,40
324344,3060
48424,1186
234752,982
84902,1301
16888,1429
9824,1429
15981,410
58013,653
48550,232
263956,964
177276,660
203842,660
108198,42
110885,42
216443,610
252755,610
123140,1283
329493,132
21552,1426
320265,865
264423,5781
184948,204
308279,252
58073,6992
122235,6993
272812,1269
284165,383
227039,362
62462,362
167794,206
290555,206
333684,20100
22340,968
286042,520
162038,418
47609,1186
331672,169
226802,2671
234053,2671
17029,21957
195072,7185
242653,3060
241365,2079
288268,2079
62966,2079
96761,28956
337537,2424
24195,2995
352558,2995
215180,190
289855,190
26815,5219
284510,5219
175709,42
196834,24
251079,20
85679,2381
285920,46
98063,2999
345536,1158
5451,1162
290551,417
134424,1003
16947,1003
132203,3027
184954,3027
193362,3012
91273,3020
193079,2802
203342,58
287579,200
181751,126
252800,524
7797,862
182811,244
187718,172
143622,2503
196900,20698
47659,289
5668,289
83895,26
238980,46
26276,148
53555,19771
265471,6699
215089,1090
187491,79
247189,367
66407,1162
129063,2759
183943,2783
47375,6996
110867,972
148911,3884
284763,899
163744,352
71226,3371
173832,2814
245334,2793
155233,1031
12693,11177
27053,1088
198587,1211
222024,2262
73492,349
92548,1078
242434,2413
160986,749
200194,506
22217,458
189070,2288
332928,7185
141350,1060
186923,3688
189039,1045
104495,2964
295652,1112
10501,466
183299,466
110864,2454
61012,1042
177952,1302
63334,798
16315,127
22952,19771
24480,3216
8689,6890
197473,800
240365,12
203516,1421
331087,465
331089,465
45527,465
16617,520
29220,204
326997,202
89480,1269
79501,79
192294,41
282663,10484
313334,10484
71002,993
104290,130
16117,130
263027,410
182813,415
200953,370
157125,601
176538,20698
252688,3302
57854,141
264646,6414
249126,148
159037,41
190284,86
89542,86
38978,273
14558,3001
67232,903
120975,3021
271441,968
141210,2990
72283,2990
215977,14171
348269,6993
204176,820
31316,984
188498,839
21829,276
287700,276
37633,276
286415,714
99349,714
172015,418
282421,418
104642,4128
71019,2921
250844,595
303414,595
102427,289
195605,281
22185,800
287663,1429
29604,1429
85240,252
14542,2079
191987,131
177065,993
27292,16795
63706,993
8176,16795
29559,1084
337527,897
268958,368
329648,368
104395,2698
188338,1038
23367,19
240252,1038
34909,19
147462,681
229812,681
22484,865
176936,3302
187673,3302
221311,3302
257813,1533
321247,3709
71601,1533
13686,3
119085,294
95967,19771
226005,1531
255508,621
24105,417
178024,595
128895,762
289510,58
310131,520
264406,1074
207929,991
244130,986
99508,200
250471,317
93768,86
94230,825
241109,826
205533,3057
30379,1060
347895,1060
315185,180
182710,294
72768,294
285845,11
285847,11
33862,141
119563,3194
202886,631
198116,46
262521,46
241074,416
279254,2282
275685,114
260301,121
287903,430
168159,3057
221766,234
250450,234
121260,29
183298,29
242412,29
258884,29
258916,29
59420,6414
35491,6195
598,24
138141,1085
329722,1085
241382,1269
291760,820
348040,10484
56889,458
75118,2995
200798,1184
242575,3216
235634,2420
243783,1301
229005,162
344151,244
292665,2861
201737,60
65263,131
109436,86
178117,2079
162043,681
229804,681
258519,317
159522,39
120095,720
182578,383
263555,200
317420,2381
291758,820
5639,1162
226964,180
339560,28956
331094,465
224947,58
331573,172
147265,354
129893,410
257139,979
57255,524
196524,141
227185,180
326363,979
291939,2503
255532,449
122077,336
154319,336
167317,336
169006,336
193081,336
198728,336
241160,2420
256977,336
257459,336
292558,511
35315,511
204201,20
126417,2293
278359,940
279869,169
245585,1194
128909,1110
195652,22
168408,762
229970,1003
288952,762
36884,1123
70245,1123
132214,1237
169566,2288
131708,641
183334,641
202228,641
42748,641
56066,1049
225122,294
9852,3060
336105,5220
3201,265
192500,511
49551,2759
347618,987
111432,1035
291749,820
65236,128
39831,276
77003,252
15185,46
21748,5
175448,3368
121406,683
27581,5219
164729,2672
36845,5220
80441,441
281024,6676
281040,6676
52874,6676
351487,28956
47431,28956
7767,13
177046,714
253878,3709
331208,128
242637,265
46062,265
342345,6418
182963,16795
262554,16795
71671,897
256008,416
176218,2990
295169,2990
108831,2420
292775,2420
18945,68608
57208,1162
79893,855
170976,1158
26456,1039
72768,2288
16375,169
347546,987
86918,511
128219,3302
6160,800
37278,1390
38602,1429
112343,6195
52480,2424
139337,982
236748,982
281831,982
352425,982
147602,347
236041,415
53173,512
27805,180
127051,5220
153427,993
74314,993
53350,1084
255243,1465
353211,2424
215122,720
324329,976
42425,128
97616,1091
18947,2672
17976,6418
251260,653
167501,5219
26263,416
6058,416
200190,1390
255942,1390
46415,1390
47435,130
63899,1390
279090,940
280701,940
225593,3709
285957,3709
58064,3709
142022,16795
332593,979
182991,8024
9335,294
172623,336
21354,2503
142310,1075
243589,148
287631,276
226074,131
268670,131
276050,1531
288454,1531
192985,202
43228,202
7512,1533
228900,40
182578,132
188888,1269
273004,1269
31025,132
56370,132
19325,1455
202793,1455
268113,1455
186790,133
86792,46
256361,12
292813,415
57404,415
200320,1082
232271,1082
95604,1158
191182,826
127987,405
127194,873
46580,1003
3875,289
111837,465
215592,157
261963,29228
274862,157
120785,2861
179896,2861
235234,520
9602,520
12908,3508
33709,3508
45140,3508
116614,306
181375,200
242532,16795
46215,1084
39799,6195
22203,130
14274,2424
14511,68608
323589,68608
181781,1465
139394,2995
193830,8024
234449,8024
129990,1085
273980,14171
34372,618
88057,2672
45858,1091
110726,204
289587,58
50384,204
66616,204
104219,968
61715,968
249526,1184
45187,5220
280536,2451
79192,192
88909,749
12673,987
191792,2999
95639,1519
208690,46
176130,800
23197,430
353253,979
112237,982
164705,1301
353212,2424
353213,2424
353214,2424
198005,336
257448,336
127184,2420
86057,2420
197166,2990
350310,2425
353839,2425
353840,2425
353843,2425
182689,7646
189410,410
200790,410
18929,7185
332929,7185
333200,7185
342131,653
353631,7185
16693,449
17123,2381
23674,449
227039,306
288253,306
38780,20698
47389,20698
56640,10484
88374,10484
108318,19771
13862,19771
44989,19771
68004,825
67864,398
201311,40
21924,128
77640,5219
214631,169
87504,6676
263062,7185
132203,2759
13239,22
77026,22
128900,1032
151189,641
196948,631
247647,180
3357,1003
216548,354
271966,968
128324,204
31245,28643
42531,28643
7486,204
304319,132
34129,1435
12106,126
35631,6894
45951,6894
64016,6894
226006,16795
31316,130
33448,130
117509,347
234781,1041
292818,618
134371,982
129586,8024
90964,1237
153582,3057
35251,58
182923,2282
68275,2282
168957,157
157501,252
44714,6418
122945,5220
255195,5220
57565,5220
64507,133
321600,7185
354464,7185
51956,7185
111961,5
56841,5
108820,1085
349947,2503
354814,2990
552445,2425
235648,7646
75035,683
131248,1050
107969,1455
32727,1455
98512,6894
51350,20698
81532,897
339559,1075
80073,1435
111185,132
143559,33
53408,33
53418,16
34579,127
44713,39
50577,39
42936,60
7427,41
223801,524
167216,1506
90660,993
113045,16795
56046,16795
5878,430
93764,826
353204,14171
353366,1082
206808,347
355369,1421
57207,873
61711,984
57013,6676
61857,6676
53155,6418
9819,1091
162571,169
51430,511
46010,2759
110865,987
92816,987
84979,2760
92548,465
274839,1184
249644,520
89450,29228
60799,1268
196158,1304
63356,1304
167799,167
168543,86
99331,86
53536,114
6585,3368
47513,458
76902,276
156617,46
77259,862
239941,130
42678,5
88683,5
4257,1038
353365,855
43458,40
190780,1162
31552,405
66219,2288
139395,2990
155025,2995
56014,2424
132671,2079
143850,2672
34299,2672
218470,21957
83696,21957
55878,5219
183152,3508
333271,204
255831,132
196829,33
190831,60
145602,39
92141,12
265312,289
271743,306
92842,306
240752,1268
31776,1268
14977,167
83895,41
27613,2672
48930,2672
54312,683
67955,3060
179481,5220
30379,5220
164470,2079
96817,2079
215122,2420
231289,2420
322781,2420
85842,2420
157884,1085
349952,2503
122844,1075
132414,1075
194214,1075
20623,2425
223029,1075
305946,1075
72767,1075
212413,2990
90294,2990
84344,46
348863,202
206746,610
215099,610
16529,28956
45328,7185
80441,7185
173900,897
67090,1533
129585,3057
63833,3057
76055,29228
260795,1455
193904,132
232454,533
58205,82
68410,39
13217,42
195781,127
112624,524
158419,524
58816,19771
225462,3368
26066,3368
30767,5
45565,5
55957,416
56609,276
111527,14171
54933,14171
210081,1158
255220,1158
172333,244
189441,244
66052,273
5457,595
76293,595
164230,1162
91970,631
14221,29
44855,3008
40613,2288
216259,979
257321,979
126600,370
199522,370
60865,2578
248958,511
120976,903
292558,3021
20905,5220
69801,3060
71002,2079
176514,354
46205,354
137648,498
238500,498
34226,498
316398,3508
163515,3194
109974,820
45513,820
597,820
123639,2293
241902,20698
33789,20698
38195,2293
36884,126
115507,993
148455,430
34198,800
34239,430
171307,749
74448,458
234523,12
73846,1390
28833,1038
75127,1038
77603,6574
245072,410
253842,995
3547,984
85763,68608
9335,68608
138649,2424
283130,1301
4678,2424
198587,124
76560,124
55734,5219
31062,28643
54265,1519
60004,825
76176,825
8689,825
111061,252
64793,252
62481,128
2998,1003
3273,1003
173832,1039
129386,130
94307,180
335541,512
130765,371
78961,371
62552,2441
89762,7646
241501,1090
172142,720
13283,1304
81497,403
19087,132
243541,3
77708,79
195782,33
118841,19771
3458,19771
58919,6894
9413,19771
159079,10484
222332,10484
73092,993
218118,418
61760,2995
13702,511
181135,1519
193885,1519
36524,1519
88983,2553
151334,987
216564,987
218355,987
222024,987
71226,2759
312531,465
141660,22
168162,2861
125868,873
137086,1269
218011,60
159908,449
208505,6890
240639,6890
44977,449
58660,2381
149540,252
230552,252
75287,12
119228,1038
145581,1038
200194,862
227081,1038
191903,347
290549,618
292398,1301
193585,2999
13748,2672
43630,2079
149498,11
27300,58
138512,157
218140,289
133829,20698
15461,21957
54419,339
82599,339
97567,339
44699,338
248219,6894
180704,162
216181,162
340950,2995
102097,2778
114113,2778
45562,2778
10118,126
58774,3302
107617,512
3276,873
351755,1039
81808,281
34576,979
35554,3327
235770,2451
285036,2553
255688,1091
282679,28956
212931,968
27292,3426
49144,3426
273570,202
187285,317
286384,1050
13749,1429
128931,862
191813,1465
183945,1301
227873,8024
189047,2999
88212,2999
360239,204
22519,5818
23389,5818
61936,5817
124495,20100
170646,190
45298,20100
47785,20100
68948,20100
88016,190
140678,206
144788,19771
262689,16795
67089,16795
103327,173
104987,173
41653,865
48052,865
65781,114
255635,338
155843,6992
155861,6993
170354,6993
211734,6992
232612,6992
295619,6993
58958,6993
58977,6993
59136,6993
59249,6993
90768,6992
94318,6992
340736,132
229007,595
148396,1082
29091,379
35761,2451
11378,465
175589,2999
222740,465
73720,465
120543,10690
277777,10690
86931,10690
58252,2740
293315,2778
257981,306
326701,200
56587,19771
204189,20
51504,1533
41749,1390
23379,4482
343769,4482
57888,339
58606,4482
294188,2477
296366,2477
359247,2477
255641,6414
269669,6414
34773,6414
349106,6414
363063,6414
363064,6414
363065,6414
58035,6414
62515,6414
69913,6414
92046,6414
144935,6996
167556,6994
348839,6994
49000,6996
58392,6996
62610,6996
95472,5724
358644,29228
385794,2995
68983,3426
132091,2439
43845,11126
63170,11126
9824,2439
79967,2
311739,2698
58295,932
88615,932
53228,3729
183780,82
108880,86
123216,6414
305415,6414
34390,6414
37414,6414
59442,6414
91419,6414
39253,2740
167794,5866
276689,5866
51529,3426
260827,317
36898,44
94167,79
120980,1191
288121,306
157178,825
264199,1039
58043,10690
92049,68608
264595,11127
282644,11127
89088,11127
276287,1455
258364,234
240365,749
232644,6992
38297,4482
57901,4482
25732,339
104331,6996
96957,6996
254249,2503
124700,28095
36227,28095
180337,1083
231873,1083
67583,3216
149249,336
103381,982
143045,2672
127307,4128
44084,4128
48486,4128
57438,1186
85626,1186
94922,4128
27019,3729
33195,3729
88610,11126
44094,2451
7825,27
167859,506
252689,2410
203394,985
236950,2424
364574,6994
59414,339
61462,6993
214860,5219
18397,28956
33491,190
40022,173
55759,1186
235238,3508
68902,28643
320466,1049
203853,28095
147359,16
290533,415
153022,14171
290587,969
42967,370
207891,2760
104865,3729
154612,3729
170611,3729
180020,3729
214258,3729
217036,3729
260298,3729
262711,3729
277506,3729
282382,3729
288172,3729
349917,3729
55692,3729
114422,114
286297,12
4311,162
175787,6676
353584,6992
354325,6992
122317,23611
263553,317
330930,317
169927,3216
16870,6574
287876,458
17127,46
265471,2288
367024,6992
24043,6414
110692,6894
157648,1506
354352,40
359239,6993
368611,6993
170562,1186
47571,3729
226138,1465
58001,367
173079,339
308436,339
354717,6992
369155,339
305423,6414
349107,6414
369093,6414
369153,6414
369154,6414
59407,6414
59446,6414
294730,338
76195,441
206890,6993
336704,46
163187,130
291432,506
255916,148
280795,294
358733,1301
238977,1429
321647,1421
279955,121
218058,347
43242,162
285282,1519
300716,371
275981,1268
260848,173
170530,27
196095,24
47543,10484
223779,1531
242827,1531
318508,417
81801,873
371318,6992
297990,1177
304762,465
371343,6894
301237,1429
332142,826
289241,681
295040,511
179638,27
94768,27
153628,86
287638,6574
95407,6993
105362,3725
278531,6195
290733,5
314280,826
351978,979
150746,1186
203309,6894
58928,23611
226093,6996
372362,6996
338422,825
236400,995
204395,6996
215336,798
326330,403
229219,383
277772,1304
19299,202
172779,1455
7102,800
52744,969
236513,31
286392,128
234733,1091
68441,169
245048,2477
373251,6992
76445,2293
374036,6994
195730,1083
5072,3
293339,10484
208244,29
293754,370
374016,1519
14558,465
263905,932
182580,200
339445,200
360514,200
309007,993
7589,985
258011,2420
268216,190
283196,1177
235732,28095
281552,232
291856,430
340075,130
245805,631
205657,2778
260229,121
207074,338
49385,3216
374087,6894
374735,10484
200612,1531
15904,131
248213,993
323169,993
316264,418
324635,14171
290569,969
123300,826
146143,415
351808,1465
358719,2420
336058,8024
351977,979
374778,979
146155,294
364406,1075
192077,2999
193891,465
244252,2999
305977,2553
363222,2760
363223,2760
375180,2783
288853,339
217754,11127
287636,130
248333,416
287307,5
374889,2288
347895,1039
362809,1039
280528,2451
292396,6994
144696,2698
16768,524
349733,524
72120,20698
265542,825
93085,19771
204178,1506
208596,6894
315272,1506
171376,114
297008,2783
316945,2783
301840,36
348255,36
354317,126
238951,5
262523,5
289282,6994
364038,6994
375955,6994
376082,6994
370399,6993
376226,23611
376227,23611
58933,339
268427,121
27017,4128
131098,416
38582,1429
287648,252
51186,12
368620,1177
376782,20100
376783,20100
376784,20100
237947,10301
101042,2573
263267,2573
293213,2573
51531,16779
58427,16779
116302,4807
206053,4807
110856,2300
136039,2300
119574,2578
14735,2578
160920,2578
99007,27116
155597,365
138091,5724
22519,5724
94293,5724
134209,271
87299,271
136167,4641
6838,272
93184,272
273173,1185
81636,829
240178,10157
197032,447
229625,447
313753,22832
316111,447
326204,84
180767,2817
226450,2817
283193,206
57901,2481
73254,429
92567,41494
251028,19090
175961,195
44567,195
48020,195
87479,195
148754,279
60289,6621
343957,448
60731,448
132236,159
257462,159
264140,159
242606,379
242652,379
314295,379
345961,379
51321,379
78753,3237
153207,1443
204069,1443
12674,370
203026,370
95950,370
68162,2578
164647,195
220432,272
167189,163
222320,1101
222876,1101
179899,447
260829,5724
242648,379
113504,6621
91434,6248
245049,433
48067,964
65966,932
97541,964
52915,338
59389,338
79470,1008
158419,2784
74762,865
91469,865
240226,12469
39524,11107
137582,687
141658,687
62125,687
169362,790
235755,22220
57869,22220
104127,301
107973,7918
192735,7918
315310,7918
381362,7918
136537,32017
168944,669
150482,282
48619,282
91854,238
189989,496
168063,713
77964,371
88262,371
131327,419
82281,419
244165,1180
66784,1180
67855,1180
114062,2451
213847,2451
46567,2451
48954,2451
97562,13499
75554,206
181339,1091
75458,1091
234807,379
160506,144
49985,144
51604,144
23888,449
39724,449
277145,172
337689,172
102134,190
146889,190
188180,190
212251,1186
137576,2282
148396,2282
50818,2282
103434,5817
198178,2778
40022,5817
48888,5817
50580,5817
72836,5817
106536,28095
107218,28095
134602,232
38340,232
130041,10690
36364,10690
381920,6994
102142,1063
15039,1063
257558,1063
27612,1063
37527,1063
61867,1063
68847,1063
127307,2698
304617,2698
176618,1083
25737,3725
29056,1083
354040,3725
100163,23611
108710,6992
120262,6992
165825,6992
168376,6992
221955,23611
228846,6992
354326,6992
59024,6992
130824,6414
131553,6414
206717,6414
296781,6414
49018,6414
59423,6414
87097,6414
25891,4482
28179,2740
59076,4482
135213,173
283211,5818
56375,173
62026,5818
62457,173
69906,5818
71701,173
99894,173
114791,678
187957,678
29390,678
44966,678
69132,678
104331,2700
117925,2696
118044,2700
124870,2700
168952,2700
181315,2700
213035,2700
241163,2700
259849,2700
62834,2696
70212,2696
9824,2700
117802,11126
34643,11126
44022,11126
281914,121
55421,121
110028,18303
119717,18303
123543,18303
131444,18303
242272,18303
256213,660
58093,18303
58417,18303
59047,18303
82610,18303
90769,18303
91312,18303
91425,18303
91465,18303
91722,18303
129646,6996
155964,6996
176412,6996
177280,6996
216579,6996
255635,6996
280234,6996
355130,6996
77490,6996
114658,16247
120144,16247
121009,16247
121026,16247
224736,16247
25618,16247
273341,16247
273663,16247
296780,16247
43309,16247
49030,16247
58035,16247
75296,338
85969,16247
91527,16247
309414,1053
325993,1053
37221,1053
46006,3426
47785,1053
15083,16704
34602,4128
50355,16704
55541,4128
15072,2439
15378,2439
25734,11127
29246,11127
49676,11127
59352,11127
42694,865
321275,29281
120518,713
191182,172
283225,865
111011,475
155761,475
156384,475
157396,475
178314,475
207827,475
212595,475
231642,475
237846,475
27178,475
278702,475
280700,475
291222,475
316422,2282
81897,475
48898,2696
296513,6433
126542,3057
149237,3057
156496,601
15843,3057
234193,601
276896,601
290951,601
302473,3057
347625,3057
351837,601
42938,601
45832,3057
13023,1184
136518,2727
144028,2727
152752,2727
192526,2727
195910,2727
26194,2727
30671,2727
356081,1184
38399,2727
42189,1184
58097,2727
174285,2861
22149,354
297786,354
38000,2861
42703,2861
50388,354
77449,2861
9659,2861
157961,3508
198394,3508
199301,498
229005,3508
264063,498
301815,498
41818,3508
45166,3508
4742,3508
66638,498
353252,6996
102572,16247
167556,16247
59440,16247
128813,23611
95707,23611
54816,6414
59434,6414
102043,28095
144583,1083
72873,28095
112088,121
232093,3725
227901,2778
36787,190
13292,968
46121,968
7028,968
77663,968
110000,58
137313,28643
151567,28643
157125,28643
160172,28643
160567,28643
163724,28643
182446,28643
201696,28643
316406,28643
44689,28643
49802,58
52209,28643
112008,29228
160736,29228
161356,29228
193321,29228
194438,29228
201248,29228
326564,29228
377219,29228
107274,18303
383623,6994
93077,18303
91549,6992
102045,4128
58450,4128
50617,16704
179895,678
23538,678
79989,1063
113235,2700
77835,932
173573,265
22542,265
38270,265
33706,36
4380,36
48859,36
73741,36
83886,36
35763,941
149716,162
184672,162
190333,162
205938,162
94529,162
160438,26
25441,26
85789,409
127194,610
74294,610
91415,170
107665,1322
99180,190
123595,1008
43247,10625
137616,449
292199,449
55524,449
207015,1090
29631,6890
5782,6890
68211,6890
80671,1090
99047,6890
105842,3060
130452,3060
29073,3060
56796,3060
16690,2698
51311,122
203654,2420
237468,2420
270959,2420
51058,2420
196792,16
28947,16
59027,16
37647,379
48002,379
104223,180
112988,180
126737,180
198589,499
222830,499
245805,499
291739,499
337673,499
4311,180
139339,68608
139394,68608
13972,68608
187860,68608
156814,621
47647,621
18310,618
81460,618
165513,260
61682,260
133734,697
192801,697
208405,206
46007,206
323713,3057
250030,40
85554,2156
105456,1038
16120,1038
21859,1038
241527,1038
44059,1038
176990,157
49147,157
288240,2439
108880,82
36182,82
37666,27
75615,27
100750,2759
12773,2759
156751,2759
36709,2759
3869,2759
60923,2759
101954,2999
105691,2999
13490,2999
246963,2999
33926,2999
35641,2760
36637,2760
53302,2760
107641,987
125561,987
12654,987
132202,987
13799,987
163531,987
60767,987
72740,2451
106641,511
129971,2553
158851,511
165334,2553
171078,511
21382,511
29023,2553
36632,2553
52192,2553
60960,2553
95949,511
110724,601
314463,475
333386,29228
385839,475
341516,4294
327861,23611
201625,6996
185024,4128
262713,964
104397,2700
150746,2700
127160,583
264956,583
45672,583
58818,1041
111431,1519
177130,1519
196229,1519
329385,1519
39373,1519
93405,1519
12682,43
130616,43
156764,43
189186,43
206544,43
229263,43
42029,43
43745,43
55302,43
229625,678
195162,5818
60838,498
163053,3508
303939,3057
216463,58
232848,2727
35249,58
5687,2727
200985,3325
92042,3325
308256,4750
123513,202
143155,202
23097,383
264116,383
79027,383
82410,202
91571,18303
140676,6992
193158,338
213980,10690
24000,10690
262182,16247
267396,10690
64341,16247
166275,121
286938,4255
352702,1005
39152,631
5658,11
232088,2778
303140,2698
31068,232
262608,162
169873,36
102192,449
27470,449
241502,1090
231172,1091
4217,3060
135853,379
157907,379
242603,379
291171,379
345960,379
121280,180
294798,499
81778,499
91251,180
192736,621
245030,40
168416,1038
11765,105
18277,105
19736,105
31173,105
32207,105
33078,105
39372,105
42072,105
45668,105
4691,105
54846,105
77108,105
82361,105
88680,105
77875,293
148371,173
111482,1082
145416,1082
205503,1082
270541,1082
29311,1082
30757,1082
251106,1184
204560,4482
155334,11126
25916,11126
110036,3
160285,3
50512,3
91716,3
93844,3
234375,23
14219,15
196357,15
66058,15
82097,15
112062,33
59783,33
89650,33
142281,86
192616,86
195736,86
44594,86
218299,79
33210,79
45599,79
82863,79
1331,533
135343,533
143798,533
193900,72
226194,72
70285,533
196770,24
43274,24
59082,24
91915,24
108354,405
123682,989
126665,405
13573,989
15220,989
164771,405
241229,405
28140,989
29975,989
32617,405
36939,989
37152,989
39908,405
44983,989
57410,989
61583,989
61819,989
90836,989
91059,989
92469,989
33873,631
45403,2288
84481,2288
167850,985
207929,148
2514,985
30690,985
42710,148
54906,985
56818,985
108878,289
225083,1003
27114,289
38497,289
50477,1003
6636,1003
79642,1003
128229,1123
29434,873
35413,1123
35855,1123
36608,1123
95435,873
95976,873
100507,1010
107427,1010
111508,1010
14081,1010
19059,1010
21905,1010
28261,1010
37981,1010
41112,1010
58576,1010
59606,1010
62121,1010
63494,1010
65477,1010
73484,29
223431,43
235783,987
120186,2759
137438,595
160080,273
182893,595
386552,595
39913,273
72857,273
76293,273
111494,3558
138949,3558
143039,3558
157494,1095
170460,1095
198473,3558
203540,3558
220878,3558
231941,3558
23918,3558
282900,3558
30698,1095
318507,1095
39893,3558
5521,3558
5597,1095
57348,1095
60525,1095
60551,1095
63226,3558
65921,1095
89450,3558
164230,855
174835,995
190780,995
215977,995
52246,995
52746,855
66407,855
178614,417
18900,417
43256,417
60540,417
60558,417
12029,1420
126704,1420
134712,1420
18934,1420
204198,1420
214532,1420
238639,969
282058,1420
284732,969
54933,1420
57216,1420
57467,1420
60588,1420
77826,969
83132,1420
92385,1420
122797,1162
149551,1162
182579,244
190685,244
215679,244
228434,1162
50142,1162
111964,498
42731,601
140786,2727
83407,2727
126669,475
161658,475
196721,2861
216489,2861
168955,29228
46553,29228
99977,29228
123520,192
180843,1304
187191,192
21590,192
22372,192
228572,192
269585,192
34556,192
38125,192
67715,192
71082,1304
182909,200
224256,234
4010,234
45538,234
59594,234
67850,200
128907,398
159026,398
199733,398
206050,506
34572,506
243841,6996
387198,6994
97835,6996
178335,121
103310,41
120205,41
247661,41
25812,41
49275,41
52530,41
31535,127
152963,39
230541,39
39025,39
52595,39
56100,39
156779,2
183397,38
116792,4795
17025,4795
192300,4795
31514,4795
38746,4795
42952,4795
43257,4795
52348,4795
56435,4795
58500,4795
59054,4795
73517,4795
82873,4795
161056,27
40680,27
272642,42
38360,42
89591,42
203348,762
49499,762
51152,762
131789,31
147034,512
15760,512
256178,31
3333,31
3881,512
50201,31
85177,31
196240,2760
22487,3426
107775,206
72578,415
111005,1421
297070,1421
236045,1158
23960,1041
59957,1158
61892,1041
184935,157
13217,336
148666,336
197602,336
231572,294
39642,336
77066,336
111184,403
186858,403
247595,403
252755,403
60951,403
61446,403
67220,403
213429,23611
51232,339
174213,2740
79510,1385
167491,332
129505,2331
197471,2655
86083,2655
90222,28095
179643,44
140579,18
168678,18
196948,18
48298,18
118397,4
134425,281
49655,984
73482,984
85935,984
263956,2698
95986,511
36808,2759
135917,5776
223522,5776
119066,642
128168,642
129543,642
136550,306
164837,642
187283,306
202788,642
203938,306
215551,642
273054,642
275507,642
279960,642
324921,642
45542,642
56379,642
56631,306
79127,306
88387,642
215648,1268
31453,1268
374889,1268
57249,1268
96454,383
105521,368
18006,368
51118,368
54155,368
58949,368
130230,987
59328,2451
196435,371
387667,2553
124895,1269
125769,133
175912,1269
206744,1269
225339,1269
226024,1269
226146,133
31025,1269
71099,133
82939,133
86270,133
103440,467
104376,798
12115,467
130674,467
133372,467
140803,467
154287,467
161314,467
232219,798
288121,467
360517,467
38963,467
50487,467
51969,467
88212,798
147396,317
96778,317
128063,7179
134608,7179
159570,7179
195308,7179
197880,7179
216259,7179
24713,7179
308560,7179
34570,7179
41234,7179
58436,7179
84970,7179
264567,1082
182875,2282
273431,499
106837,36
138736,825
16402,825
50657,825
56936,825
74288,825
177688,339
61397,2700
110928,1025
16137,1025
167895,1025
174488,1025
207715,1025
21780,1025
22141,1025
230611,1025
286949,1025
355501,1025
5868,1025
60128,1025
255501,621
89313,621
66100,180
3995,1123
60573,289
81999,512
101213,379
129554,1010
80197,984
9966,1010
154949,511
119169,86
1662,33
112935,533
175792,15
207592,533
39743,105
55114,42
66783,42
126214,4795
16498,4795
179634,4795
31216,4795
42318,4795
49501,4795
111275,167
116390,68608
139606,2425
228940,2425
36923,2425
37950,68608
56014,2425
90660,2425
130756,720
141050,720
141834,720
336735,2420
3979,720
53359,720
57723,720
57834,720
60517,720
63837,720
139286,1420
225055,1420
126699,618
164897,618
238720,40
18909,855
40687,1041
148754,415
178540,1162
28356,1095
290540,417
93732,1095
118303,273
143556,29228
125754,1184
170856,1269
324702,642
336303,642
242063,610
272844,403
179481,317
328959,317
337670,317
79470,1268
124889,798
101042,589
177003,589
177032,589
278654,589
32380,589
4257,589
53556,589
55346,589
70131,589
77603,589
8487,589
103890,20
113938,20
176285,20
26936,20
330878,20
44855,449
51894,20
58855,20
66280,20
110692,2381
11530,141
147028,2381
15185,141
165711,2381
17465,2381
7444,141
90937,2381
222079,18303
288854,23611
58392,23611
95129,18303
242279,2740
133179,800
85825,800
119115,6574
163222,6574
184894,6574
19447,276
2904,276
60599,276
86079,276
119369,8970
124560,8970
130348,8970
136111,8970
163223,8970
167444,8970
199633,8970
256361,8970
34239,8970
39690,8970
41749,8970
43206,8970
44281,8970
52188,8970
74615,458
163062,749
259953,749
287635,749
80894,749
84751,749
183334,873
48015,24
58178,24
107973,2778
155202,5724
25750,173
288430,173
43075,173
110074,1465
128955,1465
170498,1465
203323,294
329145,1465
113504,1075
121411,1075
155395,982
180271,982
271861,1075
366278,1075
85308,982
127031,979
148682,8024
159100,979
177184,8024
182323,8024
215122,8024
227511,8024
25106,979
257455,979
292203,8024
321919,979
332612,979
333117,8024
34007,979
378866,979
44177,8024
99296,8024
106306,2503
111200,1085
175247,2503
192089,1085
236886,1085
45025,2503
48206,1085
83757,1085
86804,1085
92044,2503
125123,976
131753,976
137710,976
138651,976
139337,1301
152044,1301
175393,976
227676,976
271256,976
326363,976
349570,1301
35617,976
375661,976
55734,1301
73738,976
80151,976
85771,976
92348,976
126692,595
146805,1158
149239,595
240497,1158
106181,3558
148597,3558
216508,3558
141828,58
186863,475
253125,475
171147,2727
56611,202
95759,202
56523,234
94768,200
123521,1304
220432,467
273132,1304
33108,1304
131708,10484
233113,524
37736,10484
37949,524
55250,10484
72643,10484
82713,10484
94807,524
17184,114
31182,114
4188,114
55322,114
6288,114
133450,2293
157993,19771
263267,2293
28252,2293
293759,2293
29387,19771
37934,19771
47024,19771
52006,19771
67638,19771
76324,19771
85842,19771
89005,2293
119301,2944
131933,3205
138476,2944
16693,3205
185770,2944
189516,3205
211325,2944
2148,2944
216662,3205
248271,2944
262688,2944
32844,3205
34161,2944
35265,3205
39194,2944
44608,3205
47184,2944
55366,3205
57854,3205
63293,2944
7215,2944
90959,2944
97562,2944
27172,6996
213973,6992
110688,4482
94928,16247
169052,410
19636,410
261611,410
40428,410
73794,410
134883,416
140748,416
145581,416
45581,416
114340,4102
124769,4102
130382,4102
131951,4102
158463,4102
160560,4102
165722,4102
187090,4102
19442,4102
21829,4102
240786,4102
62713,4102
78590,4102
88706,4102
104586,989
61841,989
43015,5818
131015,2995
179350,2990
181547,2990
281831,2995
292736,2995
328940,2995
56005,2995
56115,2990
58455,2990
58988,2990
91949,2990
99189,2995
124422,126
157588,126
38041,820
43010,820
47172,820
5470,126
57514,126
64997,126
9410,820
95364,820
52117,28095
105892,862
17249,862
28020,862
119235,5
176140,5
197747,5
48974,5
99227,5
266302,398
5957,336
128969,1049
131505,1049
73700,265
170895,1091
34285,1091
56386,36
88257,1008
119211,44
127076,969
7401,6890
85127,10484
126625,1084
154059,1084
46415,1084
73734,368
77026,1084
131552,16247
321275,16247
375180,16247
155300,3725
237829,475
387626,1184
204103,405
46791,873
86792,512
184892,762
19041,1003
132236,370
13021,371
246066,371
60904,371
281804,43
294221,43
11360,2553
95808,2759
2926,105
148967,167
126924,1420
33337,1420
205562,162
22860,595
25758,1421
66052,995
133078,1162
164451,1162
257459,417
290561,417
57480,1041
110755,642
275939,192
56436,192
64511,642
215089,133
157058,2293
42941,2293
98113,3205
125735,367
153427,367
203378,1049
246291,367
255653,1049
273438,1049
32622,367
129753,3709
177467,714
246277,714
253839,3709
253892,3709
278296,714
76746,3709
94783,3709
131090,681
139396,681
174344,897
242548,897
44069,897
58345,681
7593,897
7983,897
110366,472
121483,13
122155,472
125781,13
14259,472
153236,472
153238,472
167228,472
176133,472
202984,472
203043,472
228584,472
25319,472
266807,13
44735,472
64363,472
65489,472
74418,13
224852,1301
329653,1301
37389,720
57515,720
148455,12
28396,12
44058,12
59340,12
149526,1025
215616,1025
88683,1025
122361,16239
24026,16239
269374,660
289059,660
244620,18303
94924,18303
269371,6993
59440,23611
91359,23611
182577,338
151639,28956
157536,47
159024,47
160510,47
190909,47
196003,47
243302,47
271598,28956
295696,47
295755,47
32591,28956
34324,47
44714,47
52390,47
57415,28956
69382,47
81168,28956
89278,47
96444,28956
9856,47
107525,6676
172471,7185
192409,6676
193950,7185
28004,7185
34289,6676
40795,6676
51166,6676
51984,6676
8730,6676
112648,2441
131574,2441
147559,2441
190811,21957
20903,2441
281919,2441
29115,21957
34193,2441
39784,2441
45646,2441
46473,2441
56761,21957
59442,21957
60861,21957
63490,2441
72567,2441
73725,21957
75118,2441
96464,2441
252689,11127
265581,3508
123595,28643
159471,984
65278,631
50362,281
23197,1010
143101,1063
126687,618
203764,618
217115,618
113707,244
162029,244
188498,1095
23914,244
353959,40
273432,467
111185,403
24819,403
258889,499
56601,234
293661,589
78798,589
236471,36
26014,825
57956,2381
63204,2381
79014,825
137745,524
228206,524
27292,524
35004,20
45559,20
101742,3368
193515,3368
223781,940
243541,3368
26199,3368
63463,940
8184,3368
98596,940
113133,150
120629,1050
127048,1050
138803,150
163086,150
188838,150
195171,1050
208890,1050
221899,1050
30584,150
34870,1050
350219,150
61401,150
62920,1050
72779,150
137704,2448
138935,2448
145707,418
175921,2448
228761,2448
234523,2448
246877,2448
27493,2448
51471,418
54231,2448
57816,2448
62945,2448
64598,2448
71394,2448
85357,2448
89473,2448
132414,7179
27135,7179
213539,1465
262687,976
206040,294
42714,294
146660,749
28031,749
61757,862
73846,862
85605,862
231614,430
36371,430
37337,430
87210,430
119355,8970
127189,46
131102,46
308278,46
33357,46
46104,46
12563,252
142920,458
158810,458
183494,252
224088,252
27471,252
62415,252
70411,252
181779,4102
37278,4102
51186,4102
5962,1038
61358,4102
123261,6195
165895,6574
200056,6195
84903,6195
13905,2672
25668,2672
48619,3060
57020,2672
65343,2672
22810,2079
236785,2671
34226,2079
45042,2079
55978,2079
57482,2079
77287,2079
150482,1091
155597,1091
17232,128
25933,128
315310,1091
44742,128
51604,1091
133838,169
152176,683
37398,683
76924,683
90024,683
249543,3057
38978,3057
175635,601
42737,157
258924,31
44726,173
165012,141
37837,2944
81433,2944
126516,1533
133794,16795
162063,16795
164055,1533
26066,1533
266795,1533
44073,1533
55240,1533
57522,16795
59248,16795
66112,1533
81988,1533
85324,1533
182720,2990
197602,1085
200985,1085
12872,6418
234761,6418
237641,6418
36119,6418
62481,6418
77832,6418
60570,2696
248393,12469
195906,26
184260,5874
288429,2778
33862,2282
58971,3714
217235,2741
212260,1124
234868,3834
231387,24501
379842,12438
148344,403
207043,467
221766,467
84162,467
139956,524
60445,1050
73636,714
294201,6994
189715,1083
265153,4128
45858,1083
253677,989
261738,1003
295330,281
36500,289
134294,31
281404,631
177394,987
39514,987
123294,1519
124419,79
167189,41
37788,3
94939,42
89718,533
238630,969
89637,969
43942,3558
4796,3558
19057,202
187295,642
187301,798
42967,642
26486,317
110941,820
42050,6890
42393,20
79355,20
24379,2293
98131,3205
120705,367
200558,150
27487,150
52345,150
142031,2448
226074,2448
59249,23611
22140,1025
291266,1025
70689,1025
140559,749
34336,749
74943,5
158397,979
193830,979
46991,979
99499,979
112052,720
129586,2425
189765,2672
7520,683
121406,2079
132647,2079
260265,121
113378,2696
13078,2727
72734,2861
128912,1123
56231,5724
192735,2778
107665,865
45320,583
64506,1090
250450,133
27805,234
55143,2381
85585,2381
35251,449
54160,589
59333,589
129386,3368
262980,3368
30846,472
37917,472
58341,472
140776,13
29055,13
35564,368
23338,1533
124555,16795
175449,3709
181477,16795
236202,3709
63723,16795
73092,16795
128220,897
137174,897
280795,897
192347,339
43299,339
206054,18303
55115,18303
119366,8970
29605,8970
87282,8970
111438,4102
126729,398
165900,276
36293,252
126422,6195
5017,1038
126664,12
81455,12
91970,506
108119,458
242940,458
53288,410
124384,2995
214300,2995
288506,8024
184816,1075
258933,982
333913,982
4678,7179
114931,47
127826,169
33222,28956
89480,2671
127437,968
149717,68608
212413,1301
14240,976
258761,976
229032,1063
44247,1063
103428,3426
20850,3426
293279,3426
293327,3426
221876,23297
260840,5817
268174,5817
371869,5817
289854,20100
311438,20100
134402,443
204144,5818
383400,5818
383401,5818
293283,678
375777,678
95738,678
148364,2414
92741,2414
288432,1053
175836,1531
217728,1244
171402,993
119028,366
167165,366
213875,26132
59896,4032
223283,3985
186531,2451
261741,2451
60865,43
4687,41
180061,5818
217684,5818
44423,5818
126710,583
149577,40
36356,368
74297,368
158419,68608
167216,68608
290391,294
13483,29228
270414,2282
42748,2282
52811,29228
57226,29228
68442,29228
11111,29
88755,281
15921,1123
44624,1123
45693,989
87672,989
139208,180
42412,984
148368,31
182877,985
134414,371
130841,2553
171721,1519
249884,1519
123145,2760
193885,2760
243668,511
247263,987
223263,2578
243714,27
50935,15
53418,15
177847,16
162434,44
21175,44
247380,79
51972,79
60790,79
16136,82
56711,4795
85148,82
18298,1420
139018,417
215876,417
76386,969
91415,618
157500,1082
187847,1082
292822,1041
82324,1082
28705,1095
342364,1095
379742,1162
76055,1162
213268,1090
60289,1090
135566,467
278958,192
333640,317
126770,133
51046,383
126412,1269
72237,19771
33953,20
39665,20
51191,820
32611,589
5648,589
64952,825
214316,13
12906,714
221316,418
1726,150
7663,150
108830,1049
227805,1049
238717,2448
395537,6994
49985,339
54031,339
29835,430
9967,252
19671,8970
7101,8970
86202,12
52897,506
5893,862
79960,506
125165,720
225161,720
45335,720
58175,8024
58576,720
151205,1075
9335,1075
73854,964
164498,28956
9836,6676
28594,2079
65,1091
80383,2079
164687,21957
172142,683
341298,21957
64308,683
143029,157
183120,3508
179899,601
59148,2727
91225,2727
107548,28643
168163,28643
19896,2861
295327,2861
91845,148
37011,1003
4241,405
60394,39
532,86
182200,5817
197304,5724
33648,162
5339,3558
12149,995
126681,273
135492,995
170478,595
218118,244
44709,244
58342,499
144303,36
31773,10484
16058,2293
16589,2944
123305,2381
14882,126
45639,472
185570,1084
238865,1533
34601,621
71273,3709
165007,1050
45383,1050
166237,749
95438,749
167727,416
255755,46
35537,46
42460,46
253765,398
40660,398
190804,458
56693,4102
5825,4102
5878,458
5993,4102
162952,800
30767,800
72441,800
174692,7179
53532,1301
121209,979
140128,976
379680,2425
15074,121
57402,16704
128011,2441
67544,128
244497,7185
269817,169
168471,3057
260979,498
77828,3057
93309,3057
111422,1184
108587,172
166470,475
23966,172
59866,379
97241,3426
241902,3205
64590,449
8559,3205
89461,3205
46215,367
46220,367
169533,1038
314965,1038
57110,1025
84835,1025
223029,2995
86645,2503
124495,47
130149,47
28719,2672
33563,47
43414,2672
205325,370
277114,141
44373,13
54781,281
85867,18
350073,2990
381003,2990
384575,2990
131996,631
224884,631
52848,36
131327,371
96167,610
242273,31
261357,31
111900,16
27924,1050
30749,1050
5856,1050
60799,1075
27300,244
354361,244
43722,244
99254,430
122675,148
241119,148
95810,148
167799,33
2623,167
189839,678
261905,39
182906,1082
216569,273
34372,19771
170238,2944
19081,2944
44977,2944
324321,3709
22785,1085
352925,1085
54310,1083
123921,354
188853,1184
177476,1010
74768,1010
104124,379
25742,379
3356,989
360661,2760
120211,173
378630,1420
63846,1095
217757,133
272930,133
55210,403
72943,200
136039,126
263903,126
44970,589
130360,1533
185593,16795
213841,16795
186862,714
223890,714
296622,714
39907,714
8176,681
24700,2425
187460,28095
48542,28095
118014,3508
234499,29228
238185,511
36756,43
319859,2778
20313,206
77855,206
202591,15
142021,1041
174694,162
288496,162
81663,1158
126711,618
119213,192
171820,192
275946,642
57785,2448
58497,2448
104203,6992
27151,6996
28005,430
99327,4102
159337,862
170934,506
172181,252
96828,506
173859,416
34283,1038
118330,2503
130622,2503
137203,11126
136167,4128
68978,2696
204348,11127
35383,105
31069,1420
57358,1420
107010,13
159142,1049
68948,1063
44720,173
262718,678
39524,5817
255688,2079
295630,2079
87536,6418
105817,47
16600,47
18350,47
328354,384
155158,200
185245,39
103054,3558
80191,595
167093,1533
98249,1533
277093,2448
286779,2448
198067,276
283735,276
45567,46
69374,46
111819,506
145602,8970
6004,8970
57285,458
130535,976
149721,976
188733,976
197604,976
26139,976
292365,2995
333633,2995
54178,976
85776,976
258369,1465
265136,1465
398675,2740
91380,6992
58958,18303
237947,16247
117107,16242
203854,660
289075,660
347804,660
77757,190
23584,206
256186,206
280066,2414
129092,265
191257,169
65236,7185
330059,2410
217016,964
27706,964
207518,2696
63170,2696
227752,3725
181203,232
279242,232
93177,232
177350,2439
256116,2439
263941,2439
263961,2439
267382,2439
278678,2439
323710,2439
336565,2439
336566,2439
398725,2439
398726,2439
398728,2439
37078,3892
21482,1435
6931,1090
40412,798
259721,192
279480,642
4315,610
41355,150
4192,150
253857,749
255729,865
353775,865
171382,5724
320272,5724
122592,2698
171206,2698
256207,2698
292835,2698
307301,2698
334437,2698
73681,2698
217921,1083
345535,1083
363010,1083
398827,1083
398833,1083
398837,1083
398841,1083
398843,1083
398844,1083
398847,1083
398849,1083
398850,1083
114728,11126
41751,11126
42300,11126
266781,500
273004,500
275939,235
207048,1269
255474,234
183321,762
251664,762
225452,281
42539,43
60905,2553
98067,2578
139278,86
153634,86
66398,995
59491,524
61447,141
91233,2944
70898,367
7501,472
291247,940
357885,1084
47893,12
162261,683
92141,1010
355514,2778
111163,1420
93744,1158
129551,642
176341,2381
7445,589
50774,2293
126731,3709
166683,714
6033,410
164759,276
5974,276
191820,7179
293523,7179
72860,982
132931,2672
87245,3060
134209,10484
83943,825
248219,3205
136605,1038
257118,1038
63489,2441
67090,2441
321065,12
223032,1053
374281,1053
162959,506
29401,506
257482,1091
128900,6195
79242,6195
214243,697
190168,1075
225984,336
124559,669
169362,306
272687,1304
128502,449
255916,289
37397,405
183318,762
365032,2578
296443,511
192360,2760
73582,2759
31653,18
170475,855
28481,2944
44012,472
26443,897
149946,4102
73090,4102
134371,7179
57144,2672
34284,6418
387923,128
193470,28643
18975,2999
45846,1162
400485,40
257987,234
384807,317
114491,589
356197,1050
92567,4482
395068,2740
74956,749
7096,1025
91914,8970
181778,12
205054,12
17127,410
57943,1075
160831,2671
127236,21957
12880,21957
194214,68608
164015,2420
261988,2425
155396,7179
329768,982
214770,8024
313968,2503
22519,1842
59551,3302
186228,2759
10375,989
4233,989
356621,2553
126610,5817
232144,27
77740,3558
56815,1162
33465,589
282411,418
214251,121
306382,3057
27245,498
281807,43
112617,79
392810,969
122582,273
241231,417
29903,467
58825,3205
23218,472
45775,472
395069,2740
59038,6996
47375,6414
58043,6414
98536,2696
336854,2700
59529,128
364233,601
72486,979
215096,383
121577,687
98102,669
343602,336
79132,10625
317593,200
76799,1010
14736,2999
94686,2760
170523,79
20394,2944
114130,1084
184528,1025
82693,1025
75127,252
304606,4128
388171,3031
291065,3028
191792,3021
277785,3015
175589,3024
281252,865
395447,618
358985,1082
33914,1095
225716,610
223068,472
351478,681
125783,416
315858,5
158516,8024
396123,1085
62501,128
303259,58
158071,2448
125858,38
35934,105
206563,5220
242758,1837
129212,441
16433,3999
198264,10690
228846,16242
292717,660
134710,1304
232499,1304
271670,1304
273422,1304
247595,1435
110856,126
209048,276
131109,458
55854,252
119581,79
17029,33
106872,127
187798,169
118056,7185
256705,7185
24465,2672
292356,265
390108,2672
75213,2672
136643,683
143045,683
171072,683
231471,683
338070,683
63295,21957
68410,683
343120,3060
116917,128
208085,28956
238890,28956
243602,28956
295807,28956
319299,6676
342911,28956
349890,6676
343537,339
188905,798
229797,1053
256120,131
323740,131
301037,28095
334449,964
207573,47
243616,47
342762,47
230968,4602
55976,2696
90983,589
211796,294
258027,294
242631,11
45272,1123
381625,43
170522,44
27486,418
298976,418
325410,6994
405620,6994
55742,989
173900,162
21490,1090
72201,2448
135747,430
43237,8970
349962,2503
113039,417
228999,995
288230,273
45082,1420
198495,989
258879,985
248755,2999
181795,2778
192635,18
275361,1095
73627,10484
77362,589
399273,1533
253267,1084
406761,6994
406776,6994
196722,2963
245334,2963
226965,349
199527,990
244290,2577
181498,899
120186,2413
179451,1071
76560,1071
10025,1020
33065,350
159894,2964
67274,1220
207771,352
226978,352
243591,352
218355,2454
52432,2454
325994,865
165724,4102
286297,6574
343289,2503
131314,1085
354146,47
197791,3716
264220,1027
227185,2805
214666,972
245765,1211
205849,172
38449,6418
170957,417
353399,1041
134567,968
370522,157
227102,33
289507,82
127151,1421
276768,1082
277268,1082
288502,1269
273051,133
298983,1084
375657,4482
337715,12
358907,2727
18949,475
235024,2944
251079,126
71801,150
308801,16795
166586,6994
390107,2672
15798,2441
67089,3709
361254,1049
288255,610
340970,133
69819,1301
69001,1010
111073,989
283223,2778
209686,41
126281,39
215864,24
272622,415
357117,415
105388,1095
126697,995
328105,192
221986,681
161267,940
322917,2448
230784,13
184948,2503
336756,2420
388581,2420
5588,265
120975,1241
42609,3032
318715,3031
364567,498
123639,475
38388,1123
3179,371
138292,79
322305,1162
410185,618
295414,1050
74996,1533
93935,368
405621,6994
410184,6994
410213,4482
342347,6418
104605,1083
240958,5
96853,4083
87893,416
160893,2671
226802,169
214623,4602
248658,3060
26065,13
281963,13
105468,16795
44227,16795
270410,40
399382,3558
342229,162
353845,976
111227,800
226006,410
240414,410
292422,410
41914,800
181783,276
344806,276
373359,276
336960,458
159041,2672
130142,2441
191853,2441
256139,2441
318257,2441
225657,418
290273,418
342887,1049
208116,368
226012,368
349836,368
249471,897
348425,897
387129,897
53293,897
230895,2448
57403,150
138655,367
58115,367
98428,3709
331389,1390
71019,1390
273130,4102
190911,5220
153880,1091
191643,7646
348301,2079
399775,1050
110925,714
247909,714
253153,3368
274771,472
282671,472
411027,6994
218144,2577
188862,985
4216,1519
58379,39
18831,2944
373683,940
353948,1041
91448,10690
411119,475
138679,28643
134293,1020
255703,972
207273,1269
43249,467
403839,192
288225,855
324806,855
375039,2503
390103,2672
170424,986
192611,1088
261738,2413
338838,449
342346,6418
244130,3054
344381,583
106654,3020
232068,3020
36658,3023
162039,131
262731,964
195246,16
181378,40
225004,40
144244,1090
241477,1090
248483,398
33925,618
290940,162
324803,273
187496,4795
94598,4795
182752,15
193006,42
336828,940
241325,1421
412513,995
68645,46
197650,29228
1368,1519
277788,987
287964,987
279657,24
189744,162
306186,40
182201,8428
413502,897
175914,2448
377021,150
328480,3368
206421,5220
274848,169
295443,169
402982,2079
277123,6676
402050,6676
198529,1049
311680,1049
255496,1533
5986,276
240900,209
199179,1091
254659,1091
292350,1091
292361,1091
295663,1091
336726,1091
355751,1091
365247,1091
390127,1091
390129,1091
233264,2441
190272,128
261072,128
365248,128
357565,1050
333241,533
393239,499
227967,82
154396,4795
182557,1269
30697,1090
241391,202
290017,1421
371158,28956
52807,968
258139,2727
309784,475
42266,475
55247,31
230960,3205
275935,825
343273,367
124668,7179
380409,7179
271284,29228
238291,29228
405973,3057
234189,58
99397,762
44417,825
380483,8024
158375,68608
119164,336
138139,982
238223,294
198570,2425
222119,2425
112465,720
198008,720
87469,720
77383,1519
313167,2079
18945,7179
111961,252
22210,252
315568,12
315850,12
20586,276
149526,4102
159288,8970
353047,8024
129128,1301
323614,2425
110074,336
95870,976
21369,131
88490,131
240900,13
39151,13
55978,2672
69838,2672
416003,28956
420330,472
93670,265
12817,465
225744,465
177859,31
200782,31
236510,31
262545,31
263556,31
279457,31
211395,3368
163600,4102
37947,8024
126542,1420
93730,1420
292820,1095
18912,273
353205,1158
277788,2802
48020,1519
37078,2999
223971,3001
160920,1270
193867,903
67221,2451
314959,1010
62638,698
121388,1060
183286,358
9413,358
234807,1072
110356,991
199528,991
66959,991
130164,289
326300,11
144904,677
146795,677
193593,337
293450,989
391132,989
416621,989
251289,405
49319,405
110860,931
35583,1035
121990,355
110861,703
44317,703
86793,1039
138335,512
236953,399
283655,1194
40612,399
101500,1032
176485,1032
148657,641
93936,641
229695,281
198070,1237
206225,3008
14608,3016
60588,22
251845,1148
220755,29
238988,29
28171,1084
56513,8970
199248,458
410443,1465
31952,995
87479,618
290577,417
146373,244
38360,855
292417,1003
316125,1003
184398,2288
197910,2288
66413,2288
75890,2288
155964,2672
415918,6418
92381,603
16744,265
110858,989
35413,989
81455,989
121280,31
230611,4102
292357,683
60731,6676
365258,169
230968,2671
207633,28956
46955,28956
249636,417
168957,3508
207877,1184
63487,1184
93315,3508
51540,762
71292,762
49734,289
110911,499
93393,133
222876,306
186704,192
31111,192
43247,192
73254,192
17313,798
17386,524
91434,2293
98102,19771
127768,2944
35763,2944
141658,2381
143182,2381
29387,2381
295008,2381
38414,141
77875,2381
23197,800
378954,273
228038,1465
37430,511
61857,128
12029,2282
148489,2282
192526,29228
152873,968
273004,354
86057,2727
130119,475
205533,475
232859,172
41125,475
238407,202
203342,403
4042,467
106306,589
412158,589
55270,589
7025,820
98512,820
187587,276
30638,1025
37941,1025
326204,458
203330,2420
401047,2759
27488,28956
363537,157
15018,498
237846,3057
288496,3057
65521,3057
208552,28643
98827,28643
137939,825
231316,825
90970,825
257676,2503
52480,2503
229970,164
261367,3716
43193,164
92899,336
124550,1032
129990,720
198007,720
209513,720
121411,982
352847,982
107667,1075
292281,1075
175601,68608
188335,68608
213875,68608
418424,2425
92042,68608
341516,2995
24661,398
58818,940
78818,467
198006,2990
179481,601
190146,601
90368,2861
12763,1123
82281,1123
55619,1010
236953,379
129627,180
7161,18
85789,18
168063,3
44521,79
58405,79
39106,42
9824,42
46580,533
127177,39
80031,4795
187507,642
235755,192
933,192
116636,403
394906,1095
39883,1082
182814,417
215686,417
290532,1420
322811,1465
258835,982
366278,982
188077,371
129702,28956
179548,7185
43414,28956
231471,169
323713,475
385271,475
150568,29228
226194,29228
118022,33
136610,86
18331,24
67685,24
354587,1090
60971,1090
260664,317
62064,133
176591,1533
234510,589
51232,589
167556,825
292545,825
46662,2381
62941,825
41261,524
129505,6574
66109,4102
21748,252
109038,1038
76077,1038
26456,430
77003,430
380764,1301
418425,2425
27583,1091
164735,3060
231907,3060
120518,6418
270188,265
46062,172
180767,157
57372,157
19104,3368
133734,10484
87299,10484
119028,7179
76076,7179
193082,294
116918,336
418752,8024
379747,2995
200956,1191
358143,720
72772,1075
23307,3345
336891,3345
164498,169
229812,13222
59551,472
5574,403
61809,403
6270,244
112930,475
124701,58
226290,475
94307,58
49327,22
315779,16
118492,42
220656,86
118397,33
20346,16795
44059,12
94529,12
124173,4102
5825,800
18829,162
342230,162
181477,1421
171402,511
7589,3057
42531,3508
129580,354
303939,354
160438,11
157490,1032
277179,281
277723,281
12127,1035
42513,1035
90964,1035
47659,1010
15838,164
258883,988
193861,1020
197642,3008
94523,192
205023,133
57333,133
175709,317
175323,714
69001,714
94807,2448
62716,749
37418,46
25441,410
44327,1038
96806,1038
235540,618
170495,1162
158427,979
51574,2503
56005,1075
157396,157
170322,991
131664,2672
86880,2672
103565,289
44855,289
57420,289
65255,1123
68306,2288
74590,984
8883,873
43745,987
54984,12
356537,1090
61842,762
37337,1010
124769,276
231614,276
141834,430
197743,862
51186,862
85380,862
114340,252
50303,252
22328,1038
41749,1038
22673,410
62713,410
57134,1095
84481,1082
27306,40
290249,40
318507,40
135490,1158
206912,1158
12386,1420
182963,1421
74615,1421
36802,371
48907,371
66959,370
101785,404
183397,192
182685,6676
185691,6676
290552,683
391720,6676
44373,1049
98322,1049
111185,200
147034,383
115507,2441
38746,2441
83895,940
201135,86
56317,798
186997,1084
190576,2381
192801,2944
16335,589
37388,68608
138512,354
208505,58
238474,354
38003,58
74288,354
183334,1123
130756,512
120630,379
200777,984
228948,33
237732,82
353108,82
119031,24
170522,24
35872,24
171376,42
88684,39
90024,167
152642,1268
232015,317
257981,1304
160506,1533
34753,20
61447,20
137582,141
91854,2293
153207,3205
185570,3205
43760,1025
230221,1162
166628,2420
203323,2420
216131,2420
380483,7179
153033,1085
236541,1085
25211,1085
340557,1301
87143,1301
255906,370
182201,1184
182875,29228
34991,29228
164913,3508
110356,2553
67274,2553
170424,2451
186621,7185
214623,7185
119434,265
125918,265
33926,3023
140579,41
195782,105
277137,234
159894,133
127187,16795
9819,16795
177862,150
68645,150
386726,449
39316,449
83560,449
137610,524
171410,524
37091,524
52920,114
7781,114
133450,825
51311,825
77964,825
130360,4102
167491,4102
16893,862
148252,800
36293,800
84921,749
340151,506
323704,40
35099,244
277111,8024
283130,720
104127,2503
312621,976
348425,976
184310,2990
80188,2282
183383,475
25721,3057
291222,3057
31535,475
142924,2861
14746,43
35587,903
69651,43
46810,47
81421,3060
46687,28956
87415,2079
284856,1091
102427,336
167216,2425
53847,336
207487,6418
211796,6418
49347,79
202228,86
235767,43
37677,2759
202925,2036
83700,265
250358,1049
40428,367
28356,1420
288251,273
23996,157
75287,762
118535,985
179451,985
264429,499
44027,1084
330876,20
37899,820
270648,2420
233750,982
35761,1519
160746,498
106405,167
320828,1269
350193,1268
110309,3368
255493,1533
28005,3368
37892,1533
176285,16795
197745,252
287871,458
43518,6890
212372,524
67570,19771
98133,19771
251827,589
56490,825
353404,1041
171206,1301
149928,8024
99859,8024
16682,6418
114400,3205
126767,3205
333166,2425
5169,2425
235687,2451
16760,964
53286,964
89086,964
209513,2448
86863,865
91423,865
16402,321
206745,1269
8060,3368
26239,1465
295400,976
203558,968
381362,2282
31123,105
34593,27
40456,105
189073,3
93309,86
258363,202
303140,472
63204,589
79110,10484
271787,1095
396131,1421
57367,1421
61682,3558
225452,371
252713,2999
68746,6676
85554,47
134424,3008
209781,29
196860,399
250638,3057
155202,642
185566,403
226085,610
94305,749
17465,6890
55524,19771
182903,1041
175961,618
84318,2420
16535,7185
203136,265
214927,281
258878,281
261504,281
272624,281
277118,281
253045,2503
387036,985
159977,2578
244263,2760
320271,1049
267383,932
258923,985
340194,985
102045,173
123683,173
45219,678
73417,173
75453,678
214056,1003
189989,5817
68203,5724
193004,42
193900,42
226450,42
314645,1269
285322,1084
139449,150
354726,969
18093,2553
105500,2760
291171,1519
401043,2759
44588,2861
63342,2288
251058,985
315131,985
135917,3426
20852,3426
46007,3426
48864,3426
49147,190
75458,190
104249,5818
140069,5818
22490,5818
78514,206
78590,206
355512,2778
97343,1063
255322,458
58621,820
85291,19771
243725,1041
209154,7179
206430,7185
113235,2439
263934,2439
48526,2439
54312,2439
59908,2439
59930,2439
54859,3709
121026,18303
122361,18303
129646,338
221958,338
116302,16247
206053,16247
45812,16247
107266,5817
121958,3725
3321,3725
98547,16704
132091,2410
157227,28095
240551,2410
48550,2410
58971,28095
282660,44
274461,16
14937,897
62610,2740
91419,2740
91425,2740
123543,10690
259461,10690
425707,4482
325994,5781
48987,121
66020,121
66784,121
37397,367
369673,1053
139198,1301
20838,5818
265671,1063
78753,1063
15500,472
31776,338
166745,2477
176412,6992
181006,2477
211313,6992
230409,2477
269669,6992
321417,6992
371319,2477
415859,6992
415860,6992
296781,18303
170994,1158
48634,1083
84483,1083
95604,2696
142208,2698
156128,2698
197032,2698
73854,2698
207528,16704
93184,41
387047,798
411287,1304
104590,10690
120262,23611
222079,23611
313753,10690
58427,23611
213976,6414
248930,6414
248931,6414
248938,6414
51531,6414
45214,141
208604,449
293135,449
125125,8024
182710,2420
127822,232
72171,28095
242724,932
51897,932
39256,265
418927,28956
369684,865
124891,367
83275,825
110622,2700
240226,2700
57631,2700
212260,11127
7252,11127
293729,370
164647,678
248936,338
305415,338
337716,6574
184133,533
195906,167
326460,1269
272732,306
171312,976
131183,43
147151,4128
309841,405
318928,206
283234,2778
294807,190
119234,39
24043,339
120966,6414
383623,6414
383211,4482
31067,4102
87893,8970
209574,19771
65992,273
411295,2420
425516,11126
129212,21957
131827,1184
339005,3057
52506,968
222320,121
52514,3725
169642,7185
348519,7185
184243,126
26763,244
296308,2700
184260,5818
91885,16795
91931,114
280076,6414
141329,16247
24862,2999
335900,11127
357898,11127
428119,11127
257366,2778
267614,190
258254,162
257462,294
58965,976
134761,23611
428380,4482
113890,511
189283,82
89701,15
6838,3709
245893,631
316551,631
37579,631
314266,984
408438,403
281990,13
233782,1420
293213,2293
251099,141
275683,449
52281,449
39377,2553
333355,3725
375755,2700
72496,4128
282577,3
96043,467
79510,458
419375,3216
425372,2995
182682,683
124419,265
190911,128
293324,3426
255744,276
73083,1025
136537,10690
269371,10690
86466,10690
183943,16247
273663,339
328733,16247
427341,339
56370,16247
136513,47
283001,42
65781,167
289433,583
93751,583
19636,430
56921,749
85783,589
67855,820
272785,2477
266203,47
388636,317
308632,29
314210,29
392276,583
54175,2381
382527,6996
430153,6996
203026,31
22853,5817
315272,524
387966,3216
39533,976
187530,2671
100127,6418
381356,47
298587,28956
114530,265
284847,121
325221,2439
3146,512
432048,1085
347038,499
168944,862
340070,416
57869,18303
319131,3709
265088,5
10025,2578
154219,370
344584,370
265132,405
165873,79
172168,44
16693,2944
418320,976
297008,6414
316946,6414
432658,6414
12752,987
289236,681
204069,1038
432772,1095
293827,3216
45721,3216
99007,2439
270576,524
231387,11127
333347,1533
237294,3216
330145,3216
387968,3216
258026,2995
430154,6996
429099,2740
316945,16247
3564,370
228424,2778
400533,2778
315280,234
268957,368
110925,8970
86848,79
165513,800
45212,10484
283214,3426
235371,42
247300,995
256772,20
111830,43
137154,2553
289683,173
289835,678
273542,133
264857,234
400276,449
419376,3216
419500,2778
291352,1519
291592,1519
298091,1519
326587,1519
363227,2760
331726,631
310004,678
351624,2999
388171,371
395892,2696
217024,964
271497,964
277069,370
91450,4128
249271,1083
320259,1049
355628,681
370833,589
4746,15
216597,41
44607,41
195778,33
21039,105
32273,105
251846,368
72274,6195
291392,46
303657,46
146799,1038
308256,1038
160910,1095
341942,1158
358508,1158
288241,995
244165,338
322912,4482
430152,6996
435666,6996
362562,2553
435205,2553
293721,2999
363220,2760
37700,2999
303254,631
258883,29
257968,289
320213,289
244130,873
250431,762
251845,31
296986,984
387331,984
418513,173
258482,800
353998,1025
57285,4102
74687,276
22285,749
282560,36
256711,1301
380478,979
261459,1075
343492,339
435665,23611
216896,370
344589,371
238029,2578
293750,43
251107,20
319724,20
330872,20
330892,20
347469,3216
223025,126
292773,36
299839,449
381689,449
385726,449
25550,19771
391443,3205
314137,16704
212258,964
214262,121
287189,932
257406,2778
131967,865
301883,1053
321860,1053
124866,540
37293,865
278702,43
68331,43
161327,1274
45622,1274
72687,1274
255451,5771
285289,4313
146281,1008
230166,801
130280,3776
116272,206
22479,206
134293,370
25834,370
114196,3737
87097,10695
190280,272
252689,272
349066,272
181061,6017
123750,6248
190048,6248
153657,448
187097,2950
52045,829
108636,119
15762,119
382007,5862
64535,119
74985,10482
238595,11040
291947,11194
294568,3793
180836,10157
288436,865
300137,5228
121393,370
168088,11107
79193,163
92904,10625
140570,2976
22720,2976
364258,409
317482,419
232418,255
49035,255
61505,255
63265,255
124662,713
139915,159
41751,159
73623,159
52893,2784
229004,371
156116,663
187115,663
149829,4772
204047,7918
262682,7918
424051,7918
50384,4772
62337,7918
189485,279
136184,195
283185,2844
112317,190
89200,190
46162,669
95641,669
34186,540
255731,370
4624,272
164693,801
46423,447
255473,1109
302810,1109
15676,2944
83943,2944
212432,2671
88348,2671
96089,2671
144028,1184
102271,5817
89197,5817
187077,1063
217684,1063
22176,1063
222972,1063
49488,2778
119533,1177
174001,1177
22917,173
229797,173
257324,173
41843,1177
61881,1177
62402,1177
72457,173
72836,173
88647,1177
122088,338
82599,338
188131,190
201139,369
22474,369
22860,369
23579,369
23582,369
36784,369
48867,369
51349,369
68973,369
69934,369
72402,369
86310,369
88269,369
99106,369
138091,678
256567,678
264576,678
43010,678
102040,2414
106320,2414
147112,2414
161244,2414
23076,2414
260838,2414
292366,2414
29392,2414
439456,1053
44573,2414
75422,1053
79607,1053
89208,1053
95984,2414
89188,3426
90297,3426
129557,5724
165812,5724
73662,5724
344695,409
37933,31614
66008,2784
381360,7918
205940,419
328658,371
94317,448
138199,2671
193885,43
249570,1184
186531,370
107803,447
140790,447
123279,8838
155861,8838
255635,8838
271665,8838
310782,8838
320247,8838
358956,8838
43404,8838
49016,8838
53258,8838
58389,8838
58402,8838
59038,8838
77853,8838
57727,3426
109314,2477
146725,16247
448537,2477
448783,2477
58961,16247
59636,16247
89010,16247
53270,338
59136,18303
91727,18303
130907,2740
38297,2740
56698,2740
58016,2740
91991,6992
22149,3057
55356,2410
69006,2410
345590,369
146155,206
69905,1177
22479,865
103440,5724
369675,1053
248932,339
343153,339
401822,339
448868,339
448869,4482
167556,10690
206717,10690
448854,10690
22378,1091
283196,610
362667,610
37397,1091
51191,1091
58970,1091
112948,197
148004,301
148372,301
50806,301
73951,197
186260,452
238809,452
111038,58
113358,58
56830,58
64126,58
43246,941
74872,941
34159,419
157495,162
161869,162
24180,36
342202,162
40478,36
45548,36
5880,162
73480,36
91945,36
172181,683
73319,683
11757,195
144143,255
149446,618
162571,2441
25732,2441
370885,2441
226025,6574
52269,434
206734,144
341647,6890
59931,6890
80672,144
145692,8024
202788,1304
232219,1304
61743,8024
210528,157
213016,29831
23966,157
295183,29831
78082,2944
166277,232
48987,232
54528,8715
198006,2425
315970,2425
329723,2425
391719,379
42234,379
57162,379
221958,18303
46405,447
410425,1082
45237,1082
113039,265
38305,265
45639,265
6438,265
92141,265
187809,1090
228645,1090
282783,1090
279529,697
300538,697
140803,2282
162261,354
195910,354
62700,354
78570,354
96267,354
238537,1210
268327,2778
186499,29228
198613,29228
336125,29228
363537,29228
430579,58
206950,475
208542,475
221150,475
268122,475
41100,475
419427,498
42393,498
42948,498
67546,475
97567,475
101201,3508
137326,1245
166683,1245
167105,3508
228658,1245
279254,3508
31131,3508
336835,1245
33707,1245
342887,1245
380415,1245
380416,1245
40407,1245
53309,1245
59168,1245
73070,1245
8006,1245
98340,1245
133480,28643
142929,28643
170904,28643
194438,28643
209933,28643
289713,172
294791,172
429086,28643
436419,28643
89619,28643
289282,8838
314571,8838
207074,6992
224736,23611
383623,23611
239033,2423
292353,2423
256116,2700
62514,2700
99863,2700
106569,14589
106618,14589
172974,14589
172977,14589
214243,14589
247248,14589
25921,14589
351168,14589
48486,14589
58429,14589
72164,14589
73335,14589
86269,14589
118074,206
171806,2414
187147,206
286000,2414
176850,678
100399,234
37217,234
38434,383
112930,3057
121570,3057
206740,968
260806,3057
312819,968
124180,2861
12518,2861
239802,2861
311489,2861
111057,601
138651,601
154209,601
46500,601
46716,601
47199,157
77757,601
91419,16247
155964,18303
156128,2740
450715,2477
225770,6912
372015,3326
238499,3327
312848,3329
330030,3329
397090,10140
126634,1415
134578,28095
136397,11127
15071,11127
15072,11127
178335,28095
285242,28095
322798,11127
419845,28095
60134,28095
105456,232
106617,3729
119223,3729
126145,3729
15666,3729
217923,3729
24994,3729
36227,3729
49676,3729
51892,3729
62834,3729
70211,3729
82597,3729
98533,3729
104200,2696
132091,2696
47184,3725
99003,3725
99137,3725
112088,3691
144542,3691
144547,3691
155334,3691
15593,3691
211740,3691
26591,3691
46504,3691
47459,3691
48491,3691
70220,3691
98968,3691
208890,2698
38270,2698
39253,4128
58345,2698
67548,2698
78726,4128
214265,16613
183510,713
1726,610
35884,1091
46552,162
52209,255
3202,371
186383,697
9824,2441
216179,6574
54306,8024
97013,8024
103284,157
314915,157
323602,157
64246,157
188942,2944
372267,1090
61846,1090
55409,1082
249566,1184
289846,379
289855,5724
345749,5724
345591,1177
117484,467
129551,1269
14551,467
182554,1269
189231,467
198473,467
220896,467
258364,1269
56778,467
83253,467
93535,467
100986,583
18900,583
60577,1041
147028,1268
162694,1435
190874,1435
199380,1435
203939,1435
31116,1435
335016,1435
4538,1435
45655,1268
61666,1435
68947,1435
72505,1268
73504,1435
81346,1435
93831,1268
187598,798
190048,317
237426,798
249157,317
257988,798
65256,798
87854,798
164292,403
178219,403
214252,499
244548,403
41355,499
233077,1245
435808,1245
235247,475
107777,2999
125158,124
13583,124
16746,124
196722,2999
208934,124
258924,124
3292,124
36657,124
4750,124
5870,2999
59543,124
61674,124
61697,124
62094,124
62643,124
99463,124
125746,987
134422,2553
138235,987
148957,987
156939,987
177185,2553
247400,2553
249256,2553
257536,2553
282362,2553
11365,2451
129973,2451
169934,2760
175841,2760
244220,2760
264206,2451
74777,2451
153776,2759
214326,2759
232068,511
235780,511
241706,511
255334,511
3825,2759
79948,511
339844,338
92180,964
15077,3729
267383,2698
61954,3729
67064,3729
62735,3522
240415,19
329722,294
341110,294
34944,294
345595,2778
358421,2778
369674,1053
451801,2778
129554,234
4042,234
41335,202
95673,202
39522,306
4698,306
126700,468
182420,468
195546,468
202380,468
212849,468
214798,468
24498,468
260664,468
321528,468
334804,468
354340,468
57506,468
84907,468
164472,192
240263,192
37850,192
4607,192
56381,192
64507,192
78514,192
235745,968
335062,498
446491,968
157849,58
27471,58
135553,2578
41726,2578
132764,43
31552,371
277777,660
90222,14589
98557,14589
113575,3691
325754,3691
94926,3691
343957,11127
167796,6692
335473,839
102470,1429
199927,2331
197751,2722
111051,1003
168337,1003
286384,985
3455,985
55735,985
62945,1003
255729,3426
265282,2696
214316,368
240900,368
296622,418
76163,368
86175,368
40022,19657
355516,3732
331975,23297
407021,23297
23250,2414
293298,2414
371307,2414
372240,2414
345597,5925
243841,26459
324521,26459
295613,21216
375180,6993
424145,33571
58922,39097
122361,9007
364831,49364
358422,3426
201427,5724
52117,5724
189044,369
134936,583
181477,595
272642,595
291110,595
112822,855
157491,855
272633,855
57372,855
166640,475
200320,475
453483,2477
87097,2477
156501,720
231289,720
255755,720
45383,720
90583,720
54375,964
230166,458
28827,458
349719,458
35934,458
54581,458
130360,1025
140206,1025
368559,1025
38607,1025
189441,252
30782,252
43848,252
102132,1177
102258,1132
120565,1132
24634,1132
33507,1132
34130,1132
34691,1132
35564,2288
4055,1132
48078,1132
55291,1132
74810,1132
89231,1132
61842,873
77274,984
126665,29
207015,148
348623,29
4311,29
77760,148
122223,3008
93145,3008
167268,289
177847,289
179451,289
186590,281
307781,289
70934,281
121257,641
123742,641
128904,641
133179,641
18644,641
32522,641
33963,641
4063,641
51452,512
59558,641
73067,641
7589,641
77544,641
83430,641
129078,180
167799,180
37941,1010
60583,180
135492,40
16993,40
56795,618
118078,1420
15844,969
237125,1420
285323,1420
315110,1420
343052,1420
126552,2969
137841,2969
15788,2969
170966,2969
182323,995
190786,2969
199704,2969
201497,995
216426,2969
216499,2969
231025,2969
290928,2969
329145,995
372711,995
5348,2969
5543,2969
80173,2969
98262,2969
203655,1158
324804,1162
33914,1162
352017,1158
3569,1162
45832,1162
12508,347
170927,347
182891,347
18955,347
205587,347
222859,347
344888,347
365952,347
38360,347
410225,347
85295,347
238595,202
4533,798
131664,192
131996,610
341429,610
241486,468
241501,468
253267,1269
315211,468
340460,1269
13110,1245
199635,968
419723,354
103819,124
261738,124
323957,511
115028,2999
236499,2553
307277,2553
251914,987
69435,2578
198264,2740
204348,8838
448870,4482
131890,1301
134603,1301
187697,1301
190442,336
244277,1301
435497,1301
45372,1301
126964,7179
131250,7179
166379,7179
175601,7179
190553,7179
271861,7179
280178,7179
348425,7179
442424,7179
85588,7179
131753,979
167317,979
167383,2995
182462,2995
182720,2995
194330,979
197981,2995
199099,979
257456,979
273980,979
291968,979
355469,2995
55977,979
76090,979
235755,11127
159692,2698
27394,2698
182893,410
255901,410
308801,410
319160,410
238981,862
200188,416
241889,416
334222,416
69374,416
199258,800
294808,800
392964,800
68306,800
121402,2921
124555,2921
139634,2921
162961,2921
165381,2921
199248,2921
205054,2921
209649,2921
216872,2921
28833,2921
355479,2921
7797,2921
390667,839
23284,749
331389,749
5878,749
168346,173
320273,2778
47781,5817
111455,11
200512,31
253341,11
26669,31
49499,31
195652,989
249089,989
109720,1159
127098,1159
170916,1159
182904,1159
205497,1159
23952,1159
256902,1159
263294,1159
265569,1159
39924,1159
5406,1159
75645,1159
111058,417
182889,417
243606,417
272631,417
284732,273
312862,417
344596,417
43458,273
453594,273
453597,417
146143,244
170460,415
201737,415
213841,244
22388,244
270411,244
344152,415
36500,415
63252,244
6803,244
83002,244
203938,403
264857,403
251106,317
358985,317
283223,16
288230,16
39728,27
44466,16
58205,16
99922,16
314959,3508
264372,338
126664,131
146854,368
165007,131
45319,368
67920,368
74230,368
103381,2420
175597,2420
188335,1075
198053,1075
261927,1075
283130,2420
53071,2420
84711,2420
111811,68608
113025,1085
148489,1085
154319,1085
180271,1085
193319,68608
197157,68608
24202,1085
257376,68608
257455,68608
260316,68608
290391,1085
440755,68608
71420,68608
91949,1085
114130,2503
149654,8024
189047,2503
205116,2503
291941,2503
336757,2503
44122,2503
348423,28095
98543,3691
291140,2700
178400,3725
225873,1038
242086,1038
318077,1038
33218,1038
46413,1038
139169,4083
146680,4083
163639,4083
16633,4083
194549,4083
195199,4083
197744,4083
205809,4083
278578,4083
28855,4083
84442,4083
86074,4083
87282,4083
194998,1053
179184,631
181380,379
225083,631
45403,379
82130,379
127826,3349
130635,3349
131658,3349
13216,1465
138649,3349
170562,1465
195308,3349
220722,1465
226896,1465
234208,1465
236748,3349
248901,3349
24946,3349
24956,3349
255238,1465
255243,3349
278985,3349
285040,1465
292733,3349
292749,3349
33735,3349
346767,1465
275159,4128
60653,14589
13121,1390
164091,1390
19136,1390
199941,2722
235931,1390
43722,1390
52136,1390
56703,1390
5825,1390
98888,1390
57845,18
99331,18
126540,131
221025,131
227081,368
105470,12
121985,12
15904,12
45314,12
255995,1050
323831,1050
37579,1050
63186,1050
77737,1050
87469,1050
174733,1184
69609,1091
284727,379
391470,379
283602,265
341680,683
60982,8024
225536,6890
168957,159
45622,2778
221875,369
122153,985
167042,35
337027,27
190168,798
57525,1162
59597,1041
115382,897
127987,897
128488,1533
153427,1533
177065,897
238868,1533
374077,1533
51587,1533
77026,897
93936,1533
126252,331
174859,331
197126,331
199369,1084
228761,1084
246291,1084
25441,1084
25461,331
298589,331
374081,331
42920,331
57186,1084
66112,1084
71206,331
81998,331
114143,6
134631,20
170442,6
174822,6
183614,6
214838,6
238199,6
269510,6
269866,6
29627,20
349622,6
35275,20
45673,6
49719,6
51660,6
60795,20
69014,6
72643,20
7444,20
91956,6
166628,68608
177866,68608
229853,3057
222813,31
33866,1132
385918,1132
312017,512
9508,3008
61592,873
101500,1010
127187,1010
67355,29
75471,29
160241,38
237732,10
49239,4
74900,4
107574,60
152733,60
152963,60
177779,60
185077,60
320141,60
66005,60
74295,60
106987,23826
111078,23826
157635,23826
160968,23826
170527,23826
199268,23826
302215,23826
40074,23826
52200,23826
57071,23826
70243,23826
82070,23826
9340,23826
93740,23826
103547,3
168797,3
45668,3
55510,3
119277,82
229176,293
29835,82
298976,82
57995,82
88721,82
224884,33
237662,33
32213,33
182752,2
106634,403
234509,610
93393,403
126413,595
157500,595
122116,1082
23874,2969
333802,40
5513,40
66791,1159
77348,1159
20463,162
342209,162
51040,995
250686,43
158786,2553
284762,2553
307419,2553
12773,2578
111072,18303
92567,23611
127142,150
133089,150
135208,150
234523,150
80293,150
128295,16795
193593,16795
216569,16795
29559,16795
296783,16795
82048,1050
221899,714
37403,714
56067,714
56134,714
7717,714
125751,10484
129990,449
131096,449
131709,449
136515,10484
204047,449
216597,10484
34421,449
58621,10484
124891,114
137609,11282
145025,11282
15762,11282
171411,11282
241902,11282
248756,11282
259943,11282
266340,11282
278654,11282
30710,11282
34495,114
51938,11282
52082,11282
56046,11282
57349,11282
105653,126
168163,2293
177031,126
210009,126
248219,126
298417,126
54528,2293
112237,3325
162819,3325
223029,3325
227436,3325
22785,3325
256696,3325
292739,3325
334632,3325
340538,7179
377605,3325
45448,3325
58181,3325
79128,3325
85771,3325
89297,3325
182936,2995
215122,2995
114932,1465
366645,1465
137179,3725
73951,28095
398845,1083
15951,506
341092,430
39153,506
51226,430
148751,12
255744,410
55616,29228
118292,28643
227532,28643
48895,1177
136610,289
375391,289
39471,641
4321,289
59323,641
78966,641
146795,989
177476,989
94559,80
185427,65
193033,2036
237444,2036
154147,4795
39743,533
67869,533
82863,533
84435,533
160668,105
171376,105
220656,105
52530,105
58000,105
61989,105
77920,105
142031,24
157490,24
158055,187
171209,24
188862,24
41541,24
165012,39
48870,39
106270,86
23553,86
251303,86
36182,86
5017,86
93758,86
156779,109
252088,109
34787,15
82009,15
137669,202
16731,200
252755,200
129991,468
77147,468
273054,1304
355370,618
12101,347
52112,347
137745,855
289587,244
290862,244
108709,16247
255638,2740
122155,681
126737,681
304250,681
127837,1108
129386,1108
133794,1108
139434,1108
172015,1108
263856,1108
27389,13
50487,1108
56790,1108
67080,1108
71840,1108
75442,13
76273,1108
76467,1108
7781,1108
93142,1108
129753,2448
175449,2448
246277,2448
300168,621
336646,2448
35548,2448
46415,2448
62913,2448
65301,2448
58602,6890
144334,820
212415,524
256267,820
45613,524
57328,524
58534,524
81421,820
86106,524
140686,589
60004,589
117586,19771
156713,3205
160512,3205
45593,3205
50657,3205
57404,3205
59248,19771
67839,3205
69246,3205
72128,3205
122077,982
194547,982
195762,982
227314,982
233789,982
269467,982
271256,982
135057,294
182722,1085
352898,1085
236997,3349
92042,979
181316,4128
39373,4128
130382,2696
105521,398
140804,398
225335,398
240349,398
44059,800
102750,4083
160357,4083
164108,4083
277167,4083
9967,1025
12249,46
25488,46
19671,1038
190634,1390
22598,1390
99235,1390
33571,416
60128,416
275682,458
332798,458
181136,6195
191891,6195
308278,2921
408839,58
338669,1184
131561,254
342364,42
161011,41
226074,41
72519,41
170986,16
16922,472
253839,1049
68645,1049
77262,472
95438,472
113045,1244
137704,1244
156808,1244
158795,1244
167291,1244
171362,1244
192009,1244
210153,1244
211251,1244
249513,1244
252641,940
295414,1244
58330,1244
61546,940
71835,1244
73180,1244
113938,1506
119301,1506
166725,1506
170767,1506
37216,1506
46662,1506
47172,1506
47517,1506
47543,141
55501,1506
7215,1506
76386,1506
8548,1506
9410,1506
94199,141
271438,1075
98544,3729
341705,12
294894,1050
200616,301
251876,281
192921,1124
170625,3714
181179,12054
444833,10688
350049,4057
258246,504
74641,36
370287,16704
148550,2944
4192,865
59084,1091
226093,447
231378,6574
298975,6574
40660,6574
170620,197
283167,8024
324351,683
90367,683
106675,121
277221,2741
263546,6890
179634,86
82389,86
336869,714
433049,1084
176067,897
77707,897
106837,11282
236895,589
50413,589
86930,11282
62379,2696
46111,124
49872,172
173504,1132
23951,873
50201,873
21327,1003
298477,2288
162029,289
82105,31
112302,1010
27114,1010
295331,1010
60744,1010
81512,1010
66959,192
384587,234
387143,798
5345,1159
377393,2969
72121,2969
182312,1162
18310,347
193142,1420
282900,1420
168543,39
182894,39
173491,15
35872,105
57895,105
111881,167
245537,33
251896,24
225020,418
145769,331
193784,331
127108,1533
33706,1049
37337,1049
140597,10484
243679,6
379687,6
62374,6
73623,449
72772,141
255944,294
138350,7179
291402,7179
329519,68608
38780,68608
288498,1465
53533,2698
69913,3691
81959,3691
195810,398
205940,506
45124,506
130394,5
20137,5
215390,5
196693,2759
77569,2999
89643,511
6404,371
274061,2451
203329,2861
46007,28643
265581,29228
41818,498
42189,968
292818,475
283231,1053
85119,678
208244,984
95755,641
326701,383
188888,1268
225716,1435
84162,1435
369316,467
164771,618
51540,618
80205,415
45662,44
45683,60
111376,23826
178459,23826
94922,660
120991,8838
121011,8838
322383,23611
323740,1050
114340,16795
172127,472
181112,16795
189452,16795
203394,16795
243541,1108
278992,1108
282411,1108
339808,1108
45256,2448
283917,1506
77603,1506
60312,20
74918,820
29366,1085
153207,3325
229708,2503
40326,3349
409106,3349
131248,336
214775,720
93056,3729
43261,2700
257660,4083
34239,4083
337310,862
46423,430
249552,46
129588,1038
22139,800
240306,1038
102470,6574
164897,2921
21782,2921
54929,416
59340,416
198116,749
57354,749
124883,2282
168943,1184
235964,1177
94288,1177
241389,2778
340736,2778
217145,1176
213875,4032
274765,4032
195162,5724
204136,1063
199305,2414
390664,3426
103327,369
222977,369
22838,369
342393,369
355517,369
387745,369
70627,369
232088,22110
328940,982
188498,11000
195488,367
159123,5818
293315,1842
439457,1053
67542,142
316280,5648
387129,3368
229263,34148
249471,12321
60289,5358
51532,3709
180767,865
149652,618
45184,583
127160,33
258027,27
58949,33
28261,714
34370,714
167216,8024
238055,294
342148,294
57188,28643
100160,1083
296513,1083
37933,1083
392678,1083
59414,1083
17396,873
204103,641
273773,873
112052,512
46001,148
81808,512
35249,1010
96828,379
59631,984
74223,989
118535,3008
148262,1132
183334,1132
61834,3008
192565,281
40423,281
73185,11
88590,11
129581,403
160431,1090
145996,306
183282,306
229695,317
92738,317
189098,467
238084,383
295313,467
355861,467
56510,467
228572,798
154051,1269
182578,200
12906,1158
203517,1158
374040,1159
39909,1158
346289,1041
399383,415
50577,595
111036,2969
160080,969
293169,82
6288,82
119120,4795
170463,4795
201135,105
80672,105
195246,60
215599,23826
341317,23826
61637,331
99924,331
98322,1050
18935,368
441287,472
126716,131
146227,131
263627,1108
19104,940
357785,982
340950,720
104509,336
144303,336
56331,336
10143,3205
169927,3205
43242,3205
4672,141
193515,524
34527,524
43246,524
68803,6
116611,10484
274802,10484
131708,11282
161327,820
18829,11282
56518,11282
60539,11282
147487,114
19041,114
258626,114
33789,1506
33793,114
39333,114
45882,114
47576,1506
198086,6574
44162,506
62735,6574
23197,458
277335,458
187622,16247
280813,124
4277,124
160920,2451
294057,370
22609,2553
78648,511
215580,2999
332866,2999
136536,987
153657,968
226288,601
255748,968
277777,601
69132,968
60607,475
130427,29228
131728,29228
234189,29228
337689,29228
94807,3691
16597,21957
18429,5219
210141,21957
210941,5219
242758,21957
258618,5219
398709,5219
79286,21957
96444,5219
118324,2672
164715,2672
295744,2672
53600,2672
73846,265
125735,6676
130763,169
179481,169
243302,6676
26574,169
334046,6676
41242,169
58494,6676
69838,169
72490,6676
73700,6676
146015,14589
30308,2700
36812,14589
61960,14589
63170,2700
107973,5817
218299,206
185570,499
217111,610
61612,499
118022,417
16136,417
241119,244
45146,417
47893,244
210363,995
159471,86
28683,167
82110,86
85789,167
257851,16795
294568,16795
42714,16795
45335,16795
58115,1533
58405,16795
63689,1533
66413,16795
178187,150
223725,1049
35939,1049
70767,150
90681,1049
95641,150
192279,621
345654,897
81999,897
171165,1244
58112,1244
61344,2448
155025,1085
27239,3325
211107,1465
292775,2995
294576,1465
123750,589
148355,2293
93104,589
126796,2944
126681,126
419597,126
52269,126
94296,126
96798,126
38497,36
40204,416
84903,416
165900,1025
24977,1025
62415,1390
84467,1390
31067,862
42735,410
149729,46
17249,2921
5957,2921
269374,23611
131257,8838
170245,8838
422746,8838
89318,8838
140570,157
245027,157
62337,157
111039,3057
140790,1184
22720,3057
64535,3057
148372,58
160222,58
49841,58
112541,28095
148666,16704
104705,932
15650,932
67864,232
231873,964
111995,128
207573,128
34296,128
4241,2441
45812,128
51161,128
57851,128
66587,2441
15432,2079
214459,2079
25684,2079
30834,2079
35251,683
35529,2079
37287,683
45865,683
46064,2079
51713,2079
52063,2079
73733,2079
139393,6418
5336,6418
62247,6418
178987,3060
27494,3060
315310,2671
421224,3060
81588,3060
87211,3060
20313,678
248483,678
291947,2778
422951,2778
210081,289
277114,289
207519,7179
292203,7179
35617,3349
119115,4083
129505,4083
160736,4083
240958,749
61786,749
96454,2698
106982,4603
132671,4603
160837,4603
164580,4603
191854,47
199859,4603
203608,4603
206430,47
232593,4603
292343,47
292356,47
309784,47
46236,4603
49928,4603
52396,4603
58346,4603
59529,4603
65343,4603
96457,4603
121686,371
31068,1083
53622,281
156115,255
139895,2282
174915,1003
255525,3985
199179,41197
136111,683
40014,683
173405,941
255488,621
230222,940
272679,940
59938,3057
29016,265
128912,409
163053,1091
179757,430
256866,430
122421,2944
37722,2944
183647,1050
57522,1050
203939,200
258887,200
31570,60
178314,16795
118309,1301
86536,1301
34161,1506
51350,1506
44624,3008
111508,984
65976,984
139503,29
186790,1435
222830,798
291128,1158
238584,1420
63265,40
69436,1420
57358,2969
358505,855
12864,86
196095,41
220793,41
364258,23826
125858,533
231586,82
53173,82
187587,24
25508,368
288371,1533
8060,1244
8108,1244
58426,2448
76061,13
256977,979
59000,2995
176406,339
58883,8838
325429,16247
130824,2477
215596,6992
248938,6992
383565,2477
53299,2477
141654,2921
289061,398
13431,2553
105695,124
60220,29228
124769,3508
191829,601
148028,3729
259849,3691
262972,3729
89407,3691
457743,11127
52477,2700
106629,4128
283566,169
152846,2079
233264,2079
44629,2079
34299,21957
95870,2672
271098,5817
95738,5817
85324,2288
45486,1269
451848,595
74615,595
70285,167
455056,331
57693,331
131090,714
341516,3325
193830,2503
197610,2503
64672,3349
290935,2425
142310,720
198495,820
45004,19771
49733,19771
101922,1390
163062,1390
77825,800
188157,430
110309,252
282388,252
112948,1184
289648,1184
148485,2696
137939,16704
118645,5219
198037,4603
254340,4603
26585,5219
54793,4603
62501,5219
79285,4603
227938,47
411838,683
225742,6418
92569,265
139915,1108
269116,1075
276030,1075
184491,1082
318520,415
168088,2969
49804,2969
60761,24
305956,1533
71548,1533
38414,150
128220,398
222209,398
105337,132
207043,1426
250591,132
355685,1434
205023,3892
224001,500
207049,642
174248,724
259932,384
227901,865
272640,969
275512,1041
420002,1041
16353,1159
302991,1159
43942,1159
23974,855
316760,347
344892,347
410237,347
385271,44
59032,15
244940,3
190289,39
273824,86
58489,23826
142419,681
171068,472
56830,430
467241,6422
97808,26459
216579,8838
271635,8838
59948,8838
255635,2477
383229,6992
463872,6992
168162,1435
61809,1435
386914,383
42266,192
45509,383
288449,1269
16913,468
276135,1090
295764,1268
258353,610
326031,610
326330,610
78507,403
106569,121
281917,1083
392210,1083
394198,1083
100009,2700
255452,16704
312502,16704
334481,16704
400713,16704
51260,3690
187042,3691
464258,3691
54291,3691
287183,2410
315557,2410
334425,2410
334429,2410
391905,2410
288854,4128
178608,11127
436906,11127
139943,14589
283225,369
298607,331
338425,331
16135,897
223560,1244
176623,2696
187024,964
245893,499
351746,150
81817,2503
52979,1465
83368,19771
13460,512
112515,631
39532,289
122011,3008
85864,31
9500,3008
215118,641
215679,148
48950,641
187105,2288
255739,1304
24661,347
275249,86
241961,3325
25289,3325
102192,141
452579,4482
464619,4482
141650,2451
106252,2760
235639,6418
460985,2671
52390,2671
78940,21957
247555,379
28260,379
324811,618
270541,3
453704,331
204453,1301
197860,979
45001,3205
154414,820
244275,46
288499,410
191258,2578
360102,2578
289645,58
274074,1245
127307,14589
101823,4603
181547,683
57479,4603
213854,6676
324341,3060
240723,5219
44689,2672
60551,2672
331207,128
25366,1132
281404,1010
131756,11282
68443,6
46060,1390
34283,2441
75296,336
353395,1041
324690,583
124715,6195
84835,6195
390732,6574
55854,46
81698,167
263843,150
143851,987
157907,2414
128900,631
203853,383
357072,1159
37157,969
170530,44
52348,533
58995,4795
84993,105
184381,24
167093,1108
242532,1244
171410,2420
283863,1465
5470,524
52262,126
226085,2921
82243,398
120985,2999
60916,2759
9618,2759
176556,1245
64893,14589
234327,5219
9847,5219
323788,317
251878,714
206843,294
85763,3349
252091,6
291701,6
213976,10690
73457,800
168944,252
126412,458
83485,265
55512,6418
120382,2503
12351,68608
144927,2503
192611,68608
111061,7179
154919,7179
212198,3349
468191,3349
168856,11596
422950,1177
72195,237
214250,5648
291247,366
338424,16
161658,172
249568,2282
236490,631
1327,1159
203504,1158
465830,1158
170962,969
44417,969
290561,855
5672,855
111277,167
309400,15
247189,524
267101,2921
73582,2999
74124,2999
347617,987
392375,987
366445,4482
233082,1245
233086,1245
197622,6418
206683,5219
336104,5219
71981,21957
183397,798
231916,2969
308371,1084
85383,1108
43243,11282
111433,749
198067,1025
337715,1025
17735,4083
468735,8838
404839,339
262682,3508
138812,2861
194433,354
146010,14589
153880,2079
91225,369
164816,331
374082,331
52345,331
245056,416
140155,4603
251295,16
355501,6195
189458,1075
232271,180
56534,1063
339559,2995
68523,524
134629,126
24654,3729
61423,369
145922,1132
287431,2288
456530,468
442891,1082
375885,415
238809,4795
161079,167
2963,714
275028,2448
376175,1085
91915,336
384741,8024
48003,1038
94307,1038
401884,4482
336587,3027
231792,5219
457728,678
178107,1084
273438,294
282076,430
335209,430
240260,398
267396,8838
257459,3057
183247,3325
290256,1075
58436,3325
116636,498
16498,15
45601,4795
78950,4795
78339,60
182711,79
212723,18
117476,72
35383,1557
387742,369
387743,369
469959,369
309843,468
261072,35415
198629,5219
208446,2441
248658,2441
65986,2441
267533,3062
280644,3062
286392,7185
395595,3062
288511,2995
33862,982
438913,2995
463152,982
110356,124
103607,511
2583,2760
175912,601
35852,105
50303,4
119031,38
247380,38
50617,42
293281,16
207590,82
129085,190
293326,190
339695,190
391005,190
126643,206
102660,798
297693,610
315128,610
448867,339
287792,338
353252,16247
213980,660
129200,4603
295630,1091
295655,4603
37278,1091
329497,21957
169687,3060
254341,3060
186342,169
275256,40426
72165,3714
351977,6912
234499,979
24175,979
312739,1465
352770,979
410183,1465
99667,979
181773,1301
349962,7788
92044,7788
193081,1085
235840,1085
383372,29228
182684,3993
295389,7646
182695,47
342253,265
342913,47
286077,2079
342787,6676
436916,6676
88685,6676
336726,3385
161373,3325
380301,3325
95267,3325
314875,3008
63200,1132
13796,641
354352,1162
202278,1420
158049,82
93759,16795
156553,2293
169416,124
347619,987
248930,6992
280027,1083
293661,1506
240244,6574
205938,5
154351,354
391364,2079
33210,897
449722,2696
248588,3016
341054,6574
402887,265
320279,1177
143182,2420
183284,2793
291422,989
170968,595
57449,1420
192169,60
106641,988
216564,988
128895,1211
128898,2805
91887,1020
36808,3884
353674,355
123294,1078
163531,1078
48477,3054
214666,2455
244125,2455
128828,1219
158022,358
406040,358
63223,358
242411,3371
183301,1072
337284,31
175792,39
225819,1075
226169,10484
37918,5
130369,2921
323934,749
427568,350
85928,350
110865,1045
183298,11177
45298,11177
121312,986
81543,1158
216718,2553
168166,475
419929,3008
77834,2969
344072,415
474665,415
388165,1420
355624,1084
50655,11282
364135,506
77910,2921
138473,2759
61891,641
315332,24
241307,41
82361,41
448344,714
103370,1506
275685,3205
44996,141
401935,1025
483717,4482
483718,8838
288857,339
94304,331
273236,131
13271,58
80312,660
196227,33
422380,33
187499,39
124410,23826
344015,31
3630,1132
129561,1159
170979,1162
146799,1244
59349,2448
137203,2503
369283,524
383456,1506
293777,43
452578,4482
296453,4603
287662,2441
285858,932
208772,1241
37700,3023
193883,1270
280978,3032
175745,989
286919,180
196240,468
208516,192
342702,306
78819,200
199927,252
274858,169
351506,430
292333,6692
324282,862
393804,862
159288,416
255473,416
124911,1429
86074,1429
91537,21957
355759,2671
415912,2671
214860,2441
342172,2441
319541,150
8184,897
288352,1244
476101,1244
244252,3014
209582,3194
132214,720
249994,720
328943,720
460125,720
362344,583
471582,40
170994,415
411424,969
231381,458
235931,3522
238654,3522
315853,800
315856,800
55000,2921
138584,1038
162551,1390
395596,1390
396681,1390
403718,1390
445434,1390
459758,1390
256698,4603
295780,4603
448917,6418
91931,1084
204097,16795
296227,331
268949,368
242299,13
255888,13
339814,13
420064,13
214770,131
262389,131
282671,131
284854,131
443222,131
106825,418
246335,418
263557,336
35242,336
64590,336
345746,865
403673,865
163568,1025
239570,276
318257,128
324348,3060
365247,3385
457967,2672
142033,1108
277118,1108
72484,1108
385593,3349
45045,3349
454126,3349
45465,979
443308,1304
317482,6195
384280,354
236513,1010
272698,1435
260041,1269
85906,15
93604,60
161072,533
71570,1244
402463,2451
56821,157
165341,3026
295040,3033
475604,3033
277069,3034
251897,621
10121,820
476770,16247
309041,6340
242652,990
453845,2503
263956,449
464259,3691
436379,2700
233998,1078
356618,2553
398065,1003
139546,169
160954,39
268179,12
297645,12
296802,417
318523,417
344610,417
444725,417
315865,46
354898,46
250543,1184
286005,512
342012,1268
347900,1268
136181,60
372246,1049
422850,2420
297241,124
321948,2740
448331,2740
477182,2740
477185,4482
176573,1245
37340,2079
71830,1075
234006,6356
306024,29
304225,2079
462857,2079
234888,6676
355751,35415
332745,2672
314353,31
477799,5219
477800,5219
315129,499
43075,499
215094,1090
409344,1090
206693,169
254659,3385
284954,169
393230,169
402970,169
272707,403
58437,192
324829,618
271495,449
57134,1162
476100,1244
355350,1245
370520,1245
244261,371
399776,1050
238716,40
119878,1244
477238,1244
224774,2448
287178,2448
289510,862
364133,252
396841,157
187976,43
222838,3205
265902,3205
201698,2553
340177,157
291596,2759
372478,1085
240892,2420
276768,2420
64598,641
479942,1010
163744,180
479939,1010
258032,294
251860,1049
139881,4603
18945,4603
206808,4603
286945,4603
235745,6676
59442,6676
37795,2441
448919,6418
295696,3060
96464,3060
157543,265
111347,6195
94807,2441
45121,873
246579,1003
274839,1003
223047,989
30456,989
158700,1132
192080,1132
3292,1132
21333,466
138335,1071
51058,703
87052,703
101500,22
129592,22
479945,1010
93690,1010
227183,164
341043,180
229970,677
51168,698
176591,1148
139173,762
156775,337
33507,337
19958,1244
335380,7179
397090,3325
339782,398
5957,6574
81455,416
183510,21957
110864,405
28336,405
341049,148
83430,405
163530,1035
24634,1035
61711,1035
176485,931
46478,931
49655,603
62008,931
75942,506
45370,979
265471,399
67421,399
425371,2995
64793,6195
295622,13
240723,3993
481552,6676
96457,3993
85771,1075
448920,6418
289287,1533
182904,368
46104,368
342255,265
198070,1435
223225,1435
242273,1435
419293,618
139393,8024
13217,449
36200,449
77153,449
39908,641
73484,1010
209781,3008
53359,3008
157506,873
316264,306
339323,1268
342013,1268
111180,798
30003,200
111026,1158
303259,415
76924,995
292818,1420
62351,1420
98351,1420
292822,273
85148,583
239033,3325
170895,141
182395,141
240497,2293
216603,6890
455291,3205
109974,11282
402004,11282
80073,11282
27292,19771
59908,1506
8491,19771
168933,4083
197471,46
290552,2672
164470,21957
406040,29
56818,29
42938,192
330659,610
308552,467
82389,347
100127,68608
181547,2425
182713,1301
56518,524
5470,6
59322,36
180137,820
199733,252
197751,2921
5878,2921
280730,681
308801,1084
192089,7179
16135,114
55895,5
69651,3060
192526,169
231907,47
281919,47
329497,47
458548,128
139546,4603
279455,31
144143,1038
87884,12
57482,2672
135490,595
60578,595
282672,472
138846,157
192875,157
30671,172
424051,157
46405,157
49841,172
61832,984
38073,2288
363205,281
341434,499
49239,33
148955,82
38267,41
58489,41
85352,82
91849,86
227974,18
324690,969
348026,969
411416,969
78082,347
96828,1049
137648,16795
335245,714
398809,16795
137192,1301
257455,336
52322,2425
226271,2293
229857,126
112669,20
146020,6
46658,20
177818,1506
100303,3205
127768,3205
165711,3205
34161,3205
361263,19771
52281,3205
88239,19771
100482,29228
110660,29228
110812,29228
110822,601
333014,1184
364240,1245
156384,2861
480705,28643
156764,1270
62080,1270
226049,2553
288952,2553
328658,2553
346707,2553
48373,2553
193593,124
223047,124
134402,1519
48477,2759
91887,2759
95639,2451
193096,1192
255906,1192
163515,465
189513,3034
403575,370
375401,2760
27700,2578
248958,3033
291065,3033
321161,3033
363227,3024
212432,47
45566,2079
131933,6418
95295,169
121404,3008
215096,798
79193,467
123189,39
44713,3
167850,1041
174094,244
168536,1158
207924,940
86804,1465
358165,7179
112062,6890
176961,589
181477,2944
167796,1390
315862,800
22093,2921
163053,749
101201,475
159622,58
168156,475
201311,58
236168,475
168063,3057
211389,2282
295183,3057
56371,2282
252689,968
339487,354
46062,354
249063,2795
321169,2795
3580,43
40875,43
70592,43
74124,43
279094,4603
66008,3325
114400,11282
206734,114
217169,11282
68211,11282
16444,601
272679,1184
340065,3508
342364,3508
142513,498
234193,157
255525,2079
48619,2079
123349,200
187191,133
136645,2672
313167,2441
79132,2672
133838,683
292772,683
57515,683
124662,6676
89480,3999
129476,5
483453,1533
273438,3057
61505,1091
130280,468
38410,33
279529,969
5285,244
62945,1084
191987,68608
238499,2503
68442,2503
188077,370
186704,1304
203360,192
146163,167
103064,105
39102,105
346291,273
74297,897
398808,16795
73782,16795
208890,1244
103370,982
320722,982
167165,3325
271340,7179
40858,3325
134580,2995
240578,2995
99499,2420
48678,1506
42942,11282
298635,2921
323872,2921
135111,987
243617,2760
297189,968
28436,169
49501,1110
314140,641
459873,3688
50552,641
53408,698
435019,1268
57275,317
27305,855
225122,583
20463,415
206947,681
148004,150
99352,150
218352,524
37934,449
67886,524
68833,524
31316,3205
34372,3205
175179,820
45001,820
51655,820
249552,1390
149829,749
158810,252
199976,430
45287,252
60790,458
209581,43
242280,43
186260,157
276896,157
291222,1245
182811,2079
192611,985
342046,985
391470,1071
38145,1010
144303,3008
148657,931
82110,931
226074,472
334632,1075
167423,10484
92904,6
52119,873
72462,2288
157501,1010
121312,2999
223628,2451
177020,2759
309041,987
75441,128
22614,379
33829,379
128897,512
44327,3008
12883,43
173835,43
60164,43
343120,47
93689,5219
213368,1091
261071,4603
110366,2441
79423,2672
342254,265
100507,683
217886,1108
56370,1268
56534,1268
68947,1268
88968,1268
387626,15
158516,2995
312848,2995
81386,244
74768,641
124983,289
4241,289
42413,289
128229,1132
26456,1010
91317,1132
112343,180
37920,3008
77737,3008
33027,1090
339328,1090
314959,403
54659,33
146096,23826
344695,23826
227110,44
44675,39
60890,1049
45335,1244
52403,1244
67542,1244
194841,2503
290336,2503
103381,720
256358,1025
272708,511
290801,2451
61666,511
399264,2553
68331,2553
138812,28643
38978,1245
175440,601
248934,3057
339601,3057
94317,601
251098,2861
128969,1184
182574,1184
339005,29228
39883,273
55409,40
159026,1082
183720,1082
290256,1082
260806,969
164735,5219
27138,4603
52045,3060
9836,6418
174248,192
56375,192
86739,192
261943,317
126413,468
182910,1269
48052,468
76085,1269
1792,105
207578,24
25508,331
300168,2448
69006,2448
258005,1085
33862,8024
68821,8024
417103,7179
72855,68608
140126,982
212899,294
31027,982
44324,982
58175,982
199248,800
57110,800
208905,458
382007,4083
17129,2921
189441,5
28855,252
73097,749
186763,3508
250573,2282
122797,415
183494,1420
277361,2441
121850,128
292356,169
96661,47
134936,472
221986,16795
14195,1465
242548,1075
75296,2425
80462,3349
187896,1301
257459,979
33831,979
86811,979
72479,12
351390,28643
234006,969
264140,40
323954,41
216443,82
243188,18
102249,4083
348431,4083
277111,618
29311,417
265504,273
106837,72
107427,22
33963,22
206950,128
263641,8024
112552,1506
74300,873
190811,192
215648,1435
16726,105
58474,331
124550,897
295169,3349
118319,1465
194641,2420
255944,2420
168952,11282
226404,820
50384,820
50657,820
89708,11282
88909,430
190333,1082
191407,2969
170962,595
342226,162
84781,2759
67831,2999
158938,465
21382,465
25721,3060
270878,4603
182587,1192
108354,2288
420187,200
40995,3
165012,1084
37917,1244
35711,68608
45513,589
74590,589
108636,126
76176,19771
99047,19771
36293,862
278553,273
112465,995
240086,3026
36709,903
45639,16795
111667,524
241007,524
35872,524
291140,2784
39665,255
181768,964
36827,964
8184,58
90885,190
181006,660
129670,2944
59411,1083
116598,16704
189485,16704
395693,1041
237641,1091
129557,5817
23097,5817
256186,5817
338070,3426
355483,3426
96778,3426
347625,192
82243,167
19636,16795
287925,20
141704,2414
14960,2414
447827,1304
292353,3325
85842,8024
110865,2451
381360,3508
314947,498
273000,1082
447221,1082
125032,5219
121260,988
129893,1003
199268,206
224892,206
74900,1053
75637,1063
87142,1063
258911,499
38003,499
167798,940
128295,1244
227511,68608
60096,19771
79242,1390
5946,2921
259350,2969
324352,1091
168856,6418
266775,6418
37787,164
111422,931
77449,931
148365,173
220432,5724
50806,4603
489971,1162
124870,2784
20346,2784
69642,190
189989,865
222972,5724
164693,3508
401836,417
69246,995
47713,873
179838,403
206542,39
232418,44
336731,1049
56490,19771
475604,43
167093,338
294746,338
236468,16247
243841,23611
295613,23611
42622,16247
365540,18303
369650,498
270646,1159
136184,1090
469822,610
240415,252
202840,8838
364831,8838
91366,8838
211734,2477
242279,2477
248931,6992
289059,2477
355492,6992
59024,2477
193158,2740
57901,2740
315337,3057
476527,618
481116,347
24226,169
187097,3426
214250,3426
255172,1063
148374,23297
283239,23297
220650,11127
28937,16704
443778,16704
44742,11127
46504,11127
70869,11127
59938,2448
345577,190
290558,6676
51457,265
157391,932
38539,932
126337,28095
137179,2700
145919,2700
213016,28095
249271,2700
260672,2700
262713,2700
275256,2700
41751,2700
43402,2700
48486,2700
51260,2700
267420,368
164145,1053
331282,1177
263236,167
229949,979
281344,3691
403204,3691
476274,3691
476275,3691
476598,3691
484465,3691
484466,3691
491763,3691
450387,678
406891,317
84085,18
240773,3349
58946,6992
64313,338
212574,354
202318,595
293944,618
175824,14589
24131,3729
26591,3729
27706,14589
282483,3729
316137,3729
36364,14589
38305,3729
49035,3729
49251,14589
64118,3729
74872,14589
82324,3729
85574,14589
60570,964
132694,2079
210846,2079
81831,903
114196,2414
320440,206
124761,468
124866,467
118309,7179
197734,1301
291760,6
8883,6890
108710,10690
43288,2740
94928,10690
330030,8838
15076,232
48974,232
235341,4128
137206,3725
240226,3725
62514,28095
143558,2696
263963,2696
325754,2696
49589,2696
597,2696
314137,371
157626,173
226155,1465
127307,2700
283227,865
50580,865
292812,5091
303157,5091
69636,1842
11757,206
47772,206
22167,369
176140,1108
257456,336
72687,820
225393,2999
332867,2999
177276,2740
58922,6992
58252,18303
22396,595
66020,14589
380986,3691
44317,28095
273973,5817
367195,1132
276002,234
376441,1465
262608,2425
258246,589
338227,589
55255,3205
365565,4083
166745,10690
122361,8838
338636,3057
205054,3725
349066,16
355516,5724
453028,2414
476735,2414
289564,1184
177280,23611
265267,2477
98543,2700
186557,105
55512,105
289257,681
34773,18303
345750,8838
22920,678
64791,126
244192,800
275303,800
472161,2921
112541,964
138399,964
260668,3729
113235,2696
122088,2696
364857,2420
388236,3325
265625,202
292808,306
71905,33
10250,23826
111627,3205
16649,932
290649,3729
491764,3691
405176,8838
302611,467
322985,234
146281,1435
4624,317
345345,1075
88370,126
199941,252
37598,252
402193,1390
157167,2921
272644,1162
237000,273
381834,2410
187115,18303
150746,232
172975,14589
102284,1083
337669,468
416380,468
265254,41
193900,24
234625,24
167393,641
207273,1304
317735,44
396328,331
368582,2448
349599,16795
272539,124
324366,124
319303,2578
500087,347
148485,932
125087,678
400544,678
322766,987
450708,2553
293731,511
67064,2700
498899,2740
52893,416
34186,169
185024,232
424145,6992
312735,800
43411,1390
501609,2740
338032,610
415194,41
54310,932
501614,4482
344886,347
77383,347
298602,331
104277,1085
435338,1082
348795,583
308279,506
413033,618
395595,169
329899,3060
448058,21957
501417,8838
501612,16247
349936,14589
87262,14589
52089,3729
170625,11127
250907,11127
483461,472
370399,338
91549,6422
491765,3691
193858,2759
296345,44
345084,162
287189,2698
291236,11127
425749,11127
444833,11127
125700,2995
390667,589
309180,430
441170,2969
209072,2079
324350,2079
397604,2079
462855,2079
491293,2079
127073,6676
365259,3060
390131,21957
390132,21957
504593,21957
242672,5219
418927,5219
242668,265
448915,6418
159003,169
366446,339
343316,2740
499604,1010
111114,1132
30456,984
276474,982
344392,720
506009,1159
385416,10690
242411,987
297257,371
315969,985
506248,897
290337,8024
316111,410
268426,749
345758,124
352934,3325
378322,2293
406295,10484
463755,370
54935,180
401923,82
41323,167
296397,44
99189,3349
74091,43
54268,2999
265153,232
288259,468
422769,1435
433983,1435
203961,202
396106,403
411454,1269
297194,940
487465,1075
392514,458
218195,2503
443544,987
297277,124
186383,148
45527,2760
282434,16795
317753,105
332697,33
140808,897
298575,331
293180,294
314965,294
348769,294
234279,3349
415645,2420
322873,6
335070,6
394346,862
494586,618
124901,2969
411379,969
333694,162
353729,2759
401040,2759
450854,2553
430190,339
509428,4482
509837,8838
476532,1010
258886,985
289844,985
392770,985
493607,989
357662,379
407907,336
19619,1506
230960,2293
265078,5
34553,398
406694,43
509247,43
375402,2760
450829,2760
128895,124
321403,124
379464,3691
190188,3725
497719,2477
68983,206
256339,506
331216,4482
511121,4482
179454,820
203986,524
416626,524
373379,4083
391933,398
265077,1390
208166,430
145840,46
325221,23611
43290,10690
511669,23611
203855,660
294780,660
341485,660
524021,4482
511668,2477
213852,589
511677,524
23888,1506
291657,1506
462772,1506
85405,3205
315212,36
388380,6
244285,2944
254368,2944
510482,2944
398886,2049
149810,5862
329632,5228
49462,10482
75413,3551
157003,238
46006,238
94348,448
141871,2578
193110,2578
218233,1058
354278,1058
106041,159
333323,159
239951,327
235646,282
111185,540
155025,124
323589,124
338962,124
60793,124
245083,6248
140540,2300
59896,2300
126610,865
22860,865
238407,865
293607,865
69059,865
74626,1180
311438,369
42694,369
279764,19780
399907,10883
19114,2844
225078,272
261095,272
56046,124
70835,124
80769,2300
164472,2156
268119,2578
581749,49634
359796,29914
381268,18105
539739,18105
374301,24288
517081,53645
404844,60551
178862,2950
139729,669
190804,669
222825,669
75076,669
84802,669
186368,409
104466,144
179895,144
227035,144
121532,2784
347100,31614
181619,1443
182392,190
239962,1443
61763,190
223864,496
230746,496
343489,77
77259,496
419255,6808
136180,195
236895,195
26751,195
92545,6066
139607,255
160567,255
162653,6131
152241,206
50691,206
177031,141
22388,141
84695,141
187098,22010
59543,22010
203970,429
190222,200
20586,200
241324,200
87162,200
136514,122
293200,447
156775,370
39705,370
67341,370
78961,370
127766,169
295755,169
77547,169
96189,169
131758,2414
164693,678
173040,2414
184534,2414
400549,678
520732,2414
68976,678
75901,678
94295,2414
360451,11135
447257,11135
52380,371
104395,1083
137648,1083
149810,1083
15569,1083
212258,11127
263963,1083
42109,1083
48514,11127
56637,1083
97541,1083
119224,40426
125760,40426
150058,40426
158837,40426
166737,40426
172802,40426
187024,40426
2138,40426
237355,40426
250907,28095
253371,40426
281552,40426
57631,40426
70114,40426
86100,40426
106569,2700
185028,2700
247248,2700
257937,2700
58429,2700
71884,2700
85430,2700
89407,2700
129085,1053
161368,1053
201497,190
131183,5724
15045,5817
251029,5724
42079,5817
46162,5724
495488,5817
338908,34230
126337,3690
139133,3690
145992,3690
145997,3690
166237,964
180017,3690
274737,3690
279570,964
294853,964
47004,3690
48491,3690
48989,3690
51277,3690
57869,3690
61962,3690
63130,3690
84483,964
89556,3690
236202,16704
31068,2698
335725,16704
48634,2698
336697,3725
36364,4128
390370,3725
468260,3725
70074,4128
7252,4128
161617,1177
23160,1177
320440,1177
89208,1177
122559,22110
148343,22110
193724,5818
216668,22110
225955,22110
228424,22110
22995,5818
257103,22110
279292,22110
281909,22110
283224,22110
283234,22110
290405,5818
339695,22110
374253,5818
448587,22110
45666,5818
69514,5818
70554,5818
70567,22110
95996,22110
166588,8838
192192,8838
213975,8838
223779,2477
262182,2477
384449,2477
422746,2477
45577,2477
476072,8838
100163,26459
203855,6993
222079,26459
230409,6993
264063,6993
269374,26459
273341,26459
273663,26459
315236,26459
315237,26459
331184,26459
380691,6993
58035,26459
58252,26459
85969,26459
87097,6993
91527,26459
95129,26459
210689,10690
248932,10690
268697,16247
294730,16247
308452,16247
375659,16247
401822,10690
521841,16247
521844,16247
521845,16247
521846,16247
102572,18303
121009,18303
204395,23611
236468,23611
248935,23611
310782,18303
320247,18303
64341,23611
102132,173
488784,2778
281881,3729
289590,932
94304,3729
56643,121
60790,121
74081,121
89461,121
93177,121
166745,2740
203074,660
140461,6992
58947,6992
224088,371
361075,371
59800,206
71701,369
118022,141
317806,200
170562,2700
148364,678
95431,678
127202,58
129592,3508
183383,58
248393,3508
255748,3508
274347,3508
289587,3508
380415,58
42735,58
430579,3508
52746,3508
98539,964
176997,40426
179973,40426
111074,26459
296780,26459
287792,16247
423252,6992
492354,6992
156722,232
155423,11127
38801,121
49251,11127
180805,1083
52477,1083
155617,5817
186383,1053
148376,206
197304,2778
432982,2778
58995,206
449120,22444
167032,23611
288856,23611
107803,6993
244271,10690
404839,10690
87893,10690
167556,2740
264646,2477
289059,2740
354145,2477
290530,10140
512913,3345
132091,3729
146468,3690
188338,3729
65988,3690
282039,22110
69578,22110
197652,301
203087,301
173589,2441
256860,2410
95438,2441
24049,62
120630,683
182688,683
187530,683
38388,683
42714,683
69838,683
58425,18105
377393,417
82461,452
19041,6890
23966,2282
242284,2282
27805,6890
324882,2282
325924,2282
39247,6890
448854,2282
7449,6890
167553,16239
496036,16242
140082,255
106039,312
123286,312
274694,312
166591,1091
331460,23611
111227,5
198008,5
294808,5
45653,5
86784,5
96754,5
10471,244
188312,2861
252755,2861
490308,2861
51118,244
60540,244
69646,14
85922,14
166683,157
57534,157
316889,383
271455,16704
318426,16704
48583,16704
251089,36
40687,36
42267,36
43722,36
112648,265
185191,265
223560,265
312735,265
300538,5546
167105,40
22628,40
290561,40
34296,169
524207,169
118534,29
182932,29
199369,29
3332,29
91251,29
192167,60
193033,60
225657,60
30338,370
62610,1180
52112,197
70170,197
74960,197
111828,1075
139395,1075
164705,1075
74550,1075
124548,1301
236950,1301
292775,1301
364406,1301
366278,1301
75568,1301
122205,321
192774,321
110292,1096
110660,1096
110727,1096
111018,1096
129580,1096
16617,1096
194433,1096
289432,1096
292615,1096
312819,58
314959,1096
33862,1096
61865,1096
77829,1096
94298,1096
468191,5817
68977,22110
89188,5817
176026,498
180181,498
187298,498
77314,498
83945,498
140310,28643
322702,1184
369674,1184
401938,1184
201248,1245
216548,1245
218233,3508
336646,1245
406281,1245
481091,1245
490415,1245
49804,1245
62700,1245
131664,601
132553,172
203360,601
290261,172
303259,172
36586,601
4742,601
99863,601
104397,3690
73691,3690
73733,3690
521795,3725
281252,2414
181118,338
213452,2477
274058,2477
524964,2477
524965,2477
524966,16247
122115,68608
123487,68608
197604,68608
250682,68608
27349,68608
402874,11085
152651,162
15951,583
249565,162
272642,162
138850,354
157396,354
262689,3057
278702,354
29559,3057
368612,3057
107377,157
189151,475
196860,475
232848,475
342364,475
490325,475
59791,475
142924,29228
168162,29228
20587,2861
207827,29228
282927,29228
290537,29228
315337,29228
434514,29228
92944,29228
358166,1083
61397,1083
274737,2700
59597,932
182409,40426
232093,40426
271497,40426
98543,40426
143967,6992
166563,6992
366450,10690
373302,10690
58961,18303
526365,23611
88879,23611
479498,2655
138651,7179
157132,7179
182710,1085
182718,1085
198974,1085
203330,7179
340491,7179
514019,7179
517669,1085
9819,7179
103370,3336
131753,3336
155395,3336
158382,979
158427,3336
193081,3336
197613,3336
209993,979
212216,979
227676,3336
271256,979
325223,3336
359210,979
388236,3336
437566,3336
481513,979
58181,3336
58965,979
79128,3336
85308,3336
85842,3336
243783,2995
375661,2995
379634,16704
146844,6890
4357,610
171068,2441
234850,2441
94305,2441
46894,683
126414,5
241457,383
144583,964
45858,964
130164,29
192985,206
265648,1301
103284,3057
269878,1184
43113,1184
239987,2414
316596,2414
127194,415
143891,16
166601,27
190393,27
191422,16
344598,16
57051,27
109256,294
182722,294
260321,2420
350311,2420
388266,2420
509116,29228
203342,354
187329,3508
257482,475
292806,475
109881,499
172202,499
186926,499
228444,234
236496,499
25520,499
287579,234
335209,234
50303,499
82410,499
221992,3725
54787,121
155334,3690
51960,3690
81168,3690
176562,6993
96498,6993
97727,6993
526577,16247
526578,16247
58000,2477
127182,1416
171410,1416
180091,1416
183494,1416
268555,1416
27305,1416
283127,1416
315054,1416
342227,1416
39174,1416
39918,1416
419999,1416
450936,1416
57359,1416
111057,667
111528,667
127142,667
131996,1041
137745,1041
154171,667
170953,667
174196,667
178313,667
225020,1041
282900,667
306166,667
314940,667
333175,667
351843,667
371142,1041
412095,667
4796,667
52920,1041
197860,855
216714,347
253316,855
318528,855
490417,347
60588,855
81460,347
127181,969
208542,1162
230066,1162
250844,1162
416168,1162
72857,969
126552,618
157507,417
196435,618
287635,618
322305,417
324727,618
120760,1095
126683,1095
127128,1095
170544,1095
170938,1095
253842,1095
254358,1095
266359,273
270411,1095
272644,273
297070,273
357072,273
410225,273
55237,1095
72422,1095
103934,43
262545,43
36602,43
36884,43
42060,43
392881,3522
60567,3522
88706,749
134402,2759
159553,511
165341,2759
226151,2759
242632,511
363223,511
430146,511
60904,511
68947,511
91327,511
112008,903
12704,903
140554,903
177130,903
190513,903
193116,903
399262,903
60865,903
66980,903
88754,2760
14768,2553
161484,2553
235783,2553
3824,2553
60781,2553
9618,2553
332560,157
450417,157
45347,1096
171412,1245
106619,40426
217686,2410
205938,232
275512,964
335441,22110
336724,1053
271228,8838
58046,26459
82599,26459
118129,3336
163086,336
240306,336
33648,336
341516,3336
38780,3336
5404,336
60410,336
89297,336
181547,1085
309487,979
348267,979
128223,631
177862,631
340325,11
86202,631
93720,11
94005,11
126711,1082
135617,1082
139279,995
191987,1082
277635,1082
294873,1082
296422,1082
296783,1082
358143,995
435485,1082
250013,1420
264567,1420
386552,1420
111048,2969
154199,2969
182916,2969
184491,2969
291140,2969
76297,2999
238947,332
354725,704
323379,19
13121,124
213544,987
220496,987
243631,987
364827,987
36608,124
41131,987
433835,987
67221,987
243770,5817
119183,3349
139393,7179
175188,3349
432976,3349
154652,68608
257456,2425
258032,2425
290391,2425
326200,2425
347204,68608
439022,2425
45889,68608
99189,2425
130635,2503
173617,7378
17372,7378
190543,7378
212923,7378
214070,7378
243702,2503
257388,7378
27178,7378
280762,2503
295323,7378
299400,7378
312123,7378
344393,7378
344399,2503
376306,7378
37947,2503
438202,7378
59508,7378
366751,43502
184573,985
74683,985
96341,985
255729,2995
430121,1301
104705,11127
240900,964
99355,3729
308541,40426
214252,932
108468,5776
166460,5776
485732,5781
186486,19657
107114,40804
20841,443
211072,1075
258015,294
189521,1465
270188,1465
339559,1465
352811,1465
520456,1465
253734,3725
175597,3325
180731,3325
191631,3325
225984,3325
257376,3325
311867,3325
225078,129
29993,15
124502,18
334526,18
235275,2282
143121,1268
187188,1268
250686,1268
435088,1268
56371,1268
177907,1003
295330,1003
138421,22110
355514,22110
75287,336
108484,20
148489,20
192875,20
55250,20
91948,20
289434,8838
73137,8838
272642,417
28335,417
75282,1095
206746,1041
186531,2760
226978,2760
68331,2760
25508,416
338425,416
60577,416
159471,533
251309,533
257814,533
42234,533
85867,533
246579,60
185245,3
170646,86
260053,86
77108,86
173591,105
237164,38
146258,24
181375,24
20081,24
257462,24
356141,24
342967,16
328784,2
204347,601
340166,1245
53301,1245
96455,601
13021,29228
295313,29228
178314,28643
129513,39
1784,39
197126,39
229005,39
95755,39
163665,1426
168787,1426
187296,1426
23553,1426
241420,1426
245228,1426
250464,1426
267116,1426
292734,468
303219,468
312493,1426
315124,1426
432852,468
53696,1426
60273,468
62085,1426
96472,1426
124884,1090
247596,383
59594,1090
263555,1304
272930,1304
57328,1304
139304,132
205023,132
210178,132
210202,132
234910,132
265763,132
276853,132
277118,132
277179,132
284876,132
384807,132
91915,499
112668,1237
119269,1237
128969,1237
145707,281
148153,1237
149237,1237
209212,1237
238223,281
241641,281
245805,1237
31514,1237
45693,1237
49755,1237
51528,1237
51730,1237
79027,1237
82873,1237
95424,281
216569,631
3306,1132
40613,1132
121398,1110
123397,1110
123951,1110
157368,1110
202886,873
238639,1110
241481,873
258216,1110
315131,873
320411,1110
38383,1110
48870,1110
52059,1110
55125,1110
57842,1110
77001,1110
157509,512
3547,512
45660,512
331726,2288
120565,1010
148455,31
378710,1010
76467,1010
111524,984
33873,989
3875,989
456877,984
53360,984
269866,68608
127826,2425
523850,2425
159570,3349
257135,3349
112088,2381
151505,2381
170238,2381
176538,19771
197711,2381
208848,2381
264014,2381
30386,2381
39784,19771
52979,19771
54214,2381
54528,19771
59938,2381
76569,2381
83560,2381
8552,2381
90983,2381
133078,10484
18940,11282
234189,10484
255672,11282
25721,11282
308560,10484
324321,10484
3391,10484
78798,11282
157588,820
262609,1506
47184,1506
58295,820
66791,820
98131,820
100303,1467
111026,1467
184440,1467
193515,1467
212229,1467
23825,1467
251087,36
270576,1467
35242,1467
47011,1467
52828,1467
58267,1467
60594,1467
7237,1467
98536,1467
501610,2740
521843,16247
353403,995
55282,995
126924,1416
291110,1420
291222,1416
410059,1416
74297,1416
291200,347
347100,40
114340,618
203746,969
44686,415
76293,969
186337,2553
213398,43
414015,2553
147266,124
37678,903
43753,903
111432,370
119332,2759
448672,2759
158697,987
390156,2578
159902,4171
160560,4171
160561,4171
189340,4171
199733,4171
208690,4171
240219,4171
244061,4171
323147,4171
33763,4171
402193,839
62716,4171
73090,4171
85393,4171
99232,4171
111893,1025
44834,1025
56830,1025
33218,1390
36356,1390
163683,862
176139,862
205677,862
102423,4083
159288,4083
308279,4083
30853,4083
46413,4083
73926,4083
123742,1038
146752,1038
171399,1038
208167,1038
277167,1038
110338,2722
163568,2722
165900,2722
174488,2722
197743,2722
200194,2722
223864,2722
240158,2722
261095,2722
331401,2722
56762,2722
68306,2722
83409,2722
83458,2722
104597,410
131951,410
263267,410
336960,410
324760,72
126285,42
14533,42
21726,42
31159,42
53602,42
53669,42
75489,42
77809,42
129358,79
21327,79
243606,79
245744,79
247459,79
249952,79
251295,79
262597,79
289592,79
293169,79
353366,79
36284,79
76158,25
248999,254
157113,81
42783,41
120205,167
124410,167
32207,167
377387,167
139396,23826
223967,23826
308356,94
124732,82
18021,82
278343,82
290788,82
58874,82
363779,1096
205550,172
191829,475
42531,475
197300,506
239802,398
41414,398
75615,506
88682,506
155202,1269
215551,192
227039,1269
253574,192
255474,192
289645,192
460939,1269
56628,1269
124863,317
237673,317
240778,317
251327,317
277242,317
288253,234
315121,234
332323,317
45486,317
107969,403
196829,403
205519,403
223225,403
235234,798
242273,403
260664,798
289507,403
292808,798
338070,403
79193,798
111180,306
114940,306
154287,202
155806,202
159896,306
175912,202
221766,306
288449,202
321528,306
358504,202
99100,306
20007,379
40204,379
41384,379
50935,379
127108,762
162029,762
186997,762
196522,762
206225,762
338424,762
341051,148
92469,762
98240,762
156556,3690
185026,4128
318470,16704
528915,678
411838,1075
85602,7378
189516,3336
14132,114
18644,114
31336,589
37899,589
70484,589
124904,19789
136212,19789
147483,19789
153754,2944
159908,19789
231941,19789
253206,2944
332049,19789
34937,19789
35530,19789
386126,19789
43942,19789
44787,19789
57515,19789
66953,19789
7152,19789
98512,2944
131731,2293
147037,2293
216463,2293
280701,449
34987,449
37839,2293
74943,449
98195,2293
68290,583
329723,162
453594,162
56294,667
51186,252
115507,276
140757,276
197491,276
21748,276
256361,276
54935,276
74956,276
227087,4
126214,44
182579,44
372711,33
53437,33
194947,11127
423194,5818
439456,5818
529731,1465
134580,3325
277111,3325
350396,3325
144752,3205
171069,3205
176905,3205
208505,3205
211325,141
25942,3205
26802,3205
45455,3205
51174,141
54155,141
73731,3205
45559,62
258889,31
193830,336
231572,131
319745,418
339808,418
31952,683
105899,368
70934,368
179638,200
78818,200
39983,5
34870,36
7914,36
339839,1301
260393,10484
38497,114
60889,114
139895,1108
156814,1244
197135,1244
221986,1108
246277,1108
27493,1244
356197,1108
45639,1108
75127,1244
111819,1049
184767,472
216870,1049
273152,1049
284727,472
67082,472
95736,472
118287,162
203655,347
366045,347
17057,317
90343,1426
222825,306
229228,1268
19354,79
283863,79
54659,79
264956,23826
354340,41
85822,42
311489,82
3291,984
234803,31
134936,512
202984,2288
170934,180
192908,2700
46478,2698
45298,5817
58923,336
252712,294
173726,7179
344392,1465
306462,2381
77449,2381
37398,6890
96844,1506
192801,20
95152,11282
45004,2944
139943,6992
174563,4603
182681,4603
34324,4603
35892,4603
45353,4603
46423,683
46810,4603
47637,4603
14521,3999
156896,3999
161251,128
164501,3999
169687,3999
204453,128
207376,3999
233264,3999
256819,3999
286077,3999
31696,3999
33100,3999
41369,128
46687,3999
52045,3999
58076,3999
58692,3999
87512,128
191257,2671
21297,6676
470422,6676
523318,6676
109598,276
33923,506
265513,2553
102744,368
119228,368
148666,714
44065,714
48859,368
192735,940
396894,940
131694,12321
132921,12321
242497,12321
251876,12321
255284,12321
51663,12321
59323,12321
64598,12321
66099,12321
67808,12321
74228,12321
7874,12321
99353,12321
148607,969
283136,667
4673,417
181768,618
18702,1416
192774,1416
126662,995
226276,995
270051,995
90368,995
100482,903
214927,903
123294,2759
249063,124
187718,1184
182446,2861
45161,1245
215122,1096
412688,1096
504259,354
360520,200
64506,403
111184,1269
182882,468
186763,468
305947,383
16922,24
170927,24
31067,24
85906,24
231586,3
51356,18
102382,1110
199527,762
70950,762
81999,762
182618,631
181177,964
138399,121
271282,16704
73373,5818
193303,1075
111200,1301
225158,1301
290271,2503
407356,1301
52976,19771
111063,3205
170478,1467
30476,3205
314215,1467
54375,36
122088,10690
207074,10690
531456,8838
156137,2477
35871,2477
203854,6993
206888,338
404842,338
45826,338
521842,16247
132297,2672
14948,2672
170471,2672
198629,2672
324344,1091
448212,2672
62501,2672
96818,2672
114935,21957
120144,21957
130110,21957
132014,265
135748,21957
164937,21957
193768,265
231172,21957
292343,21957
292361,21957
34186,21957
42554,21957
114530,5219
138350,5219
313167,5219
379198,5219
63490,5219
143852,6418
153237,2441
186031,6418
240026,6418
267911,6418
125020,800
163222,12
203412,800
273132,800
46156,12
80351,800
39099,1025
75942,416
126687,430
143812,46
149752,430
164771,430
201040,430
204069,46
282388,430
329723,430
354278,430
40372,46
289065,398
30638,2722
37834,398
5825,2722
34336,4171
65635,4171
342472,252
459661,252
60128,252
67639,252
21905,410
68205,29228
129693,3709
174344,3709
221150,3709
251848,621
27487,3709
282406,3709
290249,3709
338285,621
339820,3709
51426,3709
51510,3709
57825,3709
62611,3709
135343,897
203378,897
45383,897
129386,150
145769,150
20506,150
213595,150
263856,150
32522,150
36350,150
370691,150
265569,1162
343052,1082
371145,1082
415383,1082
241229,244
28140,415
15843,475
58890,601
73704,2282
199204,35415
481552,2079
481903,2079
90466,29
101000,22110
379877,3349
198070,820
8487,820
118048,441
132319,3060
138777,441
184885,441
190874,441
191854,441
207573,3060
237473,441
244832,3060
284856,3060
286181,3060
295630,3060
35837,441
39190,441
57016,441
58383,441
62481,441
67074,441
69576,3060
76254,441
79286,3060
89278,441
139336,1533
154059,1533
263727,1533
281755,1533
349836,1084
37403,1084
43256,1084
44073,1084
85324,1084
87469,1533
94308,1533
119235,1050
120095,3368
129679,3368
158791,3368
178187,3368
245014,3368
248330,3368
251106,1050
282371,3368
332612,3368
357885,1050
399780,1050
54217,3368
391192,790
531949,417
281917,2741
65988,2741
179973,11122
212260,11122
2138,41201
220671,41201
120262,2696
425749,12054
52097,12054
164897,200
19136,5
323167,5
343945,5
140790,119
157036,1075
51882,2700
64667,2700
489929,1177
205022,1085
151197,11282
35509,2381
197602,1050
141834,150
61812,583
282031,29228
346483,499
361207,306
43512,16
170463,82
195736,533
157495,281
122223,2288
135057,1010
147094,1237
15166,1237
127074,11127
366937,1053
149928,2420
364404,2420
114422,1467
212372,1467
70209,1467
159079,19789
18935,589
221267,19789
263628,19789
34561,589
58621,19789
40446,20
171336,2944
260979,2944
153108,3999
106039,3060
279869,3060
270308,128
35743,4171
130394,252
354362,506
182712,46
312862,46
341647,12
106825,1108
57229,131
115333,12321
242295,1084
447661,12321
531062,472
312314,40
267676,347
335147,969
184935,995
291417,1041
33465,273
165338,2578
251587,2760
339727,498
368898,498
140808,28643
358250,1184
424326,234
263361,610
271103,1426
370791,383
58345,42
108725,1132
341429,148
341317,984
241007,121
148343,2778
167216,2503
262999,3336
289216,2503
258018,1465
216827,820
254254,2293
38360,6890
59931,2293
189637,6992
122835,1091
130158,5219
44358,2672
112461,441
50750,441
9707,441
291400,4083
56513,4083
113133,430
124555,430
230457,430
26721,5
36371,5
167895,2722
23366,2722
272261,410
71019,2722
127189,1049
131102,1049
268670,1244
55240,1244
138803,3709
44699,3709
395523,1420
442891,667
154578,2282
226155,3057
485424,3057
221958,157
273004,2861
275956,1096
182684,4603
260801,6676
85119,443
23523,173
321851,173
345584,173
345586,678
465604,678
176570,5724
464983,5724
526167,2414
533818,2414
218431,1301
273455,1465
292402,1301
67815,1465
166628,7378
188911,7378
194507,7378
291007,7378
132214,1075
184992,5648
70245,11000
194463,22110
283239,22110
289847,22110
298587,22110
337674,22110
99116,22110
51058,16795
211107,993
288436,19657
418513,19657
282671,1532
210528,1053
279292,1063
293134,1063
61335,1063
53418,23826
375039,7378
124384,3349
188838,3709
58818,1244
122116,40
342229,583
61637,347
77828,347
344152,371
118292,498
159026,1268
50384,403
80671,403
159668,234
187598,1269
103444,798
411506,499
88103,27
280387,60
69015,16
82461,60
256866,24
401717,18
286779,3
148368,82
237164,42
341710,82
44792,984
45184,984
293200,29
173859,631
143424,31
253765,180
122675,512
283917,5724
70567,678
91851,5724
229854,2425
258475,3325
291981,3325
131094,2995
113504,3205
44357,3205
8060,2381
81649,2381
160434,2293
221118,2293
85922,2293
207015,36
56036,36
165825,660
339844,23611
190804,683
193469,683
32929,128
232593,3999
391364,3999
226802,3060
237641,3060
292357,2671
348601,862
44058,506
142021,714
281769,714
288230,131
67090,714
208890,3368
89650,368
149498,1049
203394,1049
225122,1049
136610,2969
245083,1162
273236,417
46104,162
240892,1416
29280,667
36293,1416
69006,1416
130756,415
151213,43
167254,370
354725,43
92983,43
41132,987
115608,511
248325,124
255340,511
104223,2282
319700,29228
473201,29228
4323,1096
93309,1096
168158,28643
201311,28643
249543,28643
136111,3508
42704,3508
168957,40426
49462,2700
94348,40426
55356,1083
362844,232
222275,306
45601,306
110727,192
124083,192
93637,192
131821,317
185570,317
187298,317
273973,468
73504,468
76560,317
136180,1090
80702,132
191834,1426
355998,202
383153,1426
111039,86
31182,79
423436,79
537182,873
258027,2288
29055,762
131161,190
239962,190
195162,369
203654,979
320722,979
332220,979
168536,2420
195762,2420
223917,2420
290337,2503
328943,2503
70359,2503
90660,2420
224852,1085
33710,1085
372459,1085
191391,20
479941,20
57162,141
20137,449
50657,2944
7025,1467
72772,2944
99047,2944
101808,6992
123136,6992
216639,6992
483451,8838
86269,6992
60132,16247
326195,2441
57104,4603
68418,4603
51984,21957
121532,5219
158810,265
31348,5219
57110,265
124774,169
355490,169
9850,6418
262226,800
139173,4171
139634,4171
146743,4171
157501,416
62735,4171
315850,4083
64793,1390
29316,430
364135,276
197473,2722
241527,2722
457931,398
26263,410
69646,410
223725,1108
283223,940
44675,1108
262939,12321
177847,681
246291,681
369081,897
399779,1050
85289,150
248054,1041
296359,855
103565,273
108830,244
146714,273
378953,273
113707,618
160736,157
496857,1184
102192,3057
262793,3057
46415,3057
312819,354
42178,2861
282544,964
84481,932
101682,1110
340394,1110
90583,1110
224892,1177
87142,1177
13957,3336
18981,3336
29039,3336
42303,3336
45465,68608
160118,441
173991,441
248213,441
53286,1091
73097,1091
175836,1084
235540,472
45121,472
5957,472
185028,3690
214238,11127
244275,294
194638,26
284730,26
213368,10625
386574,506
104466,336
369319,234
1667,162
238752,162
127032,148
129674,16
35564,148
48052,190
450936,1041
102249,144
329722,1075
100160,964
52136,398
298635,3508
394327,244
145339,2790
284737,41
9354,41
258745,2995
269467,1085
47893,589
272679,1244
55619,1244
95641,1244
120070,2760
238585,124
396005,132
61573,1110
255916,762
306795,2414
314969,7179
258004,294
47172,141
137438,19789
54148,19789
35247,1091
86466,16247
171730,8838
213980,6993
110931,276
242086,12
51046,12
193938,1084
399887,1084
47659,897
77826,150
290256,2969
164913,162
57186,667
129990,1095
193898,2553
201553,43
91415,58
60096,2700
67220,1268
274461,533
279457,60
324351,15
135217,22110
68948,22110
381187,5818
203970,1465
181477,2381
77835,2381
93736,820
39724,36
48619,21957
160080,265
139914,4603
193158,2477
368482,800
47085,862
160471,252
198086,252
44059,252
199633,4171
238981,4171
240349,4171
400485,6195
55751,4171
256678,1390
39799,1038
73794,1038
253839,1108
11530,368
261504,12321
263482,12321
294798,1416
149444,1420
250573,29228
178933,3690
242758,169
33362,2671
494954,964
9934,28095
67064,4128
344600,18
147051,23826
434792,1177
135209,468
244548,1455
322985,1455
350193,723
400671,1228
226138,336
23974,336
270240,1301
12518,683
364234,683
522391,6676
62415,683
17232,6418
529596,6418
19671,4083
264514,800
60542,12
149525,276
162961,1038
297731,276
94936,430
17127,2722
379807,416
55854,416
397896,472
177046,1108
249730,1108
492354,49587
269371,16239
91359,16239
381812,8838
343318,49634
272774,2477
107283,26459
384299,26459
539730,26459
539732,26459
539737,26459
539739,26459
70923,26459
123520,610
331057,610
273431,1434
327881,1434
37221,132
229912,798
273570,798
289845,200
371627,2410
461701,2410
394400,6432
63149,1083
168527,121
285862,121
278707,2700
302134,2700
375756,2700
375758,2700
376684,2700
425746,2700
449179,2700
450282,2700
515073,2700
515075,2700
515076,2700
515077,2700
59209,2698
515078,11127
212415,3729
334477,16704
147183,40426
15647,40426
235344,12054
293828,40426
261988,294
326363,1075
421637,865
490842,1053
268162,5818
380485,22110
534438,22110
539248,2414
539249,2414
303442,206
405501,206
407021,206
190909,441
317034,441
333098,441
504592,21957
214631,2672
53533,1091
164729,2441
18975,3999
234135,3999
287790,3999
62552,3999
77126,3999
96923,3999
392241,5219
73215,3060
12953,4603
187798,265
226006,265
237893,4603
324338,4603
309110,940
77932,3709
289255,681
490884,202
153880,1426
159143,1426
315149,1426
349803,1426
418164,1426
457090,1426
266809,1269
314974,383
296513,932
380019,59524
249271,4128
277236,5716
52396,8699
188588,2671
266203,2671
306164,2671
284510,9083
296378,82
108468,2778
23966,601
415550,1096
187601,132
238809,1110
129893,1010
290530,979
270191,1465
37787,19771
160510,21957
7797,410
345654,12321
69660,12321
140748,1416
171557,1162
463620,1041
106225,1095
213052,1095
293746,124
150212,903
270296,2999
71442,2999
369278,354
193782,15
381248,41
125735,3336
13222,3349
257707,3349
523606,68608
265589,7179
176354,19789
73623,1506
356473,20
248936,6992
210363,862
395083,4171
256448,800
280239,276
324804,46
60567,252
84442,1038
139434,1244
311277,472
517376,244
540727,415
73092,995
503855,498
16993,589
305956,3368
320913,148
400550,2778
422939,2778
540941,2778
92248,2778
20841,5817
489716,5817
186368,44
198007,2420
34944,244
340320,11
340324,11
340329,11
222571,1050
223974,533
186863,317
185077,18
343337,41
65467,1003
13683,1110
233998,873
107444,3349
233750,979
343769,8838
540186,8838
278651,897
126516,3368
463753,43
308622,1245
360518,1090
284177,3
357119,23826
532,3
284010,533
119164,1237
36291,1237
145416,2420
203323,1465
63252,449
65521,1467
178987,6676
165513,4171
33706,398
87884,6195
198613,4083
63723,1533
38270,714
398073,418
412616,157
139341,58
52337,3349
72504,2995
242575,820
49985,354
330172,12886
405969,468
279009,167
178459,44
430788,512
50774,1467
127984,511
139067,2999
193861,2999
66413,855
545576,347
55976,2700
206740,475
250574,28643
205128,403
323910,383
37738,1426
124883,1090
10503,1237
216597,19789
409100,19789
34773,23611
45548,1390
337715,416
295360,897
324946,1084
416108,601
258039,1096
43886,1096
146799,4171
339982,4171
338670,294
58426,294
314384,11
51894,6890
104590,31614
373977,202
384587,403
177964,2503
157113,589
342719,132
342240,1268
401173,16
364742,2995
454121,720
55524,820
363065,8838
238032,1084
324475,3709
216489,475
235274,1304
328784,60
160241,533
24700,3336
187759,3325
248901,3325
397464,10690
201734,4171
349719,430
301236,6574
170472,667
369267,28643
359461,7378
207834,12321
112930,38
160963,39
127769,2672
532390,2672
532444,2672
199179,3999
441689,2671
355761,265
60164,265
205569,385
349796,404
341230,1084
521329,150
111873,3709
129515,3709
298197,1108
355335,1108
376514,3709
573775,3709
284857,131
364603,131
218306,1025
205006,12
309929,4083
207597,4
61989,42
154819,27
88348,1091
395632,683
416484,128
159003,4603
295638,4603
441444,4603
420210,234
406042,610
64352,610
48835,6992
343175,338
396532,338
423606,338
347804,6993
550027,6993
550323,23611
281979,13
295065,13
199341,621
442767,621
199325,1050
413262,1050
395976,4128
351419,232
532792,8835
241375,1304
75221,1304
83951,1304
100127,1085
291997,7378
446302,653
92670,653
182681,3993
181112,472
158795,12321
245056,3368
302991,3368
336168,3368
8176,3368
251896,418
458466,418
465967,681
76285,681
203907,1304
314295,18
73491,631
207014,1010
89726,511
190506,987
369424,903
25389,2760
322784,2578
251680,273
288237,273
548716,1162
187594,132
31535,468
192637,79
399369,29
320107,20
315867,6574
372720,6574
321079,410
129585,2282
186499,1096
285951,29228
72943,5724
446093,903
411287,533
300508,44
220491,11
278092,988
190269,60
27659,1110
542776,2778
132555,2944
549960,18303
91419,18303
62645,511
410743,601
235230,475
56806,667
174089,995
412671,415
238630,1416
296986,899
346270,3694
456877,164
111073,1181
183284,1060
62643,3884
225339,1078
36709,3371
114116,1194
183298,1302
251664,1071
16408,1010
195488,148
192638,800
99254,6195
3417,416
401527,6574
251106,3368
244904,6993
293648,43
70220,932
344605,1082
539232,1162
141568,2413
215589,2413
220328,2796
346468,2413
95076,2413
261738,358
134293,6699
201576,11177
385918,11177
314989,3349
419458,3349
52953,979
512356,2420
23890,1416
84913,468
56026,1467
56789,441
383567,2477
449086,2477
368611,338
244260,2801
330174,3021
430310,2801
244272,3023
401047,3023
257980,499
92899,1010
125751,369
464984,5724
391498,820
352718,36
401323,43
504125,40
418659,1041
485965,969
348298,3060
314678,281
406635,281
68847,1177
156990,27
279152,964
394296,398
399373,29
19636,2441
366729,338
234375,39
358177,720
338794,114
402961,3060
195051,862
335841,1096
363253,192
240889,3
400546,3
441986,3
330871,20
39020,506
553380,16247
457930,2700
94923,2700
341501,1003
396682,1390
260827,1038
291432,2722
455691,3999
455692,3999
481675,3060
355752,128
386196,1084
282428,418
284884,418
340867,418
202318,12321
321629,3368
435493,12321
49347,3368
521234,12321
553874,3368
553875,12321
353211,618
394330,40
15773,1132
247377,416
257474,416
290768,4102
89034,4102
242940,6574
136091,276
287600,862
290733,276
85528,276
481692,1091
342168,683
231471,265
276111,131
282721,131
254476,897
402581,252
248395,410
70689,839
512993,2441
125281,3709
28285,3709
483573,1108
398184,1049
124084,1304
24635,2759
170916,1420
56809,667
516948,29228
392774,6699
293450,11177
64208,132
426805,2740
73083,276
258005,294
339340,234
233113,114
357397,148
480763,148
264191,29
344009,29
388160,29
465950,29
503733,29
392540,5
122676,533
263118,533
278459,533
284047,533
296188,533
362184,533
335225,1050
341277,1050
404632,1050
478426,1050
323379,417
495669,417
334992,44
540676,40
336207,1269
4538,798
287167,1110
341102,19771
45272,2553
279975,3690
45237,347
511802,2861
331575,3
345748,206
37951,2381
378139,150
391346,150
264431,1506
315223,2293
195633,1132
392771,631
423740,43
27807,46
340557,828
217285,3
272278,3
195676,86
203853,281
44741,1237
330269,18
119061,1268
159032,1268
446248,1268
419929,512
177781,1416
351072,347
19119,667
158104,200
451860,294
417669,265
327251,39
94637,79
348214,3
192507,7378
388588,7378
460125,7378
371141,583
198859,800
394300,6574
19104,252
70245,1084
282513,1301
12880,2672
320842,1269
410748,1269
517619,1268
413507,430
189940,1245
381967,58
423604,58
486477,58
163656,1237
173483,1132
419930,989
59032,1003
399455,511
450838,511
88685,5
286908,1075
95976,180
270055,3349
56810,1003
335457,1108
510971,1108
67082,13
128488,472
375816,416
71905,3368
139208,31
71026,5219
36119,2672
26574,2441
391192,4171
30929,472
60890,1533
214316,1049
128898,350
341049,350
61674,677
3539,698
216569,337
227183,337
243589,405
55687,405
208379,1071
287528,989
152651,1110
285551,1110
232964,1148
156934,289
95732,641
2857,1003
157490,3008
236490,3008
303254,3008
214666,2288
77737,543
226049,762
368624,349
236510,931
243028,180
73547,931
9335,931
121385,1123
19948,631
200777,1123
201574,1123
346315,631
169681,1035
351691,1220
16529,21957
210941,21957
84802,21957
139729,128
145339,4603
258879,399
92738,399
302371,379
210141,441
34299,441
75413,3060
33027,1237
67211,1237
529595,6418
67542,2441
18975,3993
446529,169
251880,13
171167,472
205569,21957
33639,683
77547,683
103680,2672
249471,2296
285771,1050
465537,6676
39743,27
45335,1084
6288,79
248999,60
205940,33
228975,41
4672,39
215679,1132
200777,1110
45671,29
94781,441
33031,265
39907,1533
74869,1049
33343,347
164913,40
411975,40
43256,40
110116,1416
191056,1162
36284,3
194638,82
52480,336
258371,7179
292733,7179
407907,2425
164472,5219
67235,5219
199222,4603
73636,1108
98596,1108
159692,512
470960,1085
55317,979
92670,3999
282783,468
363717,1162
25427,1032
111053,855
60573,618
452876,2969
131101,1416
60578,1420
562254,989
226973,1123
241391,1090
166725,10484
271966,10484
105400,172
465253,29228
33713,29
122421,317
196227,192
214078,317
6764,1426
187098,306
241378,306
138679,2944
7152,2944
120050,1506
33530,1506
35509,1506
54214,1506
85226,1506
170767,1467
283748,2672
36830,21957
279764,4603
215686,1095
77395,1095
171165,1245
102679,354
160080,354
22377,354
49841,3508
57534,3508
66784,354
73704,354
428563,2999
77715,987
77964,987
95076,987
220328,2759
293754,3026
281807,465
284875,3020
290801,3020
193128,3024
246066,3001
324366,3001
444208,180
262895,468
295624,403
420189,202
131225,610
113938,19771
59908,19771
46083,114
21369,6890
22382,20
96844,20
107665,449
233113,2293
76386,2293
95142,1465
35871,3336
84491,2995
130964,979
120144,3999
27494,441
58494,441
61998,441
416492,128
159706,169
187364,169
139607,4171
94307,4171
121402,4083
164091,4083
198086,4083
256358,276
62713,276
33442,2722
79510,2722
85825,2722
157484,347
202318,347
148955,618
24131,2282
430190,1096
49985,2282
209019,58
209933,1184
111183,157
77259,157
12763,43
258886,43
203087,3205
193881,1191
223050,1191
244252,1241
249063,1241
291596,1191
347617,1241
293450,2760
4380,234
315852,12
19139,1096
203503,1096
230336,157
246877,28643
173591,903
430310,43
446302,2999
298091,2759
41242,2759
200956,370
209583,124
289843,124
51730,124
67303,124
146805,720
80444,131
241500,468
34753,820
37157,820
13501,29228
40433,985
67221,972
187293,1035
293281,79
21490,317
111185,1269
427085,132
125918,11282
212899,11282
262687,20
55501,11282
58405,3205
282671,21957
89313,897
40995,618
435338,1095
187392,1420
55687,1096
146099,1245
295344,370
135215,43
92545,2578
126321,337
480191,337
125561,466
156939,350
291544,466
364861,1003
184672,180
148734,1237
149729,379
349300,379
179895,42
280575,82
124866,798
354587,798
265051,1090
360519,1090
15511,2381
110686,449
400489,36
367255,3060
74590,4171
136514,1390
54929,1390
46894,276
129473,46
240414,2722
336731,472
398159,1244
503740,1082
150482,3057
227618,124
222813,603
131978,631
392768,631
170442,1506
223920,1506
263267,6890
64341,1506
334632,2995
294798,68608
309980,7378
454121,7378
340728,2578
450714,2578
55735,11
288499,1465
212923,720
177862,371
486624,800
182580,133
176553,281
47082,984
14221,1132
281404,762
54890,1237
129476,1010
184928,1301
85953,1085
278702,903
284020,903
28953,2759
54935,398
72505,403
179184,16
284730,16
25427,499
338032,202
18829,114
58097,20
18006,897
74544,28643
406040,23826
291739,86
39094,86
156779,79
66058,82
148967,512
211325,512
58864,11
90681,29
291544,379
297373,1269
326029,383
171336,589
17465,589
213841,19789
42731,1506
99548,11282
172181,1075
181547,720
46006,169
85308,169
173405,265
181339,265
198974,6418
480972,6418
181619,940
199369,368
202984,368
58576,368
354741,150
56134,1050
99922,150
19447,3368
265504,415
412095,417
23914,583
95732,40
27306,618
226049,370
177130,511
205227,2759
122205,43
289845,2578
243633,2553
363223,371
186269,987
60904,903
111026,1245
197642,475
103284,1184
29894,29228
186557,192
92738,200
130257,468
160954,468
79121,403
323602,132
340456,610
79127,132
112552,2381
51540,2381
79522,141
58378,2944
98536,2293
512913,3325
226138,2420
379249,979
204642,2671
55484,1091
88242,5219
91537,3999
84835,862
119115,430
216375,1025
368482,1025
216872,410
48003,4171
258188,276
124902,6574
303140,6574
158863,621
340206,621
51226,714
45121,3709
270393,190
95755,190
291110,1162
120610,273
72479,855
140310,58
344066,58
360711,58
81897,354
153582,2282
206734,2282
383372,2861
82442,631
40205,1467
358177,1085
51058,68608
56014,68608
83485,1085
346879,7378
140757,252
193830,252
314965,252
295331,1084
409106,472
64308,1084
74232,472
377605,3336
60394,127
61549,1110
256652,2288
319301,2288
47344,403
337715,132
369684,610
207597,33
410897,202
160567,1091
555519,3060
289446,131
22479,2414
292366,865
407021,2414
164013,19789
390379,19789
344395,7179
26751,3508
290551,3
238407,873
56872,2288
303259,1010
225078,5724
358421,5724
283917,1177
273431,1304
140497,820
37216,2944
68833,1467
96140,1301
177031,1085
349443,1075
74626,5219
220769,3999
226093,2722
75076,2722
35539,1084
326300,1420
38356,1096
59633,1096
422763,157
215589,2553
152421,3023
297277,3023
360661,3023
322770,1191
345760,987
39533,511
74960,762
345747,369
503871,206
103434,173
253664,22110
335012,22110
239044,2778
308356,317
170620,499
357826,499
4257,2293
56643,11282
228405,36
45624,6890
132060,3336
326363,68608
113025,3349
344393,336
357164,336
113039,2441
26764,4171
125019,46
131275,12321
334222,940
102423,3709
17396,3709
427161,1082
30290,2282
340178,28643
396841,28643
191902,29228
96452,3057
129725,498
554155,498
70879,1519
166460,5818
222977,678
48052,678
5308,141
128320,4603
374139,150
77100,148
149652,26
45178,26
52595,26
69838,159
121280,511
113358,232
70114,964
175792,409
51046,681
46662,301
47576,301
218085,173
345589,2778
49488,173
51349,2778
56386,2293
145692,3349
198006,7378
73222,12321
110028,6992
392091,6992
526365,6992
58035,6992
58093,6992
364133,162
381950,58
214104,350
181778,631
258888,631
211085,369
518854,1177
35587,441
200790,6676
119261,3999
216463,472
96454,1084
121009,26459
296781,26459
49030,2740
569576,26459
58238,26459
58403,26459
282329,16247
381268,18303
435214,16247
567873,18303
567880,18303
570743,16247
58425,16247
413039,1095
67341,2759
241347,1245
70170,498
12359,1237
166240,1237
56523,468
45455,19771
182462,2420
561260,2995
357147,720
190168,6418
148004,4171
78082,4171
149446,430
67548,3368
272624,10690
287792,10690
343153,10690
463397,2477
123279,23611
170354,23611
188180,338
24049,338
263217,23611
315236,23611
315237,23611
348839,23611
397464,23611
167553,8838
25891,6993
294780,6993
343489,6993
548694,8838
561974,8838
57869,6993
129586,995
136368,2578
214326,2999
84817,2999
443263,354
184992,7179
398886,3709
171260,1071
391004,190
171072,669
75705,5724
17129,897
524929,667
258917,18
382554,512
5285,379
542833,369
352815,2420
416386,468
62134,2671
88706,1025
556567,347
178862,2477
376485,2477
428380,6992
157387,172
477758,873
405726,22110
169696,1506
212325,19789
257459,1085
312666,1465
340459,610
434675,383
400174,403
177581,6418
286181,5219
567756,16247
206054,26459
569578,26459
272816,2740
351691,370
144303,58
227035,336
280410,7179
140082,3368
186486,2414
148118,3690
181204,3690
217016,3690
279152,3690
46706,3690
104605,11122
240551,4128
485732,5818
333850,22110
482179,1244
346766,368
106041,40426
148485,40426
15074,40426
443778,40426
167895,800
140957,1177
322989,865
343537,865
26065,681
156990,86
123286,2700
197652,2698
207528,2698
227231,2700
38340,2698
45858,2698
546295,2700
324760,167
284769,39
400537,369
528522,369
120211,897
370846,583
260370,11127
447257,11127
137206,964
260672,1083
59187,16704
88016,1083
59249,6992
282199,601
183744,498
377451,29228
9340,371
380521,68608
9850,4603
256860,40426
80769,3690
140540,121
166737,121
274694,28095
365261,121
45668,121
124715,232
293944,3729
48067,3729
166230,23611
569743,6993
177276,26459
248935,26459
236468,338
497221,2477
381069,43
422929,1053
344519,720
169679,8838
359667,18303
359796,18303
346270,2553
236734,13
375857,2410
293324,173
232854,667
448258,41
533728,5219
468873,28095
426158,511
563694,2999
460255,2759
471145,865
169802,1506
541231,1269
104201,3690
267356,3690
287189,3690
46478,1083
89589,1083
85627,371
507733,29228
164939,2861
339601,2861
450218,498
57188,190
435869,1506
564890,7378
12753,903
171362,33
293325,1426
339337,383
366751,3690
98968,1083
294502,2700
335103,42
503625,22110
78753,5817
542796,173
361264,1467
499721,336
460898,1390
327536,41
174915,762
451858,7378
130388,1025
157003,121
231873,3729
331634,18
329632,3999
396324,13
276895,415
267396,16704
288240,2698
419665,964
458387,964
443995,3205
358165,720
390539,6676
534482,21957
343945,4083
386446,416
387017,4171
95735,5724
284248,82
343463,114
239951,1075
450837,511
443541,987
9369,3690
351745,2698
366930,16
241389,1268
353959,12321
336828,1041
213614,2700
260840,5776
77714,865
236981,42
157178,2381
43845,1085
373984,499
395516,4083
170521,3205
352721,820
534706,820
291399,1301
464142,132
79294,383
284454,1084
393436,3368
386574,1390
187976,169
474949,798
330289,1025
235412,252
319171,276
214257,964
156137,60551
131694,660
396395,6993
401529,660
349796,1426
361068,610
361112,1426
258511,202
345780,27
189453,12
541646,3709
342216,162
460655,162
390130,21957
557942,1506
251302,27
336331,27
379980,27
419255,24
331498,162
581780,2969
581781,2969
415912,11
314288,281
343184,200
450201,1304
391720,683
144695,40426
220671,40426
514251,7179
235646,1091
580281,4603
343870,964
282630,232
394400,1083
315233,1090
412932,1090
460939,1090
440493,202
315145,610
315130,317
457731,317
521634,132
348953,683
355924,4171
238947,12
399907,1038
411177,3709
583508,3709
583510,3709
282006,13
184922,969
235344,3729
193153,3368
419067,338
20394,3336
392131,167
361260,141
372015,68608
212198,720
539612,4171
497663,897
468929,347
584769,1132
357967,512
395862,449
73090,1038
307805,1084
522121,3729
72496,3725
576035,3205
185795,820
330819,20
340251,20
572132,20
511115,2944
554066,2944
57854,2944
190280,2293
75411,506
461858,368
195332,1050
283489,418
299715,3368
305957,940
585700,1084
395236,583
290872,969
126634,800
462809,4171
315870,5
250937,2722
391332,1533
235355,2481
282734,2481
358734,2481
46056,2481
94317,2481
116905,255
320748,255
524210,27774
260000,1002
311351,371
332798,2784
482145,4772
214346,31614
245078,159
56790,159
274984,365
331169,365
167316,22220
344299,22220
47533,22220
43261,156
380919,282
538006,11411
152481,687
187015,687
220315,6248
238500,6248
334816,3831
448764,15276
222223,669
222830,669
256000,669
376106,2573
433976,29831
146554,1180
193592,272
309180,790
387234,428
215592,327
39125,327
145922,124
163656,124
337284,124
344588,124
422051,124
55291,124
9422,124
277111,208
225591,7918
272706,7918
539262,7918
115607,119
203074,279
29392,279
331089,903
55247,903
342700,3793
329714,10217
351388,10217
364144,8036
69511,10217
203418,1109
193464,5771
262182,5771
114019,2782
287015,12346
299973,12346
313504,12346
197126,190
44855,190
97616,190
206956,8031
488785,2778
375877,4529
376228,663
102123,443
120175,443
196126,443
244018,443
320440,443
325994,443
341466,443
423197,443
442703,443
467232,443
503602,443
70544,443
95014,443
211331,5817
173040,865
189044,678
156116,3426
18646,3426
342389,3426
365769,3426
37293,3426
515017,2778
543501,2778
73662,3426
184534,173
204139,19657
213265,19657
216668,19657
242750,19657
265551,19657
288655,19657
291612,19657
306793,19657
328834,19657
350343,19657
369678,19657
63459,19657
69132,19657
73504,19657
143101,2414
320279,2414
48052,2414
60220,2414
131303,206
160929,206
190280,5724
264423,206
277236,206
293325,5724
45666,206
52200,206
168942,159
131323,4772
29977,4772
144304,669
85430,2950
339584,327
221540,208
346643,11540
131758,190
56354,190
587302,2778
195162,865
136054,3426
182284,19657
483047,19657
257937,660
364261,338
52915,660
550495,660
179043,25817
399758,4297
520787,4297
107114,2414
180221,5724
182367,2414
218085,5724
50580,173
307098,443
166575,10690
168292,10690
216579,6993
245021,6993
288853,6993
289802,10690
118283,2477
140676,18303
234820,2477
269351,2477
325429,18303
528423,2477
106928,9007
111074,18105
114658,18105
121009,18105
130040,18105
170555,9007
201628,9007
220807,9007
273663,18105
308436,9007
312799,18105
319143,9007
330122,9007
331184,18105
366723,9007
381273,9007
517081,18105
529543,9007
537853,9007
540469,9007
569578,18105
598629,18105
598635,18105
598972,18105
598992,18105
85969,18105
96498,9007
208552,2282
289510,3057
318707,2282
355861,2282
358025,2282
490426,2282
92164,2282
118323,3345
85763,2990
43012,5818
123216,6992
128813,6992
130824,23611
166580,6992
193323,23611
198264,23611
280234,6992
332144,23611
380691,23611
396524,6992
452579,23611
521845,6992
57888,23611
581782,6992
58515,23611
91571,6992
212718,26
468260,1091
175988,2976
226070,419
213368,22220
128105,122
182936,122
315283,610
36139,610
111072,16239
134761,16239
170245,16239
237623,16239
255443,16239
289095,16239
421935,660
43332,16239
62610,16239
91727,16239
91991,16239
92640,16239
93077,16239
93105,16239
213974,2740
316945,2740
140576,713
331017,195
137313,2425
198859,2425
379249,2425
396342,2425
454121,2425
545635,2425
55977,2425
56183,2425
158149,3060
164937,3060
234053,3060
242638,3060
242758,6131
173192,370
183161,370
22491,1132
428563,370
48307,370
271455,197
60709,197
64126,197
69978,197
315850,800
332179,800
73794,800
171768,810
391720,2156
64419,2156
348026,23826
373916,23826
388026,23826
405685,23826
517894,23826
274737,10481
279457,124
386552,124
275935,114
413112,40
129092,499
204047,499
316551,499
34159,499
477306,499
280387,257
86788,257
534379,368
64000,368
334058,6676
534677,6676
66117,6676
182446,1184
377243,1184
413565,1184
120710,447
334835,447
45529,447
130353,2410
178957,932
371851,2410
410158,2410
154351,157
291222,157
292615,157
295313,157
338672,3057
38388,157
97335,157
120785,58
179896,58
182891,58
239783,601
311489,58
338629,58
411302,601
419723,58
45832,58
73912,601
94807,58
96227,601
96455,58
151567,3508
164534,28643
228572,3508
237426,28643
268620,3508
297990,28643
347625,28643
398851,28643
418173,28643
4377,3508
446491,28643
111018,520
165400,520
189744,520
190146,520
191949,520
224691,475
272920,520
318529,520
331560,475
338628,520
342212,520
34913,520
379737,520
56821,520
85834,520
95604,520
131305,2861
189604,2861
235275,2861
267056,29228
290761,29228
292808,2861
324341,29228
338817,2861
441128,29228
481634,2861
492955,29228
232093,1083
375755,3725
430579,3725
155300,2700
15743,2700
228660,2700
449173,2700
48586,2700
567023,11127
67721,2700
72496,2700
89409,2700
140967,14589
177350,14589
186279,14589
217033,14589
256380,14589
260301,232
276896,232
278496,14589
290774,14589
292837,232
51885,14589
74081,14589
255469,865
387928,18105
601285,18105
238989,4106
113025,2423
157484,3336
189539,2423
224852,2423
25506,2423
290290,2423
337748,2423
347905,2423
349903,2423
376175,2423
523363,2423
56054,2423
74689,2423
85861,2423
95429,2423
122115,2457
127031,2457
149540,2457
181686,2457
194214,2457
197734,2457
216118,2457
232577,2457
27349,2457
323589,2457
347204,2457
51058,2457
72855,2457
87854,2457
260321,2995
14119,1301
166230,1301
552581,1301
554040,1301
597087,1301
124198,1245
127198,1245
132632,1245
330289,1245
51178,1245
56811,1245
230985,1096
294772,172
315337,1096
65781,1096
146554,498
435493,498
113230,3714
164487,3714
172802,3714
210249,3714
211878,3714
226184,3714
26082,3714
36235,3714
379634,3714
39373,3714
55541,3714
57631,3714
74302,3714
93177,3714
198816,3729
315252,3729
73783,121
124700,16704
138399,2698
160222,16704
189715,2698
325887,2698
45491,2698
51681,2698
95280,16704
98539,2698
391001,19657
265040,206
95129,23611
192897,2477
330574,2477
94928,6992
226208,9007
248936,9007
345714,9007
569805,660
59877,9007
155275,16239
169260,16239
272776,16239
526578,6993
340639,22294
390117,22294
431470,8322
433584,22294
287638,14888
323426,14888
337387,14888
349715,1103
390725,14888
391690,14888
340430,1307
385394,1307
418884,1307
283421,1408
288000,1408
337385,33734
350082,33734
355611,33734
261056,4159
338101,4159
381794,4159
395739,4159
392521,4331
291392,4554
337809,4554
370704,4554
338297,49939
354909,9439
136135,1387
285754,1387
306609,1387
287343,24898
391406,24898
397224,51327
440878,24898
353799,2919
315788,2721
337390,2721
340063,44223
375320,2721
375816,2721
392951,44223
118129,2503
158382,2503
175383,2503
192740,982
269864,982
280283,2503
333199,982
349513,2503
364295,982
374889,982
461258,2503
517518,982
86804,2503
111200,979
143182,979
157387,979
334557,979
335380,979
405833,979
445517,979
105299,3325
182710,3325
187896,3325
209012,3325
439022,3325
55734,3325
72939,3325
194641,3349
29366,3349
329393,3345
344541,3349
148907,443
62471,443
425746,48968
398721,11135
217754,36972
515073,55013
515076,55013
104201,2696
270610,2696
334440,2410
464259,2696
58429,2696
73854,2696
82201,2696
54512,255
69004,1091
314980,1184
330126,2300
335062,2425
180497,370
250573,1090
287663,800
118161,23826
337083,1109
388026,1109
405676,1109
448092,1109
240262,327
215213,10217
534379,708
92947,368
231643,6676
337152,6676
173802,28643
215652,28643
331984,28643
178313,162
395512,583
432772,162
460629,583
5023,583
569389,162
99189,162
261365,3336
357156,720
277179,383
321528,383
93081,383
33343,1245
201248,498
272631,520
442320,1096
172192,3508
533738,157
213429,443
292570,2740
345401,2740
553056,18105
423606,10690
106644,1241
107544,1241
166260,1241
182614,1241
20980,1241
253817,1241
393753,1241
467540,1241
4750,1241
60960,1241
95164,1241
13946,43
187359,43
195214,43
196720,2999
245765,43
264206,43
294221,2999
339013,2999
386942,43
407367,2999
43243,43
45594,2999
87658,43
132207,2578
132764,2578
238468,2578
562256,2553
111830,511
120070,465
156751,465
174086,511
183744,511
202945,465
238288,465
289845,465
314362,465
347895,465
399258,465
413494,511
447995,465
45228,465
51430,465
279242,3729
45184,932
137179,11127
357003,3522
372720,3522
146143,4102
253857,4102
290754,4102
451353,1103
240357,4031
286275,4031
338635,58
485729,2861
146310,475
304303,29228
347913,2282
180167,2414
160506,206
543499,2778
102017,631
171424,281
395239,631
269374,9007
396535,9007
203851,23611
315930,23611
121032,987
211121,987
344525,987
68331,987
382096,370
264514,839
290733,839
237000,2425
288415,2425
249102,1083
76608,2410
100189,3714
275159,3714
336854,3714
297630,704
315859,704
163542,276
255473,276
397351,5587
226080,2239
258482,2239
303116,2239
457673,2239
284604,4084
198086,4171
200174,4171
240934,4171
363178,607
373899,607
224044,380
287863,380
200190,3037
241527,3037
312341,3037
99235,1210
297645,4083
160344,2921
162952,2921
315852,2921
342341,21331
355104,2921
395083,2921
192638,458
358423,19657
545332,19657
124550,2420
132214,2420
169681,2420
197613,2420
198006,2420
224672,7179
262999,7179
358165,2420
397090,2420
401529,2420
426325,7179
308256,2700
322309,2700
372535,28095
514193,20108
124419,294
145602,294
337800,294
355566,36
93795,294
289065,1005
392961,9439
123349,610
345576,23297
358421,23297
222686,5776
345593,5776
403692,5776
527959,5776
293272,12275
293308,9023
285868,232
174488,2441
261459,2441
296783,2441
228940,1075
294730,10690
573907,10690
68275,1075
137704,683
226802,683
256977,683
34283,683
481173,683
87856,683
160668,144
214625,144
205938,800
160285,6890
40204,1132
183291,499
223047,903
205503,368
378954,368
461843,368
30308,10482
271282,170
337715,124
190786,415
277118,415
289587,415
58097,415
77828,415
118287,1003
191614,985
215876,1003
294057,1003
183397,1269
250464,1269
264748,306
312493,1269
322985,1269
386914,306
411537,1269
470618,1269
110941,868
181477,868
33953,868
37091,868
374279,868
380415,141
38195,868
45513,868
57186,868
58855,868
63293,868
67576,868
7152,868
83946,868
8691,868
359210,294
368887,2282
126699,1420
127156,1160
164912,1160
170953,1420
190338,1160
234802,1160
236045,1160
259025,1160
268555,1420
290593,1160
318507,1160
341396,1160
347594,1160
347595,1160
41063,1160
412092,1160
434358,1160
251075,1082
288248,273
292818,1082
324690,1082
353399,273
464990,1082
72479,273
122797,969
18912,2969
205657,2969
402117,2969
596240,2969
59950,969
146805,995
241889,162
270188,995
410185,162
463611,995
118278,1421
118732,1421
154209,1421
170544,417
199704,1421
273438,417
316137,1421
399383,1421
399543,1421
40014,1421
416108,417
422850,1421
442531,1421
77834,1421
80036,1421
103565,618
324795,618
378965,855
81460,855
84085,618
124172,603
125409,603
169555,603
186186,603
195680,603
199528,603
277033,989
28984,603
38094,603
58993,603
60990,603
61694,603
66994,603
79723,603
90964,603
123275,931
158623,931
178614,931
194460,931
214316,931
215118,931
290951,931
36529,931
392775,931
45882,931
51152,931
58205,931
60558,931
66934,873
192279,631
453594,1110
67283,1110
230541,762
258912,762
80197,762
13572,1010
213268,1237
252345,1010
364258,1237
410425,1237
126664,29
128901,543
142310,543
171679,543
173900,543
175446,543
181781,543
206040,543
225161,543
29364,543
340950,543
357158,543
378710,29
429014,543
45026,543
67252,543
123521,1426
140790,1426
162261,403
205276,403
234807,1426
345343,403
360517,1426
370042,403
37850,1426
425567,403
158052,1304
187301,1304
288228,1304
309393,1304
81173,1304
86926,1304
182582,200
182816,200
201135,200
255474,200
365758,383
136109,385
160361,798
177866,385
187507,385
203558,798
203939,798
225431,385
241486,385
250450,385
275949,385
303939,385
336160,385
338680,385
347900,798
357453,385
403673,798
85670,385
86270,385
112948,126
154414,10484
158118,10484
256267,126
262688,126
410571,10484
45227,126
520405,126
52262,10484
82713,126
90959,126
9339,126
137614,2381
158946,2381
172163,2381
37944,11282
51191,11282
58426,2381
60004,11282
77752,11282
159908,20
208505,20
376441,20
39247,20
392576,20
45403,36
271353,3325
598399,720
240692,2457
243783,7179
46717,2457
150535,1085
271256,1085
275287,3336
48703,1085
84491,1085
86811,1085
43117,43
164186,511
181554,511
291177,1241
59830,1241
102040,2999
197825,987
257729,2999
188915,520
30546,520
468249,520
212804,3508
323010,3508
129835,498
340745,475
345763,475
49589,3714
180017,2700
231873,2700
88610,2700
230929,2696
445784,2696
211251,410
258519,410
283528,410
308279,410
99523,410
115763,252
121756,252
22318,252
226025,252
327757,252
337725,252
44136,252
182904,131
198008,368
362842,131
37666,131
127202,667
143029,667
215977,667
283994,667
334835,40
372712,667
453016,667
168933,1416
192492,1416
236400,1041
332305,1416
424709,1416
442891,1041
606450,1416
174344,1162
392810,1162
395516,583
412085,1162
60578,1162
2865,11
318077,11
34322,11
465830,11
105470,31
140191,379
159372,379
285548,379
29692,379
302215,31
69015,379
74223,379
86792,31
130765,180
134294,180
186644,180
99331,180
136550,1283
158540,1283
187298,1283
203961,1283
206744,1283
210921,1283
223405,1283
247590,1283
258363,1283
35527,1268
44588,1283
463527,1283
56325,1283
56607,1283
61854,1283
108692,642
177821,642
187288,642
187291,642
187299,642
192043,642
254003,642
257988,642
512385,234
56628,642
57087,642
64355,642
321182,499
332973,202
185566,132
201586,132
228478,1090
240752,132
250686,1090
377725,132
429790,132
64507,132
512257,2414
207592,1053
276337,449
81663,449
85291,6890
186862,114
198070,19771
28481,19771
118841,39722
145919,39722
169813,39722
177031,39722
177032,39722
186639,39722
196897,39722
204176,39722
235024,39722
23553,39722
256000,2293
44977,2293
45004,39722
54933,39722
60594,39722
7319,39722
138736,1467
139607,19789
226169,19789
31867,1467
48119,19789
50413,1467
50774,19789
55250,1467
60539,1467
107775,24
153084,27
213670,24
155025,2423
220722,1075
313691,982
225742,2425
33549,3349
364237,979
411295,336
448466,336
45717,979
84711,979
294876,2477
263217,16239
49016,16239
411149,9007
154051,465
39125,124
178139,903
338637,28643
358907,28643
131323,14589
50355,932
163222,1038
174733,1038
256339,1038
319160,1038
199258,2722
287700,2722
131731,6574
16922,6574
198084,1103
216569,6574
277167,6574
310458,6574
38607,6574
88688,1103
102470,276
57657,276
165722,130
171159,130
193994,130
198116,130
22210,130
240786,130
337670,130
355791,4172
35743,130
39828,130
59699,130
96766,130
99254,130
409553,19
169880,749
20003,749
22140,749
283233,749
287876,749
351816,749
391065,749
84442,749
84765,749
96254,749
164913,416
202979,4031
238654,4031
32113,416
331501,416
516716,416
140559,8970
199976,8970
21972,8970
22673,8970
242940,8970
245072,8970
313477,8970
61511,8970
61770,8970
71019,8970
119115,1025
187245,1025
200194,1025
240897,1025
340075,3037
389581,3037
80894,1025
99180,1025
60128,862
105892,1390
197751,1390
238486,1390
452607,5817
511422,3426
114491,3205
224256,3205
285634,3205
324321,3205
76326,3205
162819,2503
225151,7378
402008,409
184885,2441
205562,13
357565,13
265648,1075
268178,800
254487,2156
128904,1132
461843,602
412953,234
129990,1421
276768,1421
275249,108
111277,105
112935,33
126534,33
124891,403
196227,403
327542,403
64992,3336
294767,449
53226,2381
606248,9007
100131,150
125783,3368
254290,3368
286415,150
66106,150
98249,150
127554,366
221309,366
225452,12321
247250,366
256361,366
327126,366
337066,366
357884,366
51667,366
538810,366
65263,366
65331,366
66112,366
71204,366
7512,366
567023,2700
181378,969
184528,1416
191895,1416
222859,969
276255,1162
371142,417
43256,1162
245893,995
288496,995
76055,855
33829,1082
463620,162
57370,273
146096,4
153637,4
179634,4
184915,4
185699,4
187624,4
261155,4
278323,4
279079,4
284737,4
40605,4
51325,4
57091,4
78818,129
289592,41
229176,254
85543,254
251878,39
291200,39
314245,94
339829,39
420002,39
127076,82
79501,82
108650,86
182932,86
111039,533
207006,533
93844,533
251876,79
28947,79
486031,79
119211,15
201311,15
428791,15
181547,24
39426,24
135213,603
263856,603
55742,603
51471,631
204103,543
42412,1003
315131,931
354361,931
51226,379
73185,379
266332,642
371021,132
470910,132
119032,1426
387201,385
426624,385
386164,1304
460059,8994
183945,1085
290384,1085
214699,7378
462250,294
84318,2293
165711,19789
174915,36
45511,19789
211117,18105
232271,940
249303,940
273000,940
278359,714
408471,714
423444,940
64134,940
228761,1108
295414,1108
85324,1108
11111,1050
15799,1050
177467,1050
315110,1050
338424,681
339808,681
466298,1050
119296,506
182712,506
45581,862
47065,862
8198,506
131075,398
16408,6195
227081,398
40633,398
376460,498
381968,3057
166683,3508
294791,3508
502893,28643
216463,601
220999,2861
50818,601
293200,2410
442942,3729
238266,244
264567,1160
11530,667
422893,667
606849,618
18909,40
268176,40
424051,40
605184,415
431561,10
249157,167
330635,167
106872,38
118196,38
119044,38
119557,38
125103,38
16311,38
303259,38
39306,38
39717,38
58500,38
72792,38
85164,38
187499,269
312819,80
116900,89
41507,89
167329,18
278332,18
345746,18
403898,18
122675,42
245744,42
323954,42
330223,48
337036,48
72519,42
56100,1237
68645,1237
245034,1110
312017,1110
142208,200
188905,1269
396077,200
182573,234
205655,798
56415,798
187295,1283
305947,1090
326997,1283
64506,306
153582,865
203773,443
462833,3426
176997,2423
236537,2423
257455,1075
345061,1075
292717,982
340524,979
103743,2457
51497,39722
57295,39722
19081,868
213990,1467
241902,1467
278654,141
81532,1467
166959,126
332041,19771
296903,2740
82599,6993
124560,5358
162056,5358
167721,5358
175449,5358
197602,5358
203043,1533
210143,5358
228917,5358
236734,5358
459463,5358
56777,5358
67546,5358
67823,5358
71559,5358
71918,5358
103890,367
195605,367
253839,367
30321,367
58497,367
226012,3709
227961,3709
273152,3709
281755,3709
32816,1025
35747,2722
84903,2722
145581,749
45565,749
13121,130
157849,410
159337,130
192875,410
197473,130
86079,130
111196,46
165895,46
238752,46
406625,46
63531,46
199248,12
236490,416
330659,12
55215,12
63186,416
75458,12
18940,172
332274,172
534435,1184
263956,2696
39020,932
60096,2696
262718,11127
86788,11127
186059,1083
193900,16
227102,65
229005,16
35047,16
91849,16
66783,4795
110036,60
196095,60
77108,60
193877,44
358870,44
363466,23
146164,873
545332,2414
111811,2420
111621,1244
178107,1244
178425,621
184672,1244
189453,1244
197545,621
262396,621
433049,1244
447052,621
61812,621
64411,1244
163086,1049
179184,1049
257448,13
27389,1049
346289,1049
63463,1049
138584,8970
216872,8970
315846,8970
315865,8970
220315,28095
347100,159
197642,1091
248930,55686
273641,48726
448783,48726
524965,48726
82610,48726
394400,2741
263962,43502
381833,43502
448981,43502
104705,3719
214252,3719
86097,11122
170625,1124
268427,1124
267382,3609
337920,34230
421284,34230
281914,41231
490365,12054
212251,3691
170562,3690
395892,4057
461843,2311
60542,368
341019,114
36884,124
343959,7918
297257,8047
569598,667
57420,667
263801,533
157897,1301
151505,39722
182079,39722
327755,126
46252,39722
419119,23611
193938,1244
142027,1533
225593,1533
460378,2861
70074,3729
204294,1416
386047,1421
58295,969
361914,2969
228948,583
425400,1420
578391,1420
272622,379
157509,29
175169,29
260806,1110
201637,1283
266414,642
272698,642
284177,202
303219,202
362667,202
247596,1269
364245,1269
186260,4
193859,4
222813,44
330223,86
79377,42
161011,24
371149,24
228645,82
261905,33
2421,38
53408,167
86848,38
166379,2423
283472,2423
230457,336
109598,868
160567,868
175988,449
123214,6992
330060,338
390368,338
419061,338
188651,1108
257062,367
380598,367
47647,367
607779,13
251106,366
323704,131
46415,366
214104,370
293754,903
294221,2553
396174,43
322990,511
110356,465
216270,1241
340990,465
446767,1241
45299,1241
550131,465
135208,398
182618,5
230552,5
39153,5
73396,6195
322702,29228
395522,1245
511802,1245
282927,1096
216375,601
257482,601
32029,172
181177,11127
278190,2698
282631,6418
481676,6418
586527,6418
60534,6418
98428,3060
169687,6676
36688,1091
181339,2671
255243,2671
260741,2671
351487,2671
47637,2671
103444,4603
131735,4603
133668,441
160831,4603
184299,441
231792,4603
235568,441
239951,441
258478,4603
273551,441
301721,441
326194,4603
338170,441
50782,441
58076,4603
45121,1082
355369,273
116648,931
59641,931
135343,762
81796,762
85475,762
86204,1304
481117,200
316264,499
293194,79
148343,5724
468066,865
60317,173
221876,19657
188669,982
192611,1085
347019,982
401768,982
45448,982
520469,2425
384741,3336
342995,114
353970,589
51540,20
402874,10690
552418,6993
264646,9007
341486,9007
363063,2477
14942,1390
265088,6574
26669,1390
273236,6574
148367,430
205940,430
247555,430
341705,430
357117,430
109110,8970
110928,8970
131248,8970
199941,8970
243225,749
76061,46
33481,130
396516,410
49275,1038
88909,1038
99232,410
132553,2282
203378,58
287579,2282
186233,157
164735,28643
532732,28095
137764,128
255688,265
468036,265
126359,653
129200,653
175704,653
178019,169
203173,653
231172,653
274828,169
292357,169
295696,653
333323,169
383124,169
393451,169
440163,653
44629,653
56831,653
58692,653
608739,169
73725,653
96464,653
96661,653
157500,2672
184816,683
306330,683
33100,2672
56976,683
94318,2672
4192,3426
383807,2457
72772,19771
222608,11282
396908,141
67570,141
340205,621
98512,5358
137616,940
261611,800
282544,800
73734,12
106207,3714
123286,2696
25823,2696
105811,3999
107525,3999
111995,605
116277,605
129212,605
132010,605
132671,605
147078,605
15568,605
159024,605
176936,605
18429,3999
187962,605
33042,605
36845,3999
441287,605
51984,3999
52101,3999
55143,3999
56761,3999
73269,605
81588,605
88242,3999
340459,338
571079,2156
101500,1132
277114,1041
436585,642
88387,1283
364144,443
258018,2420
86931,2293
243841,2740
138935,1533
289272,681
289286,681
443222,1533
256429,3709
58576,1050
195171,5
57723,12
84344,12
58818,1162
344575,1160
236510,1421
389441,1421
140803,995
427161,667
287431,931
249513,989
262980,989
108354,873
93922,1110
315211,306
317593,1426
393239,306
145840,383
30670,403
314367,798
360514,1268
39665,1268
165012,385
235540,200
260979,385
526784,385
83948,385
51977,82
159471,27
31159,86
335997,86
127573,39
182574,39
260655,4
348214,4
269467,2423
197604,2457
276030,1085
61743,2457
131090,36
147043,36
85213,36
126796,19771
199953,449
279215,449
29631,11282
33952,11282
340879,11282
35855,1467
37216,11282
396411,6993
573930,660
120443,13
36371,13
108390,418
300168,1244
156775,2553
258885,370
183284,511
244261,511
4750,511
483545,2578
244273,43
132414,1241
330172,1241
384807,903
41982,46
235931,130
249552,3057
9593,498
110668,2861
194438,2861
296787,475
426648,475
111376,172
253842,172
401923,172
45161,29228
25035,2696
570423,2700
419845,2410
443778,11127
369103,265
370889,265
329519,128
94316,128
176298,6676
202591,162
265569,162
68864,244
157501,273
79893,618
288432,202
315867,1269
123520,132
315125,44
57051,33
129358,38
274984,5724
545331,5724
95673,1053
260662,678
331739,19657
94939,206
401530,720
66587,979
435331,7378
525287,2425
37735,39722
563956,39722
21748,868
242018,868
330876,868
93690,868
144752,126
38360,589
57515,589
120610,20
45624,20
47172,20
85864,114
273641,18105
107373,9007
344399,10690
373044,10690
204348,23611
94925,16239
184767,1108
182381,368
27374,150
165873,862
425462,410
164091,8970
301236,8970
415550,8970
111347,1038
130360,6195
434676,1038
301237,252
340151,252
34561,2722
96828,416
108587,1096
24484,1096
272706,58
292366,58
31131,157
422377,157
469986,157
15083,3714
232093,3729
167316,14589
348425,121
193464,3725
175921,605
201668,4603
27581,2671
353252,2671
12873,441
28463,441
340444,441
34193,653
62481,653
293327,12275
509927,12275
542432,5817
229798,16486
380365,16486
450391,5818
503625,5818
190633,19657
320273,19657
43075,19657
69906,19657
185570,3426
517422,3426
77855,3426
345748,1842
249543,678
35645,173
471936,173
533632,173
171165,1084
181006,1084
213595,3302
411294,3302
277384,237
542858,5724
186650,443
441100,443
474937,443
482106,443
527720,443
142022,29095
242299,29095
255495,11596
72286,11596
304214,13225
449796,13225
141835,142
142033,897
216464,897
305956,648
471145,5776
345473,13702
374077,472
41541,472
73180,472
162079,16795
311287,16795
282406,2448
205569,1532
223073,1532
268946,1532
282410,11000
308278,1532
531829,11000
126719,583
126716,16
267388,9007
404851,9007
130756,367
162038,367
178187,367
192360,465
293168,371
3698,465
399257,465
342024,720
539203,3325
236041,1416
67920,1416
9335,1082
229004,1041
270411,1162
22338,2969
354232,415
59631,162
120241,603
77974,931
286949,1010
70280,1426
136834,383
298796,383
48015,15
447221,33
333647,39
397696,39
282577,44
283286,38
340325,533
59491,868
605266,1467
99047,1467
69374,114
198005,2477
583607,2477
80312,2477
566036,13
75446,1533
348795,150
217757,2553
345772,2553
37372,903
152481,2999
330174,2999
386942,1241
4095,2999
60933,2999
114935,43
142389,987
294221,987
136169,511
289814,124
151213,2578
371436,130
167291,294
284321,294
194507,2995
290346,3336
294576,3336
258029,7179
504503,7179
86793,172
96454,3057
36293,520
124495,28643
132563,1245
264046,1245
289713,1245
51903,3714
287015,28095
63487,1091
97159,653
226185,441
281919,441
290613,2671
45970,2671
136643,2441
145808,169
237923,169
203412,40
357072,1160
95336,1160
245078,244
419999,855
193469,1421
215114,1421
143155,1304
443308,1283
357176,1269
214346,4
225984,4
31095,86
264576,2414
48867,2414
267614,5818
67832,19657
47184,2381
93664,589
53270,126
187847,36
366948,36
320265,338
121026,18105
501609,6992
289075,6993
376082,6993
58606,23611
298976,3368
111508,1244
284884,1244
335225,1244
40428,1050
282371,366
284727,1108
95641,1108
170472,3709
188157,3709
342405,1025
94307,6574
238981,416
177184,1085
226896,1085
379377,982
443683,982
468272,1085
138285,2457
321934,4297
382773,4297
148396,336
182685,1301
74294,336
129592,601
188335,29228
44624,1096
111058,157
178217,475
356141,475
539262,157
185026,3725
203618,14589
44716,964
103732,16704
203418,6418
35529,128
55879,6418
118302,265
340308,265
89450,4603
119772,3060
127826,3999
16597,3999
67831,3999
68441,6676
326195,41197
342252,41197
402964,41197
537730,3392
365259,52706
298638,37772
336726,37772
395067,35415
533237,35415
242661,37276
295393,37276
292361,3706
287662,5220
402646,5220
586541,29808
282199,132
292356,385
130622,3349
178942,3349
336697,3349
336735,1465
108739,605
182688,605
59951,2672
350219,6195
94304,159
225693,31
45660,583
33639,430
386455,430
392085,12
377665,2410
59772,941
357147,985
324804,40
392765,11
72476,11
197470,5
226074,5
7825,5
101118,150
401922,1050
415970,124
419672,232
12518,398
18900,273
148004,1091
117551,713
263918,162
241500,1304
274640,642
287203,39722
341549,20
323147,6574
114093,603
204198,543
241457,44
94137,86
332798,60
185817,306
347038,798
186763,132
59372,2423
306143,1085
69581,23611
164055,940
294894,366
189458,367
280730,418
345760,370
62087,465
167741,2722
404418,430
147072,3714
144304,3729
115607,1083
230929,28095
101183,441
274521,441
164498,4603
124223,605
386315,855
385271,24
420187,234
478573,383
419500,5818
430761,7378
550179,7378
74418,7378
434718,3349
338066,10484
136537,660
75287,12321
151470,3368
274862,3368
297257,2553
45272,371
74590,252
353567,2410
12880,653
57414,653
61887,265
456535,2696
253267,3999
34186,3999
141828,995
495666,618
330223,42
225015,5358
75820,5358
284857,1533
49500,714
357498,430
125760,14589
285858,14589
47004,14589
575408,12043
621151,12043
621152,12043
338908,11127
182554,467
185400,467
21490,798
256008,1434
257980,1434
276002,235
338031,132
400671,132
215094,1228
339323,1228
435088,1228
337673,1435
231650,1304
268179,723
321065,723
117518,385
342719,500
377725,500
396005,500
427085,500
432672,385
457092,1426
539547,1426
593519,1426
55756,642
156109,21216
342255,2671
416359,2671
517862,37339
324512,441
68030,441
398073,16
111881,38
396532,6993
192736,1244
203617,1244
183031,416
303657,252
110923,506
284724,1025
126711,6195
159902,130
199274,130
346567,12
84921,8970
36212,2741
402604,1186
462988,1186
322065,1083
392678,34230
621553,34230
120710,3725
495845,3725
146918,2698
267396,2698
378820,3719
126336,3714
292817,3410
321204,3410
364245,3410
191395,499
387047,499
438689,1268
339332,54613
340459,54613
361065,54613
361068,54613
418543,610
478573,54613
521841,16239
94924,16239
130041,18303
241687,6992
425808,678
542686,5784
542462,5776
448696,1053
545331,1842
369673,20108
282954,865
323874,865
464599,5714
395421,2778
187908,605
38267,605
235646,653
481680,128
62144,366
5868,749
279955,16704
308541,11122
348423,11122
150746,2696
86264,41201
332377,1090
282820,1283
297694,1283
95603,1283
354278,317
226100,384
235108,384
338636,384
454567,234
422932,20979
514918,20979
558244,20979
574385,20979
115382,683
13091,683
146036,2672
206563,683
249994,683
263843,683
295780,683
52045,2672
390944,618
117586,141
61891,995
335245,1010
145466,931
342048,379
149716,543
142031,33
51346,18
316915,38
340459,385
127769,2503
33648,2425
67815,979
139341,10484
199369,681
371998,418
447052,131
345760,2553
297256,465
44913,465
534528,498
187718,2282
342223,520
357164,1082
193130,1160
337036,42
201994,2414
252712,2423
418615,982
248271,20
625144,9007
389479,6992
256567,5358
165345,1241
205023,8970
57643,130
279254,2861
178078,3336
58622,868
258371,19789
242532,3709
319859,940
340459,27
147128,294
282429,418
362340,2410
114530,6418
286533,265
353271,265
402893,265
609647,6418
475792,2414
554198,2414
156896,4603
27613,4603
46473,273
206717,1322
145115,398
401922,232
392765,10625
203517,415
439292,132
240355,443
35871,982
202831,172
172153,2969
114282,1420
136501,603
451340,79
482145,39
377720,1268
330839,20
131708,1244
38091,465
130257,903
346643,903
45455,498
180843,475
214441,605
422838,121
288436,3426
288498,2503
587106,2503
591020,2503
517300,7378
95142,336
82389,2293
343769,18105
369155,9007
8108,5358
315853,130
238977,2722
226070,1184
234733,653
334222,2441
44367,232
285866,12054
288193,12054
371627,12054
382533,12054
389030,12054
461701,12054
486057,2441
609646,3999
359537,3336
419120,2425
448628,993
337946,2687
336168,13225
418660,1041
57170,1160
315332,38
240252,28643
126557,1162
601816,1162
27470,415
626913,1421
81190,603
467599,1010
124517,4
82361,4
543493,2740
425456,43
355915,252
247377,2722
257474,2722
96630,12
238644,169
454287,265
430311,2801
564594,2801
22613,3027
321403,3015
541894,49189
420782,969
221025,29
284035,60
387218,1304
440493,1304
157373,443
50483,868
173933,9007
177276,18105
272774,9007
58008,9007
92649,9007
44361,23611
480883,150
447052,1533
355627,367
70245,3709
170838,749
197929,749
275457,520
342226,520
402604,121
350644,128
47533,2672
294221,511
369081,418
447052,367
216443,720
93827,33
337083,23826
365261,2698
402604,2698
462988,2698
601816,855
60583,1082
207302,931
320141,1003
348863,1110
292817,202
453916,10484
315202,2293
628570,10690
150948,1244
85208,130
126683,1421
284188,4
420187,403
164658,678
622625,18105
39253,23611
242359,410
365261,3725
380696,982
379980,26957
136181,38
273669,69
478601,3999
586744,2672
161202,653
582949,653
623143,653
269298,4603
523046,4603
586232,4603
596098,4603
72490,4603
292817,383
333815,383
328914,47880
557149,47880
396333,12697
44062,13
118997,3368
165467,367
404839,1244
456938,1244
607779,1244
593088,2999
399997,371
345760,465
443541,465
203348,720
345084,720
190185,336
468301,1465
291399,3349
477161,3349
606042,3349
149249,4
284188,30
122676,89
59238,16
517469,2441
569488,2441
256780,6418
132024,605
279829,605
605326,605
162653,169
64481,169
417827,403
345842,200
361065,610
84281,1283
396398,49364
396399,49364
396400,6993
573930,49364
635481,49364
537860,660
92030,60551
396525,2740
435665,6992
543380,2740
396532,61825
100163,18105
339707,16492
340853,16492
207922,366
221321,366
230895,366
260230,366
311696,237
398886,237
480883,237
58115,366
95736,3709
545332,1053
105817,2671
336104,2671
404845,2671
416479,683
348542,441
56936,441
597733,441
251892,368
396145,7052
461866,7052
204102,3302
401922,3302
313113,714
286849,1533
221315,940
177065,1237
289446,29
284188,167
439914,82
167317,2457
39316,9007
294221,371
25389,511
463760,465
427693,995
357161,336
538939,1283
308810,385
374077,5358
400001,862
283060,2722
59633,28643
57015,3714
396333,13
536508,162
536511,162
544931,5818
340853,941
160328,5817
445013,3426
542462,5817
392768,713
272624,429
40567,124
528178,667
439914,42
542680,678
330172,370
346643,370
58124,167
160938,79
405674,4
282460,141
336074,141
213366,1467
447052,13
463760,511
120186,2553
191707,2553
59414,2477
467240,16239
354114,3508
186878,3371
128895,2964
186924,2963
210202,2964
298240,2964
315185,2963
594092,2964
278092,1027
54265,1027
238185,991
235780,1072
203199,3684
220491,2262
250870,3684
61012,2262
233141,1302
399340,1302
226971,972
110860,988
193006,349
148215,899
222108,899
173592,1181
261738,1181
463603,162
494237,162
204142,19657
55994,2423
172066,7179
171362,5358
340853,940
444064,1241
333275,124
345760,124
475284,987
474590,29228
626907,29228
314183,358
236513,289
453824,289
105695,11177
227618,3054
182242,986
118323,7179
351245,7179
552534,7179
65992,1085
227873,3325
75116,3325
3869,2577
482102,22235
513245,22235
593320,1162
629585,415
427693,1421
118284,1160
284188,33
315291,33
458029,3205
264429,1268
479431,132
385084,5358
200956,465
294221,465
22141,12
283585,6676
314959,3057
310782,601
171374,1192
281807,1192
293777,3024
293750,3016
344010,3030
170736,3001
347138,3001
379449,3001
430310,1191
340324,989
227087,60
440493,234
163639,430
313719,2451
297583,27
430146,3026
463618,162
536507,162
536508,13
26148,5358
262117,621
335100,15
293726,2740
340324,2740
340329,2740
392761,2740
392765,2740
433177,2740
198613,5
335225,124
352393,24
418662,244
421775,429
461947,10217
487969,995
336077,868
420187,798
582070,2698
352126,12335
315291,533
345760,1241
443541,1241
33195,2999
398402,1078
574385,2414
94783,20
315140,1304
479431,202
351809,150
586746,2672
258879,2964
442424,2425
447052,3368
467240,338
567735,6992
121260,11177
283135,1416
536508,1416
391719,1010
340260,4171
334371,4083
103916,1038
197491,1038
249068,1038
328914,1049
417575,1049
557149,1049
607779,367
314862,2969
427693,2969
463605,415
168157,543
406638,148
136647,903
463760,903
294221,2578
317057,862
429318,862
606466,862
379163,4172
341438,265
199330,366
501126,366
351809,681
93160,19657
125019,252
399887,252
340292,4554
261503,418
340853,418
341264,418
187860,2448
245048,11000
393325,86
360519,385
321204,383
573930,6993
427693,855
160380,931
542462,5818
603670,2999
345760,43
443726,43
463760,1241
240414,6195
96167,6195
539448,10690
593279,667
483974,18
545331,1053
106634,132
147031,749
419666,964
456182,964
582070,964
157154,3349
396333,2282
321204,46
388058,33
452084,33
222636,244
392768,11107
346328,15
38346,15
389078,2156
352658,365
588108,365
635162,365
293726,11
392761,11
433177,11
294221,1241
64399,873
315291,167
452084,167
40555,2423
351809,3709
345760,2578
103616,465
520581,465
164277,2241
536508,1041
418658,417
400542,2414
297257,903
330172,903
374984,903
481795,58
405674,82
483974,82
402957,47
533902,6418
586564,6418
413178,6676
160837,169
481585,169
583627,169
608736,169
460620,1090
349530,60
565836,3060
332745,37276
348532,683
481677,50713
533238,50713
584450,683
16186,605
390125,1091
460625,1091
162781,2672
596096,4603
596097,4603
616369,681
292534,157
111041,1420
205465,855
555076,162
629566,417
315291,79
452084,79
379980,24
349530,42
28728,43
294221,370
463760,987
42744,126
35541,5358
346707,31
392768,1010
374984,124
460379,2861
361033,520
283863,1075
412669,1075
84363,1085
61814,1237
345760,2999
443544,2999
297256,2553
463760,2553
463755,1241
297257,124
258011,379
530879,180
367465,2457
523606,2457
201574,180
406008,180
387378,3325
331496,12321
406559,1074
431424,1074
325443,1237
73564,1237
85177,989
177859,1032
344830,985
157490,1035
67355,512
280813,1071
348623,984
364827,1071
46791,984
18935,379
287528,337
220755,677
271997,677
183720,405
193116,405
46405,405
183283,988
61644,703
258885,22
427568,3884
33754,603
335721,1072
77001,641
340329,1181
392761,1181
433177,1181
49552,1181
148657,698
47995,1110
226973,164
346707,762
274461,1123
517842,418
396333,368
537382,368
131506,3709
340460,281
154287,3008
198589,399
417346,399
258916,350
308801,1010
203026,1003
198053,982
236537,720
29712,543
400831,543
433188,543
485583,543
557149,2448
118413,128
329517,683
223870,653
34289,653
82657,653
396333,12321
563963,3709
65467,1050
314678,418
339707,418
364603,1244
95732,1244
132671,441
228087,4603
66613,4603
78497,4603
131102,131
234761,3999
24226,3999
530131,3999
64419,3999
371245,2423
221580,3349
140678,855
210081,855
118689,506
63186,1025
82048,1025
346560,6692
487465,398
444523,5
258034,6418
319623,6418
296422,162
32213,162
8806,162
225119,3325
223725,368
339707,150
119228,430
55046,2672
517842,681
569866,681
26105,1390
56790,2441
563963,366
573775,366
288952,164
463665,1041
340205,368
447052,368
245048,1244
339707,1244
279455,22
341278,714
354742,714
283135,1082
14132,720
236886,3325
86536,3325
182936,982
147846,114
34987,114
465326,499
164277,415
136610,855
400831,31
209781,603
45662,79
68033,79
257814,167
160241,42
39426,42
375025,2423
204201,141
439022,141
452211,141
66405,868
214625,2293
351388,39722
124422,19789
419375,19789
98512,1467
114060,5358
378293,5358
396333,5358
396334,5358
505673,5358
35249,410
74943,130
341317,371
370846,371
482802,2802
250870,511
359187,511
443541,3001
49551,511
594092,511
193081,903
37138,3016
226958,987
255340,2759
29006,987
447995,2759
322770,2760
345008,3034
450854,3034
95164,2760
255334,1270
284875,2795
79948,1270
49552,2999
334816,465
361537,465
399260,465
450688,3020
67341,465
95795,465
158938,1519
366937,1519
84979,1519
120785,498
59772,498
69110,1245
208542,3508
209933,3508
491298,3508
23553,1269
297693,1269
206743,1268
160431,202
172202,202
315283,202
394906,995
371816,969
16135,931
89591,82
544895,7378
402825,3336
254981,3349
15511,6890
236471,11282
364861,2381
69978,11282
371174,150
385084,3368
340205,1050
287663,8970
431755,800
24316,2722
169533,749
117966,1241
141229,43
255626,43
61030,1241
238407,157
77757,157
282658,29228
42393,2861
110906,1283
158360,1283
315145,642
487353,385
191395,132
238084,132
277137,403
324503,403
395632,403
181554,653
222556,6418
105776,605
209993,126
215592,10484
329714,10484
332061,10484
496706,126
69246,126
73480,126
176354,36
465326,1090
206563,2671
210825,2671
227035,1091
557149,3709
463760,371
28973,124
3875,124
342472,903
374984,987
387579,1241
240578,336
358212,683
96043,128
234053,441
256780,441
266209,3060
355490,441
396869,441
213029,4603
16922,131
66736,610
256120,150
139434,12321
352393,244
45146,244
452084,44
267701,39722
68976,39722
244130,132
47893,162
432772,667
170516,16
349530,16
344393,1467
345760,511
392375,511
505673,13
263361,368
385084,368
327757,5
362835,1038
92899,410
107377,28643
166683,475
331840,475
557939,1184
66783,642
180843,202
384587,202
503638,383
185400,1283
565837,128
134270,1237
173483,1039
238585,2288
341049,2288
606451,1416
271455,969
361260,79
424204,27
332705,23826
100303,19771
238500,126
358143,126
46205,19771
59389,126
342389,465
374984,465
253765,940
256429,366
463332,366
129505,8970
89647,2861
128105,58
502302,58
97567,157
465326,385
216443,200
349066,403
178987,605
27292,605
234850,653
330126,1091
357397,873
39153,631
326363,3349
181477,19789
59866,36
234523,252
336960,252
292174,3325
448764,3325
256696,2503
573775,1049
512995,3012
476527,995
480987,989
430579,336
257388,720
396429,2457
403571,3027
450838,3027
118582,2672
168942,2672
145563,2671
135490,605
112988,46
53536,36
487417,2553
142027,366
448628,5358
140310,172
331017,132
215679,162
257448,162
525287,162
56810,162
222876,1421
270541,1416
296356,273
4072,1132
126014,603
258889,989
314183,1110
179184,873
241889,762
404384,33
85789,24
446043,1301
345861,3336
149928,2503
347824,3349
45335,2503
238993,10484
245072,10484
338794,2381
45004,2381
103621,868
189151,868
198728,868
203330,868
37899,868
98195,868
147518,19789
355566,19789
262793,141
34944,141
126440,511
173592,511
210202,511
258199,511
276914,511
313719,2999
54265,511
92545,2999
125850,903
158697,903
35641,370
399340,1241
443726,987
270930,465
345763,465
378746,465
463760,124
340205,681
257851,3368
573775,3368
212718,749
287635,862
83877,749
422377,601
593322,520
292806,1184
306131,28643
406042,306
239951,1283
329723,683
166237,583
294895,969
165007,11
413843,60
314295,167
170366,2423
352811,7378
290336,2420
84511,1085
227676,589
81785,114
87854,589
40205,6890
274802,39722
43261,39722
45005,39722
129674,371
289843,2578
193938,1108
328914,1108
128223,13
140436,714
93795,714
379807,1025
56830,410
167105,252
46105,252
289061,2722
226074,3057
75471,58
316111,385
394326,385
249303,798
314915,798
179838,653
131090,1244
59783,367
29316,1390
346567,1390
165900,8970
249952,41
136181,52
44594,52
152460,16
291544,641
112668,1039
314372,903
374984,371
121260,2553
392375,465
12864,38
208167,38
31514,38
88721,33
243188,269
439914,23826
254487,3999
112465,1091
137648,1091
295780,169
78547,169
121756,398
240244,749
534471,5220
134936,150
355689,2969
357233,39
283225,678
289683,678
345577,3426
346551,678
69511,678
44996,36
176485,862
43763,1416
125783,667
340329,1110
114940,5817
135215,5817
29392,443
29977,443
363466,443
197602,2425
284000,2425
375820,7378
210146,1301
235568,7179
386126,126
37337,367
256680,5358
355335,5358
479233,172
570817,172
221968,475
70359,1096
315138,1304
111185,642
91251,234
347617,2760
36593,2760
21419,1519
203087,128
126687,995
225591,995
344158,417
225004,618
265569,618
249565,1003
333450,167
45666,5724
388465,2414
558244,190
574385,190
116900,206
356099,336
536081,3349
198007,2423
254254,2423
217900,982
294321,294
357162,294
271966,141
347383,449
121280,11282
290951,19789
197126,621
61546,1049
221540,1390
55801,1038
340070,1025
56523,200
360711,499
243617,2578
304214,653
651417,653
272999,762
215840,19657
221125,19657
322990,19657
391005,19657
358200,1085
333004,10484
46056,868
47011,868
54512,868
68523,19771
98131,19771
98249,1108
136169,2759
128931,605
34193,6676
180337,964
257668,964
89222,964
191987,995
337333,62
193592,16704
147031,260
396638,660
85383,1049
164292,338
102744,294
331169,5817
45529,2425
98113,19789
495669,1420
523228,1085
167216,3349
96255,868
149829,36
12753,2578
242632,124
591375,366
77826,940
434990,681
168943,2861
321135,306
395236,40
453824,40
224884,1421
579930,273
72504,19657
595012,979
154990,1301
44177,2503
506183,449
375877,371
37957,2553
401323,987
359210,714
415646,398
208166,749
262608,520
32029,132
178117,169
544792,3336
34593,6890
48634,6890
423740,2451
317482,368
348791,1184
297257,1049
476344,150
418658,2969
240692,1082
144303,931
42234,931
388913,449
607200,449
190634,749
344158,1416
494236,1416
495669,1416
315291,39
120206,4
55977,1085
463760,43
611845,1241
114019,6992
122317,6992
130040,6992
402363,18105
520858,18105
605326,18105
654384,18105
654385,18105
654950,18105
95129,6992
95707,6992
96498,18105
396536,23611
427100,23611
171062,29228
113996,385
344151,969
216181,24
401539,2425
51268,868
443726,371
447066,371
395870,1038
418881,1038
345473,130
355104,130
340879,6574
345590,6574
166745,9007
170354,9007
213980,9007
243841,16239
278917,9007
396530,9007
59136,9007
92030,9007
92567,16239
285296,2740
398808,2477
61464,2477
654787,2740
187024,1083
38340,1083
44367,1083
570423,1083
25721,169
148209,19657
329812,294
517842,12321
248934,18303
242758,2671
505219,873
468002,281
447066,43
374984,2578
126360,683
415271,3336
494353,2700
605627,2700
187594,642
93184,642
593279,1162
296340,24
297583,18
443726,2553
160109,6992
120262,16239
82610,16239
105496,2696
15076,2696
211727,2696
263962,2696
28937,2696
15074,11127
50617,11127
104200,2698
259881,3725
601407,520
447066,903
395694,1041
494236,417
311438,443
235355,19657
153537,2457
399758,7378
74590,410
222223,2722
628569,2477
257461,10690
108710,9007
407014,9007
497190,23611
537860,9007
260672,232
281917,16704
349585,232
145919,3714
180017,3714
187015,3714
257805,1083
257937,3714
344299,1083
464259,3714
486926,28095
649490,1245
159032,1283
56778,234
206956,4603
191895,865
260681,2698
419666,2698
456182,2698
507170,2698
86097,2698
490365,14589
344830,583
532826,583
117551,11127
467599,410
388198,60
91949,979
336158,2503
463755,371
512995,371
461618,13
512344,252
654393,18105
417228,6993
532732,2410
253973,6676
238716,1420
410238,1420
532826,11
310662,4
188862,190
339584,190
574385,2778
293272,3426
463332,940
96254,430
244904,9007
85430,9007
375659,2477
468301,660
435776,498
502289,498
344607,520
621802,520
452714,28643
334449,2700
502670,932
463755,124
222686,865
339332,610
525971,5091
357998,46
538918,46
85605,1390
67721,2696
413033,1162
452877,855
402008,23826
297257,511
401323,2999
443726,903
73180,5358
72274,2722
269374,443
537859,23611
339332,1090
381833,232
448981,232
463760,2578
608943,979
30308,4
45287,294
29004,465
204102,940
216240,940
350347,403
462988,121
633398,2969
396131,1162
346332,42
256139,3336
270055,2457
396107,368
573979,430
346647,1269
596308,1085
336679,265
573775,714
342531,987
71226,1241
401323,124
423612,2696
339332,1283
355368,385
346332,33
404688,366
474621,1025
540659,40
364237,720
640428,273
605498,82
371927,3336
512995,511
463760,2999
24637,903
262689,367
462988,2700
334126,2740
339844,60551
353252,60551
428380,60551
497719,18105
461936,6418
57186,3729
477930,114
537127,1160
204102,1050
344592,995
593319,1162
532826,985
392765,23826
388198,86
68410,86
605498,42
597512,979
605184,131
487333,2722
71103,1426
495669,273
209012,982
204102,12321
354136,416
342252,441
292772,749
371256,660
395519,995
527966,1049
190705,1085
577590,417
633398,417
239972,33
517842,131
616369,131
605498,44
324851,60
383456,126
338793,132
540059,265
321629,366
149652,41
204102,681
476648,1268
340491,2425
388198,23826
547553,2423
213366,39722
480883,13
290746,1421
423440,681
573775,681
382774,430
593319,855
60607,1160
285033,543
525247,543
260330,868
517842,1108
616369,1108
396333,714
327326,2722
140576,3729
475413,415
344830,1110
204102,418
540064,6676
567021,2700
463610,1420
324278,533
524481,800
340329,1132
432293,873
295955,10484
573775,131
449796,367
393238,1090
177862,499
495963,499
551695,610
342824,385
585317,132
19299,1283
146167,385
412943,798
79517,7378
91945,2293
484991,855
593319,1041
463610,583
475411,618
494236,618
344677,33
125714,60
77563,42
95261,3336
91296,2503
620074,589
656047,589
74776,589
517842,714
616369,714
204102,3709
396333,3368
505673,3368
505674,3368
45581,11282
637669,3205
654374,3205
256996,398
421775,398
413033,1420
418658,1420
475411,1420
344591,40
395602,995
465715,995
635336,995
77383,667
616460,11282
483495,19771
511119,19771
192360,43
297257,43
321705,39722
394304,1038
601877,416
165531,130
320263,130
43217,130
340707,6574
405885,6574
343963,410
476626,2410
279955,11127
340329,631
178335,932
458710,932
244271,447
357796,447
156775,124
236510,124
249256,124
468198,124
235347,1008
359380,1008
168156,371
271482,2481
376082,279
179860,540
344107,6066
373941,48325
353775,195
183836,790
403080,10301
400719,253
89473,2156
293253,4391
204111,2976
297752,17959
121481,6248
150746,1180
229320,40090
439343,40090
203510,10695
321417,10695
351729,10695
57618,10695
58427,8031
104324,8042
458537,206
513245,206
202659,33783
56375,2553
337787,4529
99977,11107
273945,6621
326230,370
562553,370
187047,2844
308552,2844
95759,2844
213846,10482
329630,663
271773,496
200651,255
228885,255
210348,2761
382686,27774
538874,32832
121958,121
260139,3729
263956,121
320748,121
545538,3729
224458,3426
422936,3426
488763,3426
520492,865
524590,865
105506,41231
138399,41231
148485,41231
182409,41231
214257,41231
231873,41231
285862,41231
296783,232
296963,41231
48634,41231
49676,41231
49788,41231
55439,41231
98539,41231
98556,41231
235339,1083
24912,1083
334441,14589
186279,28095
264796,11127
393883,28095
400713,28095
448901,28095
480424,28095
106569,41201
15743,41201
181179,41201
185028,41201
217033,964
217923,41201
220793,964
275159,41201
275256,41201
293829,41201
491960,41201
58971,41201
59180,41201
71884,41201
98558,41201
98968,41201
182581,16704
227039,16704
308256,3725
58568,16704
148118,2696
171768,2696
17749,2696
279152,2696
284847,2696
375856,2410
38782,2696
535974,2410
67856,2696
140446,5817
147112,5724
186557,5817
193724,5724
235355,5724
48805,5817
89541,5724
154051,2414
428444,2414
448696,2414
455069,2778
527896,2778
599686,2778
658533,2778
107116,369
135217,1053
157912,369
164647,369
197304,369
201427,369
23523,369
355514,369
542842,369
569349,369
70567,369
289835,190
422951,190
73417,190
148364,1177
167794,1177
183499,1177
186383,1177
325179,1177
367405,1177
46007,1177
524081,1177
542690,1177
166737,2698
228660,2698
257937,2698
25823,2698
362572,932
427572,2698
494353,2698
502670,2698
187077,5818
253210,678
331739,678
377468,5818
132764,208
270930,2481
60784,22220
109197,10482
77715,370
167556,709
354666,6248
482838,365
107662,687
248931,663
354613,124
385848,124
392375,124
424014,124
449575,1083
397609,14589
38801,3729
13023,354
170914,354
183120,354
187283,354
248024,354
288259,354
34556,354
362291,354
434673,354
474589,1184
475949,1184
503881,354
115607,2698
319452,2698
52477,121
57402,121
409103,41201
231724,41231
387160,3725
312712,2414
332071,1177
542710,2414
293326,3426
269503,173
467236,369
178469,941
197602,683
217879,941
40687,683
512394,683
520815,683
138741,419
139396,383
265127,26
291947,190
342531,3471
262391,714
501418,714
124495,3060
191829,3060
197622,3060
257482,3060
259748,3060
122421,200
242063,200
357917,200
265879,1322
239941,4000
67655,4000
149949,19789
240497,19789
429975,19789
98536,19789
118847,24
336382,24
22728,370
60951,370
264137,157
333355,157
340166,157
36025,157
395695,157
405399,29831
157373,10690
267330,10690
376228,10690
431698,327
250844,667
450050,667
666234,667
70176,5546
405385,1090
145918,301
107612,605
121986,605
64308,605
148489,2420
377641,2420
383654,2420
564545,2420
345595,3426
282076,1184
380416,601
243779,10140
111057,520
140803,3057
208542,520
227532,3057
277635,520
315095,520
331498,520
336125,3057
342202,520
342216,520
417278,3057
503740,520
227534,29228
254477,29228
269766,29228
338680,29228
37013,29228
423197,475
583756,475
597095,475
68030,29228
250073,3508
277723,3508
282927,3508
287025,3508
289648,354
33709,354
343463,3508
493332,3508
499956,3508
64246,354
95604,3508
9593,3508
168166,28643
206717,2282
234124,2282
292817,28643
365449,28643
413605,2282
422377,28643
45698,28643
182381,610
295183,610
318508,383
361104,610
480762,610
5245,2696
221119,41201
232093,232
392110,41201
246831,41231
30418,16704
362570,41231
72164,41231
257740,338
59322,338
542877,5724
91469,2778
258970,678
355689,865
400538,206
511909,2740
167798,2861
18935,58
342702,58
358026,58
371003,2861
416802,58
42948,2861
486039,58
486049,58
72567,2861
9594,58
227239,157
256902,172
182578,1245
265383,1096
279254,1096
289236,1245
289267,1245
31182,1245
323713,1096
348332,1245
479675,1245
113235,14589
292837,3729
289643,932
615378,12054
621150,3243
281492,1177
345647,1177
525971,1053
108710,16239
167553,18105
193323,16239
214448,18105
353252,16239
398675,18105
522091,18105
114398,48332
225632,48332
259869,48332
269365,48332
288856,48332
312799,48332
365692,6993
366446,48332
380376,48332
396401,6993
396532,48332
495923,48332
58413,48332
58418,48332
59038,48332
59978,48332
201737,371
359247,371
293385,419
96533,683
110688,60551
166580,23611
190190,60551
213984,23611
271665,60551
295309,23611
375657,60551
375659,23611
404846,60551
419061,60551
43404,60551
448867,60551
448868,60551
467241,60551
495920,60551
564841,23611
661284,23611
665048,60551
91380,60551
244262,18303
248938,18303
170354,2477
226102,2477
313504,2477
396402,2477
396530,2477
600008,2477
112822,190
64598,714
71571,714
482145,200
82130,19789
93922,24
201586,370
181501,29831
390159,416
648779,416
104223,1090
298410,2420
446657,5818
465104,5818
542697,1177
160431,1269
222320,403
288067,403
288426,1269
326030,403
406042,1269
56611,1269
593956,1269
158799,475
312239,2282
340177,475
380459,475
480265,475
202278,273
229005,583
23960,273
463613,273
475413,273
74230,583
99343,583
353366,27
85867,16
176990,371
260000,2578
388159,2578
119549,465
134419,903
173804,903
185342,903
255353,903
325105,903
373967,465
48226,465
524210,465
61838,465
87789,465
107544,987
132209,987
148215,1241
182242,987
183298,987
186924,987
203405,1241
216263,1241
289434,1241
297198,987
347138,1241
352126,987
411544,987
66980,1241
132202,2759
135553,2999
144863,2759
150212,2759
203199,2999
249161,2999
251587,2759
350894,2999
395833,2759
446712,2999
48954,2999
509028,2999
62080,2759
263804,190
216443,499
235540,499
339337,499
360517,499
124866,1283
205924,1283
238084,202
290555,1283
315145,202
335100,202
355816,202
362108,202
394236,1283
584092,1283
66783,202
161549,1426
176555,235
18012,235
190874,235
228953,1426
236513,1426
241501,235
277772,235
292805,235
308265,235
315291,1426
323788,235
328455,235
338635,235
343184,235
38346,1426
387197,235
426280,235
50674,1426
72799,1426
128219,317
18021,317
186848,317
226026,317
251885,317
268957,317
323740,317
340172,317
393241,317
405397,317
344677,3508
342472,520
536507,520
338651,1184
491890,1184
214238,2696
241119,121
58205,232
113707,16704
323704,964
269371,18303
404849,6993
442942,338
111074,16239
467250,16239
182882,1301
236772,1301
290269,1301
393846,1301
439782,1301
347382,2503
445517,2503
534473,2503
195308,979
207571,979
226155,1085
291981,979
292398,979
349418,979
410212,979
541402,1085
54716,979
328480,7179
336735,7179
356024,7179
574949,7179
594105,7179
648027,7179
71830,7179
85953,7179
179043,2457
187860,2457
211107,2423
284000,2423
371145,2457
376731,2457
380521,2457
401712,2457
192897,3336
224878,2424
225119,3336
237000,3336
262002,3336
27178,2424
284739,2424
284870,3336
290366,3336
293607,2424
314942,3336
349571,2424
349737,2424
415645,2424
432960,2424
510782,2424
515638,2424
537386,3336
641151,2424
80151,2424
182711,2425
307058,2425
223029,3329
258015,3329
258034,3329
264848,3329
302371,3329
419929,3329
426620,3329
461629,3329
491693,3329
516127,3329
522714,3329
560903,3329
59823,3329
75116,3329
310822,7378
345654,7378
366450,7378
468253,7378
518472,7378
520462,7378
158375,2995
158397,2995
168530,2995
375854,2995
450790,2995
514240,2995
52322,2995
594546,2995
611430,2995
458777,26789
162038,294
334557,294
367466,336
535955,294
56036,336
249815,43
253817,43
591949,43
156521,2553
369678,173
343959,2414
228572,306
317806,1304
323910,1304
324111,1304
339330,1304
345590,306
361093,306
404705,1304
462087,306
500067,306
590773,306
587335,1268
119061,468
119066,468
175912,468
188660,468
258513,468
273432,468
315129,468
333815,468
430800,234
465606,468
56381,468
63342,234
72462,234
182879,385
262389,385
273383,385
274461,385
354136,385
409515,385
565673,385
275682,1245
450218,1245
85289,1245
137326,58
340460,58
371936,58
423609,58
486051,58
294987,28643
660319,1096
457743,41201
282625,2698
375663,28095
59209,41231
167555,48332
343492,48332
350828,23611
92845,48332
23379,60551
369155,60551
381815,60551
59414,60551
366723,2477
417228,660
459842,7197
357565,281
102132,678
283193,369
659848,678
200248,14589
55336,3725
365540,2420
375382,2420
427605,3349
684061,2420
211025,75506
588649,947
694974,75635
245027,1091
393621,1091
282734,338
50219,2282
134602,720
375383,720
480692,720
54534,720
110708,6890
214300,6890
291110,6890
367255,683
386126,6890
448471,5781
196227,449
238407,449
239733,449
30739,449
282520,938
314969,1096
265078,543
256361,2441
257456,2441
70359,2441
72768,2441
85771,2441
466765,9095
187491,383
366729,10690
159839,144
158118,14
376211,714
346776,19789
205116,3060
109751,1123
126600,1123
140579,1123
321247,1123
33027,1123
332341,1123
343475,1123
346018,1123
45760,1123
46972,1123
471690,1123
71271,31
82243,1123
93831,1123
127181,162
135617,1041
203746,162
260827,1041
274484,1041
392777,162
467623,162
578872,1041
127192,3911
129868,3911
138055,3911
138171,3911
182875,3911
184575,3911
198473,3911
242638,415
318523,3911
322305,415
357047,3911
413032,3911
432772,3911
456535,415
47893,415
60525,3911
78917,3911
93678,3911
102226,16
253206,95
237662,18
318528,18
85791,18
122635,173
316750,5724
212867,2457
415383,2457
595809,7378
683557,2457
119291,1426
314974,468
454336,58
593378,354
375955,23611
572399,18303
518723,2740
181375,379
357885,379
182894,29
364135,29
121477,1010
217115,1237
346779,180
43763,1132
53360,1132
121324,350
146690,350
156941,350
183299,350
212829,350
258919,350
298477,350
320411,989
35416,350
427568,989
49542,350
52495,350
54383,350
66923,350
73547,350
85706,350
176591,405
193469,405
234189,405
253677,405
34130,405
381362,405
447661,405
450936,148
61653,405
66333,405
67416,405
88971,405
119085,40
127610,40
193130,1420
260166,40
344599,40
357992,40
424072,1420
177690,618
178313,618
210081,2969
236045,618
272636,618
325223,2969
471582,618
60990,2969
644563,2969
77826,618
111058,969
118284,969
23974,273
624037,969
230166,1416
247459,1416
28335,1416
549318,417
190263,1421
557614,1421
92693,244
237164,533
270393,533
247555,39
288253,39
58396,86
125858,15
232454,15
395516,15
364239,129
131561,38
198589,38
221624,38
422380,38
429086,38
687035,38
258883,33
388820,33
146714,167
152963,167
189475,167
288429,167
34542,167
293592,60
297583,60
425872,2999
45331,2999
81190,43
91347,43
171374,1241
301824,2423
646677,3329
280178,2424
345562,2424
505653,720
75102,2424
373187,2995
448308,2995
525287,294
685887,2995
273570,1283
180843,403
619736,403
172779,1269
411287,200
530258,1269
142929,1245
565778,1245
673977,28643
452300,601
128897,3508
467243,6993
694512,2477
383325,48332
387198,48332
296781,60551
56698,60551
59076,60551
451251,2698
339238,607
146258,762
272642,762
319745,11
333241,762
655488,11
177907,985
315779,631
319301,985
346483,631
477758,985
246968,1003
129893,995
353365,995
357117,995
357796,1082
370846,1082
386726,1082
401923,1082
420465,1082
560725,995
84301,1082
184473,1160
232895,1160
255220,1160
282900,1160
170961,347
170976,347
178314,347
293944,347
342209,347
384859,347
402004,347
56809,347
82324,347
116088,89
142281,89
147573,89
159088,89
159844,89
18533,89
188888,89
19112,89
196815,89
234029,89
269878,89
413843,89
75921,89
78339,89
160954,127
161060,127
162812,127
163724,127
186988,127
190289,127
223572,127
254934,127
289182,127
333516,127
354609,127
57598,127
93841,127
106270,3
147485,3
153678,3
234193,3
237162,3
272812,3
53400,3
84150,3
190831,35
303259,44
344381,23826
193898,465
417955,370
462838,2778
462837,865
357163,979
530289,979
72855,1075
214316,336
216118,336
420931,1301
189600,3336
236966,3336
238367,2503
333353,3336
406675,2503
9819,2503
241324,1268
412951,1268
337243,1304
406924,385
440531,306
308469,235
524687,235
160736,3057
398808,1096
74722,29228
582074,932
45858,41231
308552,232
372267,232
436585,3522
183321,82
381724,82
281963,27
392717,25
371814,79
182936,7179
382773,7179
188911,720
214538,720
268642,720
341516,6890
203655,255
169511,197
517376,449
251896,543
487465,543
342843,1075
482110,206
517300,1075
364245,383
252986,234
394285,714
412045,714
423166,714
570421,714
70114,41231
392810,1420
125781,131
282810,131
326330,131
571020,621
281252,2778
17592,2425
417575,3329
172202,1269
105653,833
149540,833
16135,141
171069,833
178614,141
189070,833
199958,833
220969,833
25942,833
283223,141
30710,833
35069,833
37934,833
64997,833
76176,833
80205,141
86620,833
98131,833
398721,11127
106210,41201
375667,16704
391905,41201
313477,252
315865,252
34344,252
34784,252
88909,252
131109,130
163647,130
181768,130
324804,130
431755,130
94936,130
146854,162
265763,347
380415,162
85585,347
182916,415
345041,1160
364233,1160
463618,417
696598,417
111036,995
183647,244
518860,1416
229604,969
76277,40
187492,16
345886,167
192167,127
112930,33
223979,82
290587,3
314288,82
386786,3
156779,38
43512,86
295313,39
165007,940
257462,418
259930,940
632741,940
100722,237
139435,237
142920,237
178187,237
217144,237
223890,1533
278296,237
290273,1533
29051,237
344393,237
350364,237
442805,237
46413,237
506248,1533
58799,237
70946,237
79352,1533
146227,1049
316264,681
349066,681
65318,1049
167721,331
216870,331
242532,331
335245,1244
349599,331
443222,331
49500,1244
552425,331
62913,331
8184,331
82503,331
95641,331
131667,16795
15452,1050
162074,16795
223053,16795
234811,16795
238868,1050
257376,16795
262365,16795
297784,16795
34870,16795
354361,1050
58330,16795
59551,16795
95963,16795
226450,1053
407577,2457
347090,1085
36923,1085
373374,1085
387378,979
547723,2424
694928,2424
401356,610
538921,1283
234375,317
258364,317
45562,235
59631,58
13283,354
168159,520
381968,520
338665,28643
384807,28643
348795,148
46741,11
184528,762
236953,1123
39372,1123
485424,180
123951,1237
144028,1237
279455,989
412660,405
67063,1010
108830,3205
162571,11282
164473,3205
170838,11282
182688,11282
213368,3205
276255,11282
282460,3205
388188,3205
56005,11282
59248,3205
64411,11282
64506,3205
80188,3205
93690,3205
121481,126
126681,820
170495,126
187809,820
203764,820
263546,126
278985,820
284856,126
355566,126
45513,126
483063,820
52746,126
56046,820
64016,820
76293,820
77964,820
81663,820
157993,2381
169927,2381
203330,114
236537,2381
248271,114
248903,2381
254249,2381
62920,114
72422,2381
76386,2381
99327,2381
537853,2740
112364,48332
394400,2698
118850,121
143891,121
188338,932
40478,121
131102,1038
441385,1038
130394,1005
134369,1005
134983,1005
160561,1005
180805,1005
218067,1005
240244,1005
286259,1005
62415,1005
70689,1005
74448,1005
75327,1005
79242,1005
83877,1005
182923,1025
331560,1025
401920,1025
130485,19
131758,19
159883,19
163216,19
167491,19
213614,19
235413,19
242078,19
243239,19
310458,19
331467,19
372713,19
397033,19
403845,19
88713,19
101213,6574
129674,6574
391065,6574
395083,6574
84765,6574
39913,3911
93726,3911
315604,533
196231,89
356118,89
60957,89
111508,3709
114060,3709
139434,3709
281769,13
282411,13
284857,3709
462250,13
476352,13
95810,13
189441,368
214775,368
263727,368
282429,368
329145,368
357884,714
411975,368
51174,368
72522,368
74294,368
145769,3368
162056,3368
228917,3368
242497,1108
278837,1108
354697,1108
73185,1108
81999,1108
88490,1108
126737,150
199369,366
203496,150
278359,150
335221,150
356197,150
350311,2995
442424,2995
106825,3336
672933,2503
454121,1075
393238,383
191987,234
326329,1090
57328,202
289640,1096
110000,2861
13520,350
45333,873
129588,1003
241251,589
292366,1467
47543,1467
667914,589
73480,589
159908,10484
163053,10484
191391,10484
209574,10484
292174,449
340524,449
344395,10484
58602,10484
221133,2293
410285,2293
60784,2293
136834,6890
289898,19789
85506,18303
299973,2477
305423,23611
44357,2477
670000,2477
155861,18105
201625,18105
115763,276
162961,276
169179,276
193867,276
202979,276
257732,276
371371,276
43848,276
70411,276
73926,276
80158,276
16922,430
215616,430
240219,430
298975,430
346561,430
404260,430
363178,4084
303187,1390
315063,1390
317482,1390
41912,1390
538633,862
380350,2722
38607,2722
77825,2722
99232,2722
410158,410
47513,410
54581,410
129725,7378
631785,7378
212718,3508
114422,2832
117469,2832
125069,2832
131694,2832
136610,2832
148004,2832
153667,2832
157003,2832
170895,36
199633,2832
216662,36
252922,2832
256267,36
315587,2832
336077,36
36182,36
369316,36
38195,2832
52059,36
57404,2832
67570,2832
94199,36
497221,33141
189053,62
283628,62
63047,62
285322,2282
263183,452
172541,3719
179985,11122
301037,3719
449385,11122
582070,49702
596522,49702
507170,1124
546295,22810
382535,3609
209315,4057
320271,383
34944,383
288248,2420
598629,2420
178107,190
338629,3
216464,16795
172142,3368
207917,1050
298983,1050
541563,5818
159142,2425
176072,3336
337798,979
242631,29
354352,405
215679,114
330236,114
217879,1184
274862,995
288241,40
426790,2969
694507,2969
342226,3911
335598,2999
509709,2999
567118,2999
344588,903
351546,2553
222108,1241
27700,2759
310437,1241
524131,2759
148967,533
42460,27
80444,27
206386,167
2865,167
40995,89
259350,60
342364,127
358250,940
396894,1049
439465,621
213260,331
251680,331
85500,331
307519,366
553875,366
143852,653
206563,653
225431,653
243302,653
290088,605
174842,683
230212,6676
271988,6676
289241,6676
320259,6676
381206,6676
162261,265
16458,3999
236693,265
242661,3999
258618,3999
27583,3999
60570,265
63491,3999
113504,2503
335461,2995
461512,2995
538253,2995
224672,1283
342967,1283
124883,306
159239,1123
410225,1010
128907,350
263236,180
27511,873
342267,868
375719,3205
221285,6890
205758,23611
381273,16239
134761,48332
314571,2740
342820,2740
429157,2740
104752,6195
169880,6195
22068,430
303116,430
400489,6195
182913,506
291266,520
386552,520
435492,520
405892,354
126665,583
463608,415
536477,583
174915,162
391376,1160
482072,1160
57372,1160
395674,667
442531,273
12124,43
192611,43
198067,124
233141,465
56872,124
260655,44
361081,44
102744,714
634461,1108
374139,131
466810,131
156501,13
202984,1244
251892,1244
118732,237
99353,681
160746,128
194641,128
199856,128
317818,128
34285,128
61401,128
157383,4603
402963,3060
587776,4603
67071,4603
121411,6418
127031,6418
323589,6418
364408,6418
50366,6418
537469,6418
70164,6418
139405,60949
149770,60949
178838,169
181339,60949
280080,60949
286392,60949
33951,60949
342255,169
358261,169
366746,60949
41369,60949
460625,60949
468036,169
530733,60949
5336,60949
540466,60949
58319,60949
85357,60949
462823,865
351738,2423
568216,2457
355496,1075
547187,2424
271498,7179
336697,7179
369319,235
369962,468
430797,1269
540654,1269
288228,200
37363,1426
182712,281
339005,2293
54148,141
73734,141
198728,833
407907,589
396394,660
461663,6993
699842,6993
164108,19
29962,19
337381,19
66360,1390
7096,19
248732,276
287579,276
42678,276
173859,12
241889,252
256448,12
286415,12
239962,398
331401,398
348601,1038
119228,800
207877,800
47085,2722
353922,6574
252345,410
351816,5
357164,5
416704,232
623553,3725
146918,1083
515506,1083
140540,14589
179634,3729
223030,14589
139316,2832
144723,2832
188651,2832
282513,820
291750,820
52281,2832
532905,820
164231,1005
216179,46
255942,46
51736,1005
60128,1005
96341,46
600008,4482
395069,29109
383325,49306
576022,32036
644032,1082
422929,19657
495488,19657
450195,383
388236,1091
465955,583
569385,583
174694,368
271335,2503
595028,2457
4188,10484
313334,3205
8883,3205
358734,2477
60889,1025
137313,29228
357148,29228
290593,1420
340328,2969
447221,2969
240897,1416
232859,995
326300,1041
392860,2759
426666,43
468234,1241
110475,2553
344600,27
410185,39
166240,533
340394,127
31910,89
378139,1244
158795,3709
193784,3368
480883,366
381348,605
382423,60949
390125,60949
464529,60949
99362,60949
198021,265
439343,653
496767,265
105388,6418
169757,128
220722,128
276474,128
671801,1085
362790,3336
592735,336
122695,385
342389,306
408574,306
562275,385
513330,202
223849,1268
474701,1268
205503,1123
77812,1123
212847,1237
434207,1237
218087,350
291422,350
423744,631
44794,405
85291,1467
181006,589
197860,114
58426,114
99977,126
166581,48332
292396,60551
380379,48332
145707,506
316889,6195
326031,506
57618,14589
149729,932
392113,41201
345323,475
41818,475
112990,2861
354666,172
258027,1082
414908,1421
522788,1421
371141,417
400485,417
268176,618
29434,618
249730,162
159692,371
212723,24
56331,24
278343,167
51346,86
461617,13
284727,714
378293,16795
405398,237
79893,237
291417,418
69651,4603
161255,6676
203608,2441
440827,169
640686,169
341680,3060
360711,3426
311438,1177
230336,206
243225,206
308441,294
270188,2420
188905,235
282721,317
340459,1090
396847,403
415085,403
50362,29
44402,6890
48119,6890
58855,820
38360,36
607201,449
114491,19789
145581,19789
90959,11282
538773,23611
230552,416
346766,800
282388,1390
54928,46
75458,1390
190634,252
312862,430
228761,398
355501,12
332179,276
58970,1005
203412,130
336960,130
116905,11127
221119,2410
467623,520
272855,1184
405399,3057
33639,1096
418661,3508
145981,3690
307098,5818
101031,1177
428725,1177
288432,2414
319599,2414
569654,2414
574461,2414
588853,2414
605444,2414
260838,12275
525990,5724
566571,5724
132319,5817
343537,5817
345078,5817
503867,5817
542445,5817
599675,5817
599677,5817
610603,5817
358177,2420
448468,2420
204141,19657
328959,19657
331017,678
503866,678
515016,678
527139,678
542686,678
162101,1053
462831,1053
107266,369
279338,369
455068,369
443263,1082
364861,1416
45624,1416
263801,38
177452,237
224884,237
225335,1075
170934,141
39152,141
280701,1184
170620,964
163568,2969
323934,2969
355641,2969
524318,1160
283196,417
384593,417
127142,273
290561,3911
411295,273
262608,347
68863,583
79422,583
105695,2578
388171,2578
186644,371
273669,2999
235780,987
177020,903
203773,903
206544,2553
214927,124
14768,465
447066,2759
193900,44
88262,44
198008,24
284732,18
388058,86
92472,89
93844,86
358143,1244
175323,3368
401530,418
50202,418
74557,3060
104324,6418
226958,6418
187847,683
411563,2995
423443,3329
87856,3329
174692,2424
187211,2424
193994,2424
344392,2424
181781,2420
259988,3336
486767,3336
191395,468
173750,499
358504,383
303939,202
439914,1426
255748,1283
538963,1283
62064,1283
226074,306
263856,873
24180,6890
42941,2381
148396,114
160438,114
221285,2832
83560,2832
148955,3205
174835,3205
371147,3205
387234,430
54935,430
323954,410
40433,46
282544,1038
324282,1038
35564,6195
182956,2861
216375,3057
308801,1245
250543,28643
331672,28643
265127,2282
271966,2282
392777,520
490423,2282
58949,660
430190,2477
433219,2740
337333,232
237669,1421
288225,995
264956,162
332889,244
361260,33
341317,1108
50935,368
193098,150
263860,3709
340339,940
45383,331
376589,6676
173405,4603
237641,4603
448058,169
253206,206
445616,678
244018,5818
34557,190
232964,865
464599,865
544784,2423
134936,336
400831,336
441170,336
75471,336
172181,2425
176485,2425
284728,1301
433358,2457
440755,2457
581121,2457
591353,2457
362835,7378
250464,235
266414,235
39522,1269
412959,234
130257,403
381963,403
437842,403
446247,1304
359692,385
249356,989
259943,833
329630,2293
36200,833
55524,2293
137438,820
159079,820
47082,449
508994,449
77974,820
43518,1467
45596,1467
620188,1467
659782,1467
121756,19
176139,1025
40660,19
432982,1025
146889,252
187587,5
210363,276
45389,276
54906,130
118689,12
123261,6574
164771,12
55735,12
268178,2722
457673,2722
96806,2722
253765,1096
295060,1096
33866,1096
110292,354
122675,29228
245072,29228
261504,29228
318361,48332
91991,18105
169511,14589
260301,2698
263963,2698
281552,41201
379634,41201
588627,2410
63459,173
324882,405
10471,36
124902,1005
102043,121
144583,28095
165793,409
418560,409
186368,46
358165,964
416089,294
550549,294
169873,141
122043,13
50057,506
145866,368
33873,10625
341272,368
281404,3709
498235,336
250686,195
85922,413
331514,398
257474,3057
518261,2410
36371,12
294814,4441
111038,995
630990,150
292203,3336
694528,3336
563812,1390
380919,601
388160,601
470265,2477
243606,1421
147846,415
16831,89
447730,86
151636,127
448844,16795
60542,16795
168959,3368
165873,366
332802,3060
391332,6676
359233,60949
104127,6418
586534,6418
362667,2457
247007,235
257987,403
283185,385
319300,385
476237,1237
48066,762
170472,1010
466794,281
225452,1123
51118,36
59931,589
388266,833
340879,506
339808,5
395122,475
182446,1096
145996,28643
105506,41201
574930,1083
418658,618
339238,2553
104686,903
206947,1244
191257,4603
231932,4603
124895,265
94939,265
175704,3999
541601,1053
553328,2778
641131,2424
240262,7179
235108,1268
120050,1283
469781,234
469136,126
184440,11282
177065,141
241457,58
249271,1245
315337,1245
504125,1245
248936,48332
248930,2740
217069,14589
100160,41231
684998,3729
523363,16704
125614,533
560593,417
352392,244
557610,244
631002,150
45146,19
222124,173
262682,173
465836,618
344575,1420
265569,40
120629,418
142419,331
412363,418
61546,331
367466,1049
375391,202
478573,610
303219,1038
124555,46
103427,12
48859,800
130756,1005
320953,29109
383294,39097
341485,2477
344893,18303
418891,18303
449084,18303
461665,18303
501417,18303
525209,18303
537856,18303
572309,18303
577844,18303
622410,18303
751995,18303
830225,18303
524031,60551
282654,294
314367,2420
342148,7378
352840,2424
352918,2424
557185,7378
594550,7378
290346,2423
290388,2423
357153,720
158810,121
267396,121
258371,41201
380019,41201
284844,964
375668,964
535949,964
535963,2410
177350,41231
379084,41231
413688,41231
379842,1083
258987,2698
432112,16704
568318,16704
282630,11127
455014,11127
605923,11127
207519,2696
522030,1186
534477,2696
549983,1186
577718,2696
182409,2741
362571,932
425756,932
606526,932
543822,1053
195062,3426
472866,5817
482107,5733
212862,681
66736,1108
319623,2425
367464,336
178219,1268
341393,1420
170911,3911
271256,2969
512995,370
215099,15
520468,167
384553,127
527350,1049
427653,605
92842,605
281919,3999
441422,683
193515,1085
229854,1085
397497,385
36859,350
355861,989
37403,379
29391,1123
39015,1123
250478,405
429787,2381
315853,46
357176,6574
397171,3508
180218,1245
381248,475
143121,2477
708172,18105
682032,244
160968,3
442816,237
76032,237
51161,1091
160567,128
96452,653
163847,499
459661,276
301236,252
118287,430
259953,5
312678,5
141350,58
16791,16704
472423,631
207834,368
81775,383
300716,11
507700,985
377720,202
392545,172
375854,3325
383654,3325
103060,3911
242086,23826
469949,3
160971,127
213751,127
225339,317
460611,1269
413403,405
161869,29
56518,820
491705,475
149928,1085
555703,1085
329721,2995
476079,1160
293257,1241
480267,131
72319,237
75118,3060
242668,653
579809,173
203357,383
484387,762
126360,2832
249952,6890
642967,1005
347900,1025
200194,1390
462329,932
170243,6418
172127,3999
262689,1075
643356,3392
443673,1301
336729,29228
644771,2282
127156,969
344864,3911
127075,347
531960,1160
707317,1160
607223,1041
484547,371
226971,987
348778,60
230457,683
254487,4603
412823,317
433805,499
195906,379
30386,820
185883,2832
288313,449
533537,2477
297239,3014
509709,28457
243633,28643
394328,273
455181,366
495601,714
481688,265
152733,11282
352718,126
388210,833
124002,1005
242813,252
242940,252
99227,1038
461666,2740
404841,338
322702,1096
129585,520
435772,2282
685086,273
461947,114
461951,114
505219,985
420890,3057
399593,868
434282,868
256678,6574
449721,2698
591197,969
378883,60
374077,1244
433824,60949
411661,7378
290768,3336
31316,2457
326363,2457
61764,2457
606050,1301
93905,350
123527,11282
196524,252
587458,252
597880,2740
719455,520
719456,520
449377,3729
71579,331
71559,3709
345473,3329
489212,336
96382,468
536835,800
391498,12
497222,2477
654311,18105
396542,44482
604492,3999
287717,19
34334,19
395805,19
8246,533
185427,89
370789,89
342240,384
227352,404
251327,404
376675,1435
420187,723
181469,499
64352,499
411537,467
481117,132
390124,128
546185,128
552547,128
199179,60949
416465,60949
586538,60949
684519,60949
362562,371
345251,2553
44913,2553
372051,940
212198,3329
255294,38
414318,18
392771,23826
187601,235
409346,202
215213,964
486083,964
416660,317
524043,317
569639,5724
381965,3057
418896,48332
711232,18105
91537,16239
451311,169
623640,169
36134,4603
260662,653
174859,265
74641,16795
116918,385
553217,385
457743,3719
462988,14589
335209,678
416359,6676
62832,21957
682959,6676
139546,3999
534471,3999
623173,3999
655151,3999
286170,126
624690,415
186269,2553
161484,2759
149516,1467
288858,1467
383211,2477
45882,237
613505,3336
392775,148
90960,833
432895,430
311178,6574
321417,18105
226524,1038
284595,1038
282144,409
582869,2414
291548,449
366194,449
491966,449
628080,449
375137,3
620566,3508
222024,1220
661053,1220
207302,583
388581,3329
204176,141
576566,126
582131,252
395654,232
110668,289
125850,289
87658,2814
285033,677
315185,1198
526873,2964
618901,990
251485,6699
117793,2963
192360,2963
54268,2963
135111,3455
562254,3455
186923,899
504581,3054
183284,3716
312553,1034
258188,2805
314237,1074
611906,2805
246963,1194
256773,1194
392375,1194
128895,1181
156939,1181
484389,3684
694509,415
229006,618
121032,1241
248738,331
161267,237
621910,605
681829,2457
53696,383
73517,405
502289,157
258924,11177
226219,1020
483385,2577
120976,289
317032,2814
562256,2814
411495,3884
207771,3054
258879,1074
204189,141
149614,1191
474662,3911
684062,3911
342050,2759
401624,150
399780,13
364240,131
196813,1269
273004,1268
453525,1268
271511,449
339844,2740
482802,3021
589926,2802
356621,3023
36632,3020
200956,3026
403568,3026
381625,2760
244260,3001
225236,2795
36593,2795
425496,2795
360661,1270
406734,3034
609692,618
728311,618
398063,2999
342966,44
353959,714
66521,499
123536,350
160109,48332
615314,2477
258267,601
546213,601
395295,1005
618898,141
396145,368
142208,26
321706,449
575374,449
495667,273
158104,234
449844,714
13460,985
433991,985
496652,985
518644,985
531677,985
531678,985
531679,985
282349,33
85822,89
411646,369
395237,1041
493674,1416
510045,987
599263,1049
408963,3336
15930,379
422203,11282
576990,868
655907,868
623321,6993
728380,6993
728381,6993
367423,475
298613,331
568835,3368
481166,2457
211420,1283
543666,6574
601577,398
725003,520
352017,601
110860,677
110356,2814
614084,1088
600836,2425
73491,1132
35743,2239
525704,252
243737,995
569388,969
81543,347
84979,2578
413220,1003
337321,379
316111,839
481344,6574
546627,6574
602607,6574
197745,1005
349719,1005
466808,2722
542572,1005
88595,1005
371436,410
423614,1025
562030,1025
624132,169
345458,1390
364206,130
57285,130
504085,720
36109,3999
586722,3999
87415,3999
570456,60949
481690,265
546186,265
613781,265
532775,1041
729818,1160
646108,5818
478366,2503
685806,2503
25821,48332
627469,28643
729814,347
538996,583
575998,16
321070,23826
459463,237
396115,3368
536152,3368
376106,2441
314944,3336
523529,3336
15760,383
552655,148
433188,31
337716,276
486046,1184
522791,1421
79503,3
338888,6890
458389,41231
327542,126
389989,3205
358008,6195
111819,131
288415,1082
435648,27
503977,281
297648,506
396109,368
457236,398
466602,371
536533,371
238032,714
221611,82
293283,543
477929,114
502073,543
511815,543
558720,114
629588,415
520580,465
350357,27
472249,3
337922,1533
618809,13
511864,3336
578459,1426
566911,499
233124,405
363714,2477
751988,2740
523903,18105
653862,18105
403013,475
215677,520
296741,33
341227,33
349873,940
492492,3426
514895,1177
542654,1177
198053,979
567217,800
569384,46
363610,2722
484362,306
58359,499
309980,1244
593480,1244
614195,1244
398163,1531
198638,13222
186891,16795
251880,16795
251888,16795
284430,16795
500191,16795
631221,16795
398738,1533
480955,1533
684253,1533
728695,1533
374082,2296
299715,897
485582,610
412943,1090
485591,1090
600151,3709
527964,1050
548111,1050
582717,16492
524964,11000
379714,366
404839,366
449496,366
527698,366
545647,940
458586,331
471474,331
514514,331
548635,331
524925,681
531413,150
412542,714
609649,605
532776,415
483974,27
282421,1108
237499,237
477979,306
342012,1090
361086,468
339335,385
172143,1085
429987,294
673492,294
664128,29228
279634,2381
451880,3205
623142,653
292356,1091
401046,987
280239,475
361261,3205
617867,3205
667754,3205
702361,3205
504148,631
434223,1123
703470,873
565822,31
548188,13
455327,3336
33031,60949
82471,60949
331672,605
91315,698
165341,1194
314253,3008
258878,164
199527,1035
469860,405
503749,405
73482,405
421424,180
444211,180
465606,1148
120186,1010
346472,1010
396165,1010
504966,1010
533083,1010
626724,1010
324223,1031
357658,989
365770,989
293168,1003
322089,543
433183,281
284854,150
536081,3329
243779,2995
352898,2995
315843,19
21905,252
564305,416
108484,276
187962,6418
309841,358
225452,641
314288,641
186704,2288
158703,350
214928,350
288259,350
34349,350
57079,350
611650,873
165793,31
371814,31
406560,31
503680,31
554251,31
88684,1005
3455,5
448920,1091
314862,683
470790,683
507223,683
99362,9
88683,252
236886,2423
196792,294
453096,3336
107662,415
399543,40
344599,1160
126699,347
450417,347
648021,1085
82281,3329
344519,7378
512913,2995
346478,148
45671,873
42938,4603
631223,16795
409106,3709
309980,472
723416,2969
168471,995
735700,618
504107,2457
681831,2457
73491,405
398402,989
265078,430
497291,1025
162038,714
235931,1005
85825,130
215089,398
82070,6195
89325,60949
293569,698
484390,762
149446,2722
48859,5
579206,2722
62832,3999
464528,1091
457537,6418
665392,683
120205,33
498237,1075
392744,200
79045,200
258618,2293
424015,124
567150,124
85352,89
145866,533
84435,86
93827,38
260655,167
283001,167
418560,16
504215,16
112935,3
188157,1533
396340,13
505674,13
139434,366
433049,368
353567,7378
360514,317
257808,306
593415,306
283528,1010
337800,148
232418,1123
82863,1123
7825,405
10143,19789
103674,3205
138741,3205
159839,3205
167042,3205
70176,3205
120976,370
423666,3021
71226,1191
92545,1191
196229,2759
251485,2759
151213,511
344525,511
562256,987
567115,2999
594092,2999
186290,2553
483385,2553
50286,2553
535490,2553
495441,1241
234795,2760
387153,371
331087,3026
344107,465
382686,465
425713,465
69651,6418
120785,1245
377243,28643
511802,475
538874,601
264046,157
423436,44
159239,127
131102,940
331511,131
342385,150
341272,237
312731,1301
323379,3329
321182,1426
503987,383
177866,468
317593,468
110668,1268
189053,1268
298240,1268
425872,1268
460939,235
31867,2381
103284,10484
211325,449
265879,10484
375856,10484
387143,10484
131709,833
339432,833
373916,141
437392,141
195274,1467
48634,589
620072,589
34453,19
486624,1025
96754,276
200651,265
327126,265
109197,520
183836,520
284856,520
354482,58
440953,58
502288,1184
564785,1184
63047,126
70754,126
75890,820
415085,3892
313399,1228
394688,1090
60317,1090
311440,331
408471,142
192735,6195
244260,1241
196227,43
369424,2759
146020,4603
254981,4603
270930,4603
259881,2441
182722,610
508639,610
487469,720
268946,366
340853,366
373683,366
251680,12321
627294,1050
290788,1010
470128,1010
504542,1010
646997,1010
725703,1010
609361,940
455181,367
274347,13
280575,3
433976,1268
458734,200
274466,2832
187047,19
460848,2861
86916,1039
146805,667
568702,347
14746,2759
611650,2999
102423,714
288318,714
251896,16795
282722,131
227352,235
376675,235
444380,468
204201,3205
351718,3205
168161,10484
191407,10484
201248,10484
616891,10484
190831,1184
294814,157
475188,1003
128909,350
245537,762
337321,988
315110,1041
46405,415
55282,1041
117793,43
484215,43
132207,370
243541,3709
265136,3336
598399,3336
94768,1269
339332,317
655902,141
78590,1467
196524,589
88374,589
98536,589
14086,46
392717,520
31131,601
57110,6418
179860,336
303599,1301
206544,1519
379548,621
290801,2578
503795,379
129586,172
59866,46
69633,46
358177,142
606447,995
327757,44
605184,33
342220,2457
388581,2457
204111,3057
413112,162
569598,162
81460,1160
478346,969
649016,1421
396516,1416
120070,903
227618,903
317032,465
282076,124
284020,124
391132,2578
293385,23826
145115,38
40074,24
455661,86
130365,1049
50355,940
651205,7378
210348,499
146844,1283
454576,234
77966,234
102660,468
457729,1269
513332,202
182201,405
283628,379
186368,762
50174,762
333014,350
240306,985
256977,543
139607,449
217863,2293
92180,2293
203854,126
340524,126
146752,130
68306,1390
282810,12
398163,12
182891,1184
314137,1184
323403,520
253842,2861
269817,3999
79423,3999
364240,417
403568,371
282144,82
111961,368
46110,1108
114060,331
126716,1050
364603,331
190185,2995
271498,2995
137313,3336
367468,979
523850,979
155158,306
172202,1426
86784,383
284165,148
238809,10484
251029,868
282734,868
306330,10484
387160,868
67655,868
129513,2832
187860,2832
58295,2381
68275,2381
115607,19789
215686,19789
59333,3205
699005,3205
380350,430
587458,430
34198,252
381950,5
539134,5
105892,2722
44059,2722
272261,1005
284724,1005
88909,1005
178469,2282
79503,29228
291222,3508
401836,3508
42748,3508
203608,6676
91885,6418
52746,3060
133078,833
52262,833
165895,6195
28356,995
188930,1420
296356,1420
277179,23826
52059,38
119296,16
203655,683
283223,683
340918,31
347481,31
382555,31
433180,31
470606,31
485583,31
487417,31
541231,31
554250,31
565420,31
252986,988
463617,415
538974,415
135208,417
315283,1421
187847,2969
131480,969
99352,40
428745,370
236995,43
258188,987
126687,276
146310,79
401578,15
280730,27
293281,533
605893,533
77108,48
236956,1050
416490,2441
75442,1082
436585,1304
483916,385
111063,868
123500,868
333004,19789
372201,868
205940,58
336382,58
73734,273
466910,995
655143,995
364239,1160
564545,15
88721,39
578392,533
358870,127
329723,16795
263183,1244
18900,366
553062,2424
157036,294
696598,3329
411502,2457
207006,499
361081,202
58602,11282
16922,114
157507,800
198116,276
287876,1038
328264,1245
364370,475
408839,1245
396841,2861
132764,987
387579,1192
696631,2578
47184,4603
580747,618
627463,969
373939,1421
238486,940
156722,7179
292775,7179
345345,1301
9413,7378
377641,2425
91948,2381
141796,10484
15185,589
77835,589
126673,252
264116,1390
293721,2575
443544,2575
160217,3060
333098,653
54996,653
623090,653
89473,60949
105565,1268
134657,1268
649452,354
178219,132
182573,265
422763,3057
262895,1435
131303,3426
143101,3426
191895,3426
271773,3426
33781,3426
545332,190
72943,3426
573979,1085
282520,1426
260806,1416
361065,583
517894,44
187530,237
145918,2423
333166,7179
373300,2423
61588,1268
341051,180
292366,2861
585339,601
470790,4603
484367,4603
656441,1082
610083,621
537382,1244
108315,5818
44726,5817
178926,173
546712,206
694974,173
229031,1177
293279,1177
39524,1177
524590,1177
538633,2457
58965,2457
258021,3336
251345,403
93758,200
85324,405
291397,2381
37398,449
315753,11282
234880,19
184894,430
239941,6574
253664,369
316422,865
342389,865
46007,865
62680,865
62121,985
658531,2778
689634,2414
314875,379
429915,2282
162812,31614
377468,496
340376,1075
520624,1041
240408,127
606603,2999
81831,1241
86916,3
95732,131
188838,3368
495629,1049
423609,1283
540333,202
293569,1132
224256,449
33873,5
464446,1025
197078,2740
222079,2740
293253,10690
317467,10690
404848,6993
34193,3999
606530,2553
646782,82
248330,3709
211331,173
237436,5724
345584,5817
422941,5817
746695,2778
315852,1085
564544,1075
589646,7378
246044,200
519731,610
233113,868
383294,48332
576022,48332
58427,48332
92567,48332
273663,60551
274058,60551
315236,2477
426805,2477
427100,2477
620368,2477
111556,16239
168292,16239
277777,16239
296366,16239
537844,660
99863,16239
229320,23611
370399,23611
373941,18105
375659,18105
375955,18105
400719,23611
402874,23611
524964,23611
142924,157
448471,2414
321370,126
9509,465
415646,543
480457,202
176412,60551
118303,2696
166683,14589
177350,2696
213846,14589
448981,2696
85574,2696
307300,475
342039,60
710860,2425
323602,1304
400550,385
170927,36
39247,126
533318,6993
470830,2477
271482,18303
325420,18303
396536,18303
531967,18105
297752,11127
42109,11127
523315,2410
281917,121
300538,121
464259,232
220650,3725
273945,3725
293829,1083
382535,3725
323788,29228
748023,29228
106862,465
320271,331
660979,2414
243633,3336
443263,2420
258138,868
674612,19789
383565,23611
537854,660
288721,16704
452326,16704
492556,28095
567023,28095
159718,2698
248931,41201
265648,2698
301037,41201
318426,2698
325993,2698
348425,41201
416704,2698
599203,2698
379181,41231
89086,41231
170471,3999
450427,265
584548,2441
651842,2441
370889,5817
127031,2423
293746,1020
324351,350
422947,1053
610400,190
663347,1053
554389,683
202659,10690
248454,10690
387928,60551
404847,2477
58945,2477
87893,2477
318468,1186
48864,5724
610336,16795
650104,1420
307807,1421
296378,60
521964,33
81796,237
302991,3709
420243,610
534033,1237
179985,41201
288710,58
308436,23611
205503,1244
112336,173
433181,631
571743,631
81789,1038
214243,11127
425462,3725
244271,60551
503619,19
38802,1083
485657,1083
554173,148
271665,49364
398675,49364
751363,2740
740515,820
424121,232
267396,11127
601445,964
203510,3729
145981,41201
231724,41201
560956,2696
443752,533
448177,44
374283,127
164265,39
598577,15
528833,44
445939,82
482838,2778
406614,27
476915,533
340480,18
388513,16
514887,865
578920,173
602486,173
482107,369
282820,2420
504073,336
601883,336
544794,3336
491598,2503
588649,173
657957,173
520530,7378
537598,720
589374,1301
591726,3336
335002,2420
616341,336
487843,5
379961,127
37403,1108
8176,714
27300,1075
500091,114
227085,33
406609,33
198006,1533
37951,833
321096,18
550696,338
782612,7179
340322,180
547534,1123
130756,41231
561856,1083
596523,41231
666211,1083
685735,41231
685760,1083
685761,1083
685762,1083
685848,1083
685855,1083
743230,1083
743233,1083
745910,1083
787299,1083
787301,1083
787302,1083
787303,1083
787304,1083
787305,1083
578539,27
580195,27
284270,89
368860,18
351892,366
260681,3729
449385,3729
261502,1108
568158,1108
252755,350
574495,1038
461704,41201
598958,1132
44982,589
496270,1025
407841,1085
511522,2425
504148,1237
318707,2722
481834,1390
769063,237
480116,989
524481,12
726033,2740
451677,1091
384745,16
329814,82
553285,3
405687,23826
467426,23826
615636,1108
340870,940
789328,1244
536460,19
430489,232
665022,232
522030,2698
126360,3729
582343,1083
404912,121
72274,130
300447,11127
580560,681
594926,681
614157,3336
346562,506
581140,336
616344,336
151205,2457
112988,11
390163,6574
431698,800
282724,1049
539154,1075
657387,1075
685807,2503
67252,1003
730893,873
339051,36
263911,3729
621436,3729
209315,41201
176573,7179
538063,276
392500,1038
48560,2698
575407,14589
621150,14589
623340,14589
590690,366
588020,36
528235,2696
623375,2696
546295,41201
505463,338
86931,2740
464307,2503
315212,19789
337725,430
457778,3329
374882,126
465279,410
519825,16704
601446,121
425028,1108
330780,3729
351729,3729
405564,3368
661053,29
480975,36
537488,1025
430485,16704
570508,11127
476626,2696
293956,833
427107,2423
690924,7179
791528,7179
309393,800
357992,800
432092,800
401736,2457
537602,720
318435,14589
520074,232
363541,366
505194,1003
487834,46
451252,121
468002,379
459655,276
459452,1390
459953,6574
445631,3368
611198,3368
242301,237
634131,331
646747,237
696655,1301
420808,1003
540271,820
312895,16704
410226,720
624942,398
251447,3336
371345,3336
550550,294
455016,3725
476274,3725
494954,14589
501252,28095
623315,28095
515249,932
672449,2995
727082,589
657430,1075
298580,820
291657,868
605037,868
647097,868
177032,11282
45214,11282
145025,2832
558727,36
622861,36
667392,36
425713,1123
563306,1123
484389,762
258482,276
435406,2722
498043,2722
543736,2722
459504,1390
451154,430
530552,1025
365451,506
407265,506
238537,1038
42744,416
459128,5
430503,800
363178,506
386755,506
438682,12
502821,12
111426,1519
128285,1519
14574,2578
225744,1519
281807,1519
326585,1519
382553,1519
396548,1519
482493,1519
62163,1519
62170,1519
652633,1519
200956,2553
225393,903
238468,903
333545,2553
360661,903
526873,2553
567129,903
119574,465
125746,465
128895,465
132203,465
209587,1241
276764,1241
342047,1241
490970,465
559806,370
56100,124
487829,430
550116,1005
562287,416
6442,416
617170,410
151213,2999
272955,2999
399340,2999
124577,987
216270,987
262545,2759
287051,2759
385635,2759
387355,987
425865,987
554365,2759
548470,985
449585,67241
397030,45913
389078,15
362570,964
37838,964
282727,131
374016,2999
422425,2999
797358,2999
235360,1241
125698,1519
372776,987
440371,1519
449019,1519
243856,124
461883,124
475441,465
694355,465
92983,124
106675,41201
183436,1083
25035,41201
49788,41201
58515,41201
82201,41201
104700,3719
131444,3719
178957,3719
188650,3719
213692,3719
230946,3719
260229,3719
308541,3719
489815,3719
56637,3719
605534,3719
608469,2410
31952,172
612880,172
649035,2282
120306,29228
290537,1096
347625,29228
370522,29228
371145,29228
415383,29228
452584,1096
52746,1096
536519,29228
556865,29228
656441,29228
740529,29228
129580,520
182816,3057
377219,3057
477460,520
506948,520
569845,520
640735,3057
248658,371
379603,2553
584213,41231
74081,41231
211727,3725
58971,3725
485658,28095
110660,157
405397,475
540990,475
110668,3508
317806,1184
493003,1184
551085,1184
65781,3508
338651,354
511802,354
250138,601
369159,28643
407347,28643
526469,28643
537467,28643
706625,601
256488,11127
396273,121
400713,121
101531,1245
110082,2727
190146,2727
208542,1245
217776,2727
22372,2727
286005,1245
310131,2727
316406,2727
41125,2727
412513,2727
52811,2727
564489,2727
712086,2727
740615,1245
77829,2727
78507,2727
80188,1245
104414,41274
110797,41274
129585,2861
164902,41274
167265,2861
202380,41274
235274,41274
240778,2861
245228,41274
247882,41274
346290,2861
357701,41274
368891,2861
42178,41274
46715,41274
606849,2861
80442,41274
89628,41274
93862,41274
173580,1519
167316,2698
231387,2698
290774,2698
381067,932
614464,932
128660,3609
144559,3609
221119,3609
234868,3609
267356,3609
282644,3609
319452,3609
343773,3609
372535,964
443778,3609
449581,3609
456182,3609
47004,3609
55295,3609
78716,3609
98556,3609
141350,124
280409,2578
522227,2578
747681,2578
265592,2553
126337,3725
275512,41231
292837,3719
318468,41231
462988,3719
61959,3719
73783,41231
315557,28095
110356,2999
257729,2553
344581,1519
49560,2759
186337,987
542338,1083
344565,932
117802,11127
131323,11127
170485,2727
249568,2727
260841,2727
460648,2727
481640,2727
719654,2727
140808,157
193033,157
251302,157
461595,2861
105695,1241
240457,1241
518021,1241
182891,520
183383,1096
234193,1096
473201,1096
182420,41274
348229,41274
357608,41274
564326,1245
137313,475
294730,58
312239,58
70212,3729
124774,159
270901,159
401604,255
117989,22220
118044,22220
198773,22220
9800,6131
195906,371
257937,28095
217686,11127
244133,3609
394980,3725
316934,121
601500,1083
638365,67107
670812,37029
166086,282
226410,1044
293746,370
242273,995
460654,40
558709,995
230409,23611
470265,23611
34987,1082
361093,1082
361914,273
442891,273
533738,1082
546880,273
318507,1420
336828,2969
342877,1420
365770,2969
497175,2969
536482,2969
606531,2553
403572,2759
67375,465
193883,1519
281552,3725
488849,3725
448890,41201
365394,2698
59187,2698
427572,3609
196860,157
339943,520
148809,2727
183538,172
23966,2727
282897,2727
358042,28643
83951,28643
289095,10690
347270,10690
404851,10690
430190,10690
537860,16239
606952,10690
748936,10690
341486,6993
343622,6993
537851,6993
537854,6993
145115,1421
292808,1421
386047,162
126557,826
20463,826
220878,826
272549,826
27490,826
290017,417
313094,417
318520,826
344869,826
354726,826
365108,417
418659,417
44686,826
458715,417
474800,826
500689,417
531949,826
543387,826
56818,417
730581,826
74297,826
770895,826
167342,1158
189744,1158
238626,1158
23960,1158
358509,667
386057,1158
388165,1158
412671,1158
428954,1158
442552,1158
524986,1158
56794,1158
633992,1158
190786,1160
229006,3911
282250,1160
323872,1160
410185,3911
445517,3911
555076,3911
737781,3911
342216,1241
91315,370
333802,932
334495,41274
503740,29228
660319,29228
70778,29228
123279,49364
155964,60551
166563,49364
168041,49364
177276,60551
241700,49364
28179,49364
319165,49364
343537,60551
358956,49364
366723,60551
375180,49364
379977,49364
380554,49364
38297,49364
53258,49364
568915,49364
58402,49364
717411,60551
107803,48726
115133,2740
117481,48726
176409,48726
289487,48726
316945,48726
321417,2740
343151,48726
349107,48726
359678,48726
365195,48726
427668,48726
432658,48726
498899,48726
522577,48726
58072,48726
730126,48726
82599,48726
91479,2740
38340,41231
568318,41201
170576,3719
445784,3719
687059,3719
324321,114
79612,1091
86930,114
95152,114
167863,32832
157391,3609
362575,1083
344299,2410
310132,58065
152962,3690
179745,1124
585013,3690
381714,2696
300110,3714
485657,1186
521611,3733
398721,14589
425749,14589
282364,43502
153190,170
376445,11194
90725,11194
143039,7769
293210,419
80161,419
158594,12346
225961,8818
204487,2782
456898,3900
123543,1180
535537,1167
263380,429
422355,501
166753,11107
396936,5849
535469,40812
167791,208
227347,208
229817,208
55409,208
256669,163
135217,678
236895,678
541601,678
198513,1059
217274,1059
129236,195
73333,195
524826,10695
355367,11344
465858,11344
412638,7087
397486,301
353826,238
384461,238
683571,5084
265033,2784
551505,2784
278796,2969
392777,2969
314288,58
247915,969
270541,273
627464,969
174694,417
482769,417
114935,2553
655177,2553
425283,1241
251838,465
456355,2999
492556,232
535949,3719
511401,520
434226,29228
294807,2727
401938,28643
34495,1245
418896,13017
768149,65424
95682,74872
485963,244
575998,244
388160,1421
568696,347
182875,995
670847,1420
259025,1158
358515,618
469669,618
569385,618
51730,903
35934,932
500067,2410
563692,2410
290261,157
359247,354
188914,41274
387944,41274
469718,1184
461657,29109
606248,29109
752691,29109
523965,1894
166630,826
538045,583
585959,583
384060,1041
353948,44
93763,44
249552,1245
659089,338
470815,39
503160,39
139503,36
157175,126
163053,36
196524,36
196655,126
20137,36
282513,126
387160,126
45121,126
64016,126
107525,605
114282,605
179467,605
206563,605
227015,605
262117,605
295755,3999
609648,605
75413,605
13258,4603
170672,4603
181501,4603
206843,1091
331672,4603
584562,4603
668502,4603
94348,4603
96464,4603
181337,5817
315291,5817
620313,618
340328,969
119269,371
345760,371
466765,371
161484,465
43243,465
592491,903
248395,306
371936,306
391780,403
406614,306
576682,403
593837,306
673344,403
81775,403
187507,234
318549,234
538057,1269
82410,234
205760,317
242063,317
292356,317
309944,317
451576,317
519731,317
524033,317
591361,317
202591,23826
292246,23826
153555,89
207597,89
388198,89
41323,89
72792,89
94201,89
363223,2861
198967,18105
297008,18105
320953,18105
329055,18105
348768,18105
370399,48332
448783,18105
460644,18105
539441,48332
553772,18105
771917,18105
91358,48332
101304,60551
381430,23611
491960,23611
550696,23611
94928,23611
479999,873
149716,931
157490,931
186186,931
186901,931
226973,931
243589,931
343052,11
435338,11
52769,11
131505,399
158764,399
173900,399
183334,399
296986,399
328784,399
351749,399
410708,399
46220,399
534700,399
542586,399
67420,399
123682,762
148262,762
346018,762
434224,82
535551,82
193859,86
344830,86
353826,167
38410,167
57845,167
78339,167
321070,18
123021,11282
124422,2381
251930,2381
28140,2381
338794,11282
392810,2381
397090,11282
469787,11282
514120,11282
104509,2832
121404,141
167042,2832
194205,2832
208848,141
209574,141
21369,141
117518,6646
155597,6646
186862,6646
196158,6646
230014,19789
248763,19789
282560,6646
345195,6646
38360,6646
42050,6646
44059,6646
569777,6646
600222,19789
61575,6646
641264,6646
73480,6646
75640,6646
95280,19789
160512,1467
190941,833
227639,1467
322873,1467
45214,833
480705,1467
53602,833
64308,1467
667563,1467
70176,833
381714,41231
97541,41231
183510,3719
213846,3719
214715,11127
150948,1533
199299,1533
277137,940
523977,940
131275,2687
148355,2687
162027,2687
162652,2687
169497,331
18644,2687
213670,331
225462,2687
246204,2687
247366,2687
254037,2687
281755,2687
290533,2687
311044,2687
336747,2687
435500,2687
67089,2687
89733,2687
281404,16795
281989,16795
455349,621
68033,24
118302,6418
125870,653
136645,653
207573,6418
300309,6418
390124,653
4391,653
504592,653
554393,6418
56761,6418
623640,653
90797,6418
175639,826
346314,1158
130365,583
126552,1420
170544,3911
229695,2969
238639,3911
263183,2969
804934,2969
568701,347
591914,347
346546,162
395234,995
82009,162
116636,1426
192985,1283
234850,1426
326997,1426
409513,1283
49867,1426
60312,1426
134631,1304
205023,1304
235230,1268
246044,1268
263553,1268
289651,1268
314974,1268
315762,1304
361121,1268
428502,1268
450195,1268
527966,1268
591362,1304
123520,468
151494,468
186282,468
23553,468
255748,468
559328,468
602105,610
111275,383
147051,383
250450,202
295624,202
317593,202
429983,202
4360,202
196793,499
241486,235
261071,235
283233,499
30670,235
325924,235
335516,499
368887,499
410859,235
416802,235
422158,235
451297,235
571743,499
604813,235
64352,235
150711,601
272539,520
457728,58
478198,520
396841,1096
427197,3508
53270,10690
186769,61825
268697,61825
381815,61825
39253,61825
448867,61825
467244,61825
468735,61825
498899,61825
537847,61825
570743,61825
58016,61825
58150,61825
58403,61825
632674,61825
651388,61825
177267,49364
379677,49364
436379,2740
515669,49364
126422,29
127187,29
167799,148
171679,148
88103,29
110864,984
113036,984
183299,984
225984,984
251912,984
262226,1003
314366,984
342048,984
351755,984
401320,984
67421,984
242086,15
215864,533
498862,533
120296,60
329373,60
335457,60
277607,254
93637,254
193004,79
193534,79
257814,79
369567,79
386786,79
431561,79
60394,79
612826,79
618425,79
53116,35
123527,39722
127074,39722
157058,39722
171261,39722
196900,39722
293661,39722
315337,868
34937,39722
375856,868
423609,868
534435,868
627443,39722
68211,39722
81563,39722
87444,39722
134277,10484
385906,10484
515639,10484
191987,449
370834,114
373191,449
522851,114
103621,589
132014,820
31095,589
35530,820
59333,820
89086,232
296513,2698
40423,150
598608,1108
89297,1108
422460,3368
455181,3368
188838,366
247652,366
60890,366
201861,5358
223073,5358
251876,5358
340867,5358
361254,5358
383153,5358
405398,1050
44069,5358
51474,5358
57522,5358
59561,1050
74869,1050
79642,5358
107523,265
147078,265
228885,265
243783,265
289117,6676
361238,6676
393839,6676
635802,6676
118413,60949
124223,60949
160514,3060
184309,3060
198866,60949
237893,60949
277772,60949
334082,60949
376860,60949
451311,60949
496767,60949
51541,3060
523318,60949
610570,60949
85357,3060
321851,2414
464598,2414
523965,2414
671847,5724
256186,369
266615,1053
283231,369
337799,1053
522788,1053
527347,1053
61336,369
569663,206
174488,190
381187,173
78590,190
100986,16
581678,16
627226,16
232463,1557
409514,1184
170527,631
309400,631
335721,1237
43530,1237
137745,543
487469,543
147038,10
152317,10
185164,10
189073,10
216804,10
240274,10
334221,10
358504,10
377387,10
511246,10
519414,10
78147,10
85000,10
85941,10
199938,7775
205551,7775
259943,7775
262608,7775
265648,7775
288924,7775
39784,7775
468244,7775
46897,7775
52480,7775
53543,7775
55605,6890
573981,6890
61892,6890
62049,7775
622067,6890
74643,7775
87299,7775
97925,7775
213265,443
220441,443
241389,443
249271,443
254290,443
527467,443
610431,443
88257,443
321239,294
43250,294
515208,294
546543,294
104503,3719
570909,3719
599421,3719
613665,3719
88610,3719
590914,583
249747,6131
231354,159
596522,11127
113235,2698
561883,2698
217652,41201
396400,6992
225632,53646
25821,4482
522327,53629
484992,618
594992,618
57825,16795
114680,801
496745,801
486926,4772
439459,669
351072,653
419660,653
315252,121
314678,5
397033,5
82281,2425
59908,48332
502239,3057
549966,3057
213555,239
230845,239
333161,26
353032,26
392091,29109
509234,1160
702441,1041
181547,33
192565,27
627939,172
693906,41274
165975,19789
515744,16704
196095,294
222805,3329
258364,3329
282654,3329
337805,3329
415646,3329
441477,3329
631589,3329
640837,3329
118317,2457
182722,2420
239972,2420
324803,2420
328480,2420
344395,2420
348267,2457
348425,2457
375378,2457
4188,2420
451801,2420
467623,2420
494177,2420
52513,2457
76090,2457
197981,48325
306131,48325
216815,200
27805,200
288449,200
399997,200
345194,1091
724039,1091
33947,683
354742,6676
60573,683
654539,273
182893,826
276895,826
406734,1241
509713,1519
187105,10
275423,10
285951,10
334186,10
52530,10
36182,89
147573,3
232418,3
185245,44
338032,44
284769,60
540302,79
768384,79
548650,157
595028,29228
666545,29228
101031,2727
513646,2727
194975,28643
128813,18105
332144,49364
383198,16239
59115,49364
120629,931
170934,931
206746,931
75067,399
288255,985
273033,820
274802,2293
354173,2293
46252,2293
90959,2293
99047,2293
345105,589
110858,449
198589,449
271335,833
47659,833
592360,449
112648,3205
124902,11282
14221,3205
166725,3205
263546,3205
327402,11282
37091,3205
395523,3205
672933,3205
67570,3205
263860,1049
699704,940
251106,3709
284727,331
459463,3709
206947,1533
349599,1050
204347,982
288415,2503
290551,982
314944,2503
316760,982
358143,2503
36350,2503
367468,2503
371503,982
392770,2503
435489,982
454321,2503
478940,2503
504104,2503
568216,2503
583520,982
585264,982
743769,982
84491,982
193830,1075
307058,720
371245,1075
377641,1075
544784,720
58267,1075
225873,416
336125,416
57280,430
157507,276
272261,276
290032,276
391498,276
470794,276
65278,12
231378,1090
412935,1269
564448,499
56836,468
578804,468
576314,306
293351,1283
556749,1283
133838,2441
226006,2441
370863,6418
415679,2441
79522,244
322655,417
639758,618
127182,1158
80036,1158
486477,1245
225569,354
390179,1184
409511,3057
467243,660
146725,48726
162783,48726
284608,48726
312799,48726
501612,48726
540186,48726
85969,48726
632675,61825
60444,31
396174,1132
146795,762
105362,39722
174344,2381
292496,39722
50774,39722
26721,6646
168156,6890
409106,141
291758,10484
306330,126
77964,126
358115,366
37403,366
429901,150
127108,1108
252667,2687
366930,5358
39151,2687
52403,5358
531829,5358
67808,5358
7668,2687
35518,681
537762,418
603940,418
625651,681
211345,2423
308371,2423
324891,1301
394328,1301
537296,2423
113504,4294
138350,4294
176906,4294
193081,4294
232577,4294
306668,4294
327911,979
373374,4294
415645,4294
437566,4294
510635,4294
512127,4294
531916,4294
564544,979
593208,979
595008,4294
59823,4294
647129,4294
674798,979
72776,4294
124548,7179
155395,7179
225151,7179
340864,7179
426666,2425
124769,4083
149829,252
163582,4083
169841,4083
173859,252
205940,252
210983,4083
216118,4083
309393,252
315862,252
33218,4083
405399,4083
40633,252
449151,4083
549791,4083
61637,4083
61751,4083
66736,4083
74448,4083
332697,506
431755,506
540941,1038
199258,6195
401923,6195
119031,6574
295183,1390
357176,1390
386455,1390
392569,1390
171376,443
543499,610
315129,1268
412954,1268
443752,1268
132214,234
439914,403
497176,403
549954,1304
204487,3999
464529,653
464535,3999
589899,3999
623214,605
475412,520
111873,405
324358,405
341317,350
392771,350
425334,405
177476,281
398184,281
505653,543
107665,36
303140,36
306462,36
249062,7378
255928,2995
262002,7378
284701,7378
340557,7378
344392,2995
387378,2995
644158,2995
33571,1025
394346,1025
234183,2414
462829,1053
307052,409
451276,409
157672,62
387110,62
295613,48726
337198,48726
658244,33734
388042,238
396333,114
258898,11194
40204,148
487688,16795
284020,257
354587,2441
465715,257
58970,2441
129386,336
44062,336
461943,336
553875,336
186233,3899
557610,1082
416380,24
145840,601
148550,6646
181410,6646
24316,6646
282615,6890
478365,1075
645423,2423
374212,317
412940,202
527964,202
78818,317
496601,618
538977,273
211637,347
295313,89
238407,23826
21175,33
335003,86
195246,79
123683,10
324344,3
683571,3
346499,28643
237623,475
469211,475
432094,61825
792844,61825
49755,1132
146509,984
29241,631
263628,39722
292545,39722
45511,39722
197402,7775
296919,10484
319679,7775
391192,7775
427605,7775
306382,19789
406675,449
591375,449
98131,19789
25412,5358
298983,5358
102146,1531
184779,1531
203516,1531
207922,1531
225593,1531
255892,1531
277533,1531
29178,1531
326416,1531
330352,1531
334222,1531
339816,1531
281319,2503
51118,2503
740273,2503
181783,1301
348769,1301
349826,1301
462738,7179
170481,398
266795,398
287579,430
37666,46
398073,46
46156,46
130394,4171
146752,4171
149446,4171
163489,4171
238977,4171
241923,4171
25488,1038
338637,4171
37295,4171
46552,4171
55801,4171
56762,4171
73943,4171
88680,4171
98888,4171
171399,416
262939,800
373899,416
386914,800
152962,28095
685742,41231
412941,1269
505652,1269
564449,499
160668,1091
364240,1091
507310,1091
420884,683
535834,162
569383,162
149551,1158
206912,1420
255220,3911
540664,40
444725,1160
814725,1160
285323,60
502298,2282
20003,29228
35813,1245
167863,18105
216579,16239
755175,49364
610849,281
392763,399
231572,543
131694,2381
251078,868
287635,868
315208,868
342098,868
60004,868
99186,868
239733,126
170463,36
182201,36
352718,2293
58405,2293
44352,13
412669,131
44162,131
683840,131
230541,1533
284884,368
60410,368
205569,3368
228761,331
481084,366
205116,2424
225165,2424
425939,2424
432958,2424
467486,2424
522412,2424
617445,2424
278404,2995
290391,336
298410,2995
344519,2995
44699,336
269467,4294
552534,4294
358177,2425
84511,2420
268178,4083
270901,4083
314965,4083
346567,252
362842,506
371371,12
110338,3522
198087,3522
240244,3522
241076,3522
281900,3522
288480,3522
303219,3522
392538,3522
587458,3522
624548,3522
67639,3522
79045,3522
83877,3522
96806,3522
241477,410
340151,276
44948,410
472161,410
53536,410
567217,276
583790,3725
240941,3609
283585,3609
366751,3609
465858,3609
651139,3609
547354,1268
354136,235
358032,235
237244,1304
112091,2671
125769,2671
182682,2671
195704,2671
242661,2671
286533,2671
494679,2671
655626,2671
72195,2671
194641,653
342253,653
51166,653
345772,2441
332527,173
379877,443
443855,2861
340950,31
39102,589
258135,3329
374090,3329
424043,3329
599847,2457
606872,3329
591949,1025
126625,265
323740,265
532444,265
403692,369
610427,2778
131996,405
371003,3709
705991,157
274484,1531
286841,1531
783434,1533
189452,5358
235412,366
165873,4171
21151,4171
355915,800
16873,3522
256361,3522
353796,3522
84467,3522
623251,58065
271635,49364
411027,49364
572309,49364
341485,6993
341490,61825
58389,61825
58945,61825
58946,61825
767384,61825
206889,48726
606743,48726
404838,48332
649029,48332
570267,18105
747315,18105
747316,18105
752040,18105
775824,18105
821516,18105
821534,18105
821535,18105
821536,18105
821538,18105
821539,18105
212432,408
398809,408
441264,862
340260,2921
357992,2921
708868,2921
549791,5621
203966,380
84442,380
36884,1386
163048,4084
392545,4084
158704,2687
225015,2687
284342,2687
335216,621
349856,3368
85093,383
282429,148
426620,336
110689,1519
344905,2999
173491,89
384553,39
421726,89
129236,868
364861,449
416089,979
516127,979
287863,1038
469858,306
685145,5724
170929,826
807128,618
107775,33
528833,23826
597004,23826
546213,24
193900,3
74856,10
120443,15
232320,79
415912,79
348756,520
369267,475
147043,28643
52112,28643
376082,60551
316125,631
442531,631
111195,1237
258004,281
596446,399
291266,126
80161,126
33952,36
79893,6646
80205,6646
139607,1467
225335,19789
330876,19789
341649,19789
60709,19789
415525,2424
522091,2424
562601,7179
578737,7179
667121,1075
424042,410
394400,28095
281883,3729
684299,1533
169249,1531
607164,499
146143,1426
342165,1268
34556,1426
361207,317
247672,6676
357162,162
569366,162
448632,1421
274958,2969
352126,2759
327251,82
196829,58
581106,58
33862,157
490224,41274
460591,10690
553056,18303
131978,405
157672,379
341647,1003
261988,984
236490,931
349701,931
406040,931
353775,7775
655898,11282
166753,10484
40995,833
299232,820
73741,114
74687,820
329723,3329
602036,3329
711338,3329
574949,2457
295169,4294
54781,294
189047,7378
438202,336
549006,336
475410,1390
54928,1390
59340,4171
287700,398
230826,3522
297645,3522
422355,5
432092,3522
232093,3719
55336,3719
131444,3725
105506,1083
338425,621
361104,131
424784,16795
57935,2687
99559,2687
634427,940
116471,1090
367992,1090
160222,234
361070,403
420219,403
369962,383
403690,865
111041,605
164580,441
176298,441
182685,441
190513,441
19638,441
212430,441
237923,441
242637,441
262953,441
393451,441
537474,4603
57110,441
58312,441
69651,441
96818,441
640686,653
34283,3060
178838,3999
203608,3999
69576,3999
406924,5724
649287,5724
396936,2414
462819,2414
542684,2414
542842,1894
173040,173
265040,369
610403,369
627936,369
146693,443
290768,443
491391,443
34561,2778
415529,2778
462839,2778
564453,2778
658529,2778
345589,3426
587302,3426
190685,27
195778,27
336324,27
336869,27
343337,27
443710,27
45660,27
569033,27
129473,583
251813,1160
364135,583
456080,1160
162959,273
312862,273
486049,273
18900,40
344600,244
691316,244
340177,1421
395083,1158
399551,1421
538874,1158
579930,1158
709726,1421
230552,371
125850,1519
22728,2578
293761,2999
27969,1241
285283,2759
564048,2759
143891,82
392775,533
472243,79
330659,23826
279064,10
85660,10
684196,41274
370683,157
460845,354
825139,601
163724,3057
339332,2282
250416,18105
526578,660
620368,48726
269374,10690
217111,631
33713,180
413032,180
343475,29
230784,11
204049,868
231354,126
236537,126
342100,868
74641,126
16791,3205
81396,3205
149752,449
197170,449
216662,6890
182395,2293
36200,19789
91949,7179
198007,982
336735,982
249360,1301
159372,720
291399,720
302371,720
218067,4083
278531,4083
341092,506
394304,506
86079,4083
182618,6195
324282,800
238752,1038
256267,398
56810,1038
257988,403
45538,403
465606,317
124550,235
345586,1304
379168,1304
452068,235
112052,1090
96630,1426
318077,13
505673,3709
225961,41231
499721,964
166737,16704
187024,16704
55356,16704
134602,932
343175,28095
176618,3719
515056,232
515506,3719
59866,232
88615,3719
210988,2671
237641,60949
46062,60949
534617,2671
173405,605
267732,441
381913,441
104540,3060
439459,3060
205503,1420
232271,1420
420064,162
344888,667
444523,1041
88682,1041
102744,995
324351,618
339501,826
585959,826
361516,33
96167,24
128897,172
384280,172
306166,29228
345345,29228
242606,58
245893,58
292806,2727
551505,2727
565019,2727
198614,3508
232859,1096
288237,1096
429086,1096
294780,60551
404851,49364
825449,18303
825450,18303
791140,2740
475411,1003
202886,931
258878,931
258885,350
406560,350
211325,6646
282473,10484
157113,36
212832,36
235646,1467
364299,1467
121481,2832
148666,589
173750,2832
33639,2832
393217,589
226230,2995
357125,2423
323945,979
514297,979
654236,979
129505,3329
157036,3329
314970,4294
578685,4294
610335,3329
231614,294
290862,6574
298976,12
197929,3522
257751,3522
354814,3522
61253,430
241527,416
400485,1390
86784,416
129476,410
182889,130
322305,410
507486,130
268113,610
475949,306
93637,468
128907,1268
502561,499
63487,1268
124883,1283
315235,200
337670,202
460655,200
375885,383
379979,383
74842,383
176591,1108
184672,1531
282544,1531
32522,1531
349836,1531
90451,1531
524010,621
341272,1533
537382,1533
199369,5358
341227,150
188131,206
246063,5817
158810,1053
289643,1083
449721,1083
623557,3725
685756,1083
746479,1083
106675,3729
285868,3729
125760,41201
155423,41201
158594,41201
308256,3609
460625,653
230968,4603
495124,6676
524207,4603
153190,1091
198513,2441
274694,2441
726114,2441
411295,399
314183,984
36827,984
488362,984
289898,833
309980,833
77828,833
562030,2503
613437,2420
629567,2503
726697,2503
163639,276
176139,252
238981,252
315867,252
358166,252
36371,276
434676,276
702372,252
576027,6418
81349,6418
163568,273
141050,583
255755,985
54375,6890
318457,232
423897,232
520067,232
520073,232
699266,232
166275,28095
260316,28095
144559,49702
27017,3719
282364,3719
485961,3725
282625,3609
449575,3609
525477,3609
685938,3609
685939,3609
717600,3609
535949,14589
140576,41201
603416,41201
33480,441
428783,660
623325,660
623331,660
54906,46
344596,720
711337,720
357158,683
503679,31
255450,800
133734,197
357147,5
229604,1050
480763,1050
568157,1050
251303,413
525287,148
559794,148
221540,31614
321204,697
541749,601
352567,1531
610323,369
192774,2969
475413,2969
171374,987
270571,987
353032,44
467434,18
384879,2727
461582,23611
85177,873
48280,985
140082,39722
248219,141
258835,39722
535537,589
164817,982
358738,2423
203394,398
7825,398
739745,1426
593856,1283
277242,403
62920,150
232463,865
476142,16704
53286,265
353211,347
558139,618
520054,1421
798925,1421
326300,417
540665,40
144863,1241
296397,10
629566,3057
480975,10690
522327,48726
717394,48726
708241,6993
819493,6993
346482,180
141737,6646
697067,6646
333161,36
282726,3329
357161,2420
237000,979
466336,979
290530,4294
532040,4171
247377,410
373373,430
310458,276
552472,3522
569384,3522
339339,234
530298,234
353403,385
305956,2687
491693,16795
196435,366
202984,366
285775,5724
610442,190
67721,41201
300532,1083
651269,1083
297212,148
118287,114
441170,114
55282,5
138741,1386
487834,2919
315852,380
318707,1038
633377,1038
272638,409
360140,409
139396,683
222813,720
258018,683
568177,281
513330,404
361066,200
477249,200
315253,317
596158,317
139743,4171
331389,4171
389837,749
62713,749
286047,1390
241889,430
371013,276
644676,276
261056,130
287871,2921
42678,2921
430280,130
543727,130
604239,130
625202,130
287367,3522
353609,3522
435213,3522
435228,3522
210363,1005
293210,416
339707,410
430503,2655
407094,398
433976,338
406607,1304
458777,1304
250440,192
326329,133
340453,235
674261,235
110475,1268
340353,468
412953,468
44594,1283
536480,1283
75442,1075
205657,11
503770,11
391555,170
324957,144
501640,1090
566271,1090
179635,79
683895,1245
672802,6993
830079,6993
830080,6993
830081,6993
830083,6993
578391,543
51318,443
12589,43
184398,43
213847,43
361537,43
399258,903
59543,43
264956,995
375710,1519
186368,18
106872,39
187329,354
33866,354
683891,520
417242,338
290532,379
134580,4294
98547,2457
327755,385
473169,610
429790,317
564620,1269
550549,1108
46413,331
601852,16704
230166,1083
115447,441
192167,683
428012,441
68418,441
342252,2671
435288,4603
289587,347
209990,1041
465830,44
667914,58
737533,157
359678,18105
396402,18105
404847,61825
748940,48726
591193,29
75458,29
403151,1237
67063,1237
136834,3205
152733,126
314268,2420
397171,2420
265589,7378
255995,7179
596901,7179
335027,1304
575367,383
700680,383
702869,383
434602,681
148396,3709
235339,964
532676,121
555143,121
258011,605
324352,605
50477,605
524923,6418
31067,653
369384,601
260827,931
54984,36
554066,589
182108,2503
131709,5817
481679,265
406640,281
338070,31
616631,800
213692,3690
431724,2698
111995,4603
182579,368
258919,985
515015,190
564529,190
538569,12
578680,3057
464530,1091
568377,1090
140804,1096
400536,206
401732,206
340921,465
479942,465
21327,3
392156,89
432281,44
108587,1245
511168,1245
388313,61825
246241,1467
357148,3329
358165,130
466268,130
127189,13
51663,2687
630995,150
430579,5358
506965,2793
183284,358
473080,3008
283227,1020
245625,1198
534698,1198
428041,2577
342050,3688
286919,2454
719442,826
33781,162
395671,2969
240892,124
315202,868
59631,6890
655901,820
456898,982
273455,4294
556385,276
528652,383
503642,202
284872,16795
358981,16795
562058,16795
614195,16795
696883,16795
713632,16795
249747,1083
699265,1083
188862,121
623274,932
395797,2963
471368,1078
156764,1220
406556,3537
325105,1071
452019,1302
752778,5724
707381,2414
602487,173
790969,173
242750,5817
99100,865
430487,443
564530,369
579761,2778
58922,23611
574215,6993
838182,6993
485960,3911
136581,2999
51430,903
393512,86
467720,16
94771,10
343953,601
368624,2861
169757,28643
184917,28643
357656,1237
337516,6646
163086,800
200194,3522
241391,368
38681,16704
397030,964
42732,441
314912,1158
714460,370
372267,60
271816,354
372138,18105
771911,2740
787776,2740
256777,39722
58825,39722
45212,2293
570817,130
289507,1304
196227,1283
329812,366
579287,2778
455917,2727
382528,141
477938,141
617018,190
131324,28095
142532,2578
331505,131
351892,131
466809,131
519175,276
614742,130
482792,1025
234888,2441
551932,157
628645,12
580276,15
94922,238
175383,294
282823,148
581598,148
670883,148
543736,416
104543,1245
712107,3329
514218,7179
397676,3368
538998,583
464906,3
388029,33
678194,33
538996,27
789587,2740
397102,1132
410436,1132
655893,6890
539203,979
700933,979
345473,6574
557407,610
331514,2687
536533,2814
344015,1181
568693,347
708681,417
336679,3508
375718,2861
285998,41274
338422,10484
744172,10484
539252,2425
657791,2503
51058,4294
690608,982
150663,200
482826,468
503768,2454
293257,3054
234807,3008
586709,2671
361264,2381
268555,3205
225119,1301
539135,1301
163048,252
569658,369
580193,27
282028,172
537367,368
568559,506
320861,48332
737740,48332
775905,48332
450234,533
210178,11
222024,2999
177952,987
246291,399
727085,2293
564919,3329
421780,1025
556173,1025
397950,3522
562702,317
154819,403
430488,3368
841121,3709
416705,41201
576983,41201
685589,41201
236997,683
205465,347
587646,667
530965,2759
19114,33
346853,86
506948,1096
775902,60551
842894,60551
842898,60551
842904,60551
492316,2423
453704,5358
151205,4294
403080,41231
199179,6418
288005,6418
429874,16
221624,281
696324,31
645932,6890
515051,932
177475,60949
536455,12
581604,12
470597,11
547533,11
530157,15
538864,15
791173,417
811431,417
481623,294
617679,1075
585949,5
322770,371
229081,1096
376445,419
296340,533
808456,370
661805,903
392139,10
503855,172
469709,48726
129627,984
37920,984
576033,3205
400548,610
470394,610
538964,202
681345,26142
396537,17602
694239,17602
818285,23617
545520,1160
652638,1519
432089,800
390304,1025
616667,1025
398030,252
409517,383
514920,2778
343157,3999
105811,441
606604,5660
747967,5660
561745,940
157849,172
405679,2861
464067,58
38094,984
324341,7775
461836,5358
718201,5358
388519,331
505512,331
555500,331
311696,366
523972,366
531825,366
583510,366
587562,368
99352,1244
164292,648
286841,648
799936,1158
659542,969
563137,681
627290,1531
786438,1531
90800,1531
226073,13
388545,13
446106,13
398131,1049
569375,1049
623024,1049
412041,1050
627287,1050
290273,142
431475,24420
423443,3302
725201,49806
510385,1536
408895,50260
152460,200
463527,610
685642,369
799554,369
549039,2420
246335,3709
390688,3709
648812,3709
388512,2687
242299,1533
783429,1533
371021,12321
610336,367
203981,7077
345083,7077
465955,7077
451858,897
527972,11259
336729,630
494283,499
482102,206
511534,5716
318403,28095
645774,86
265625,24
652803,1184
91945,10484
353860,36
257369,2457
546527,276
183031,4083
662752,4083
539665,383
574671,162
345468,1237
465717,350
702988,820
299973,2424
594277,1268
146036,4603
465868,4603
624119,4603
135111,43
325104,43
637782,2420
655895,141
98428,1467
556870,1283
85864,89
296879,16
597000,23826
373714,826
591195,1041
847759,40
847772,1160
259151,903
187624,79
170927,42
371851,42
381753,86
391496,820
592473,987
679050,1245
451113,5660
71226,12886
592491,3804
349567,1090
457522,39722
657386,1075
815652,2503
121477,379
524285,44
251299,39
405689,39
257732,6195
535469,130
292357,6418
622830,10484
622831,10484
695141,2424
118330,60949
323422,60949
29390,3999
68441,3999
581701,366
251878,940
357628,940
429309,940
715650,3709
63494,1050
495666,417
193289,3205
252056,7775
292174,6646
73333,6646
77707,6646
96754,6646
99227,6646
176341,1467
369674,800
88909,3522
711638,150
428948,4542
618806,3368
396337,13
568148,13
819590,1531
162074,714
461512,683
409273,1049
419596,2687
490421,2687
45335,60949
537956,605
231471,3999
178469,1091
357158,3329
502661,2425
56183,7378
459322,405
486100,405
501156,405
503750,405
530223,405
575210,405
581670,405
626888,405
645686,405
646710,405
654173,405
654177,405
670846,405
698097,405
698637,405
731738,405
128899,873
57134,1158
205522,2553
208772,987
265513,465
795055,29228
251070,820
647950,141
264848,2420
476624,4171
591363,317
59594,1268
60744,1268
567576,762
565822,164
364827,984
61814,984
135213,1028
233141,3867
177952,641
197642,641
285033,1132
381156,1132
503683,1132
128898,1194
543164,1031
192875,1010
128904,1123
367284,990
406638,1123
73522,990
196139,603
203655,703
236510,603
255906,703
279455,603
152651,931
347138,1039
358948,1039
226049,2288
325443,2288
404384,512
178139,2805
293325,466
357656,466
425026,2805
396563,8933
512994,3016
614085,3016
341049,989
87789,2759
38978,475
56331,2282
96227,475
637273,7775
213555,2293
560958,2424
546176,6574
59596,234
45509,306
201135,1426
322061,1426
181375,610
718032,1108
484215,349
287431,698
27486,399
532178,399
559800,399
734375,399
316551,337
728734,148
312239,1237
535490,2802
651522,2802
203716,4603
94305,4603
220491,903
531461,371
699461,371
196158,39722
839596,36
201311,10484
285634,11282
616894,10484
284854,3709
405398,3709
655880,379
297013,2671
353559,499
387199,200
374213,1283
476755,1304
539132,5
405686,1237
201248,385
349567,1268
214346,1269
196815,269
371967,506
418571,506
464465,252
507479,252
298975,244
324957,306
265033,605
197857,3999
533239,3060
66117,3999
588866,58
258034,2425
517705,2425
192557,903
277782,903
123397,465
588747,167
13283,2861
450241,1184
360519,354
214300,28643
39083,28643
667903,3508
22614,984
312678,6890
128105,1467
170495,2293
341646,1467
176485,1075
197860,2995
491616,2503
159883,1038
258519,200
628492,1531
720532,1531
293388,366
809716,366
174915,1041
852998,618
578872,3911
106644,987
804040,41274
482072,520
498862,3057
208552,2727
707159,475
703720,126
114491,833
820663,833
163051,982
197613,3329
215122,3329
293607,3329
476701,3329
272638,252
68864,252
566936,6195
621965,130
340172,403
482145,317
618809,331
457620,2671
628331,1091
396334,1084
157848,39722
241457,10484
37398,39722
73480,39722
85834,39722
613725,36
164913,5
184894,1390
118847,39
49841,29228
44977,3205
633442,820
483063,449
91948,2293
262939,1531
220755,3054
507472,180
610665,180
703577,180
807318,180
156764,1241
572810,1241
483974,89
110822,520
155597,126
183233,7775
114791,833
636752,833
274373,306
4311,610
605184,294
628332,4603
534675,6676
114680,441
461717,2441
103444,683
39784,6418
554398,683
404839,418
495625,418
440953,3508
199299,11282
182079,868
479589,868
667401,6646
700998,130
486057,1435
256669,2671
446529,3060
572879,2671
655487,2671
617074,131
148396,58
191891,244
490426,162
423666,370
452019,987
661208,2759
315131,15
85906,39
574671,520
649019,601
4742,29228
339051,126
572132,6890
34572,5
210983,1268
441216,235
452084,1304
399357,2687
253738,4603
208379,1237
511550,1181
149237,703
61653,2288
66923,703
431422,379
487850,379
610706,379
620322,1041
429259,1184
211845,157
56872,2727
196860,172
224256,2832
540067,19789
103559,833
105892,6646
274466,833
364861,1467
166086,2293
98512,589
606067,1301
631278,2995
564700,7378
70359,979
126673,1025
111227,130
212432,1426
72462,317
412940,200
261504,1533
46205,6418
475188,1031
559263,931
245805,1035
663225,29
746554,29
483495,868
375857,10484
113192,3205
263380,36
242299,7179
291941,720
376441,2423
524315,2423
293281,58
357826,1269
594273,383
303254,5
216464,681
342212,1158
652672,1519
313719,2553
344588,2578
182446,601
371003,601
420890,475
94807,172
122155,543
400644,200
557410,499
711579,60949
126360,2671
432090,506
457674,506
564795,506
229857,3060
465606,141
95429,2832
197126,366
225077,1241
341710,33
227532,1245
541021,172
282560,3205
388042,3205
143039,126
358948,36
87479,126
110695,6890
619468,7775
89708,6890
316264,11
271966,984
172181,3329
445517,3329
550549,4294
58923,4294
324282,4171
322702,1269
235274,385
35872,4603
563095,4603
59957,4603
34944,605
146164,3
448854,3
45513,39722
291758,2381
388188,11282
222608,833
245027,1467
162571,449
124774,820
45389,4083
45653,398
397486,130
35564,410
131951,276
662703,1283
277607,1268
331514,1268
83946,1268
274347,2687
236956,3709
282694,940
91915,653
533060,2425
388160,370
390156,370
258883,371
28728,2553
703470,2553
462348,141
674612,6890
94199,6890
35664,36
17184,10484
465294,180
197981,2424
462837,2414
663424,5724
258898,443
511534,443
709726,443
90725,443
296378,65
484547,15
44713,105
20005,368
569367,244
364234,618
50512,618
605184,417
124577,2759
382096,2999
48226,987
467540,2578
203330,2381
221267,39722
672933,39722
94922,39722
437392,2293
333161,6646
187290,3205
284724,3205
141660,379
174094,405
91059,29
457728,190
114398,4603
309570,4603
81785,1091
451675,683
570064,6418
623059,6418
85352,449
331089,19789
398809,19789
106837,979
258018,3329
179860,1075
356099,1075
400548,2778
670103,2778
114530,441
257937,2441
623543,441
245078,44
29401,44
161658,601
404383,2424
85771,2424
203966,1301
211072,336
217274,1301
218353,1301
400831,2425
498235,982
126711,430
89086,430
216240,366
251848,1108
607225,1041
213847,987
392761,2553
292417,15
538971,79
88590,33
196139,39
387110,89
243188,167
314969,475
180167,28643
344830,2282
255916,141
38497,6646
128969,11
453824,931
165793,180
340329,762
394304,252
308279,416
618086,317
180843,1283
203981,1283
288259,1283
295414,16795
111053,265
55409,265
644032,265
178614,40
395251,3911
276914,124
578539,533
245228,157
216375,1096
371002,41274
292773,3205
322077,3205
127169,868
216608,2381
477938,833
137616,984
285845,984
176139,130
435648,130
162959,1390
400485,4083
265078,1049
85383,2687
234807,1053
167794,369
399997,678
400549,369
202925,5817
496745,5817
50577,443
568318,443
167105,190
118375,60949
34322,683
367255,605
251079,2832
420002,873
175188,1301
93795,940
63487,6418
288248,7378
379249,336
428041,987
395239,281
384461,1237
401604,1237
530732,1003
234183,5716
292366,678
222686,3999
55734,3999
174196,683
563963,180
283863,865
492489,173
623773,865
540060,265
284020,370
652632,987
567735,23611
624831,23611
728379,23611
740732,23611
350828,10690
461670,16239
295613,18105
392091,18105
450196,61825
461657,61825
606248,61825
91419,18105
9800,61825
361260,31
487474,720
607093,2425
579289,202
391719,16795
370889,3060
354352,667
290951,2969
224088,244
822458,244
157125,3057
60558,1096
62610,48332
343151,18303
467244,6993
623319,6993
355367,60551
376445,60551
287015,2740
419067,2740
91527,48726
337800,141
249446,833
559801,399
157484,2424
451858,2423
339327,1090
34784,306
243606,1426
256718,403
361083,403
371021,403
294321,1049
563812,1049
247909,1053
321884,369
77835,6418
342702,10
148231,820
345083,2687
56684,4603
811430,417
446247,28643
379980,1426
486043,467
42267,2282
536835,985
411662,294
450218,1096
452607,62
538977,533
241391,610
590914,3911
307052,10
477927,449
588171,449
649996,449
36884,2553
293726,2578
131553,48332
363063,61825
284739,820
671882,2424
167859,276
229004,13
573775,418
205004,232
687617,121
419930,124
846358,1519
339501,601
360140,58
533537,48726
779244,48726
95682,16239
313741,2740
461653,49364
863582,49364
149579,39722
213990,39722
274484,7775
87856,2832
640026,985
51191,4294
676318,1108
149577,932
179745,41201
404912,41201
431724,41201
449385,41201
449585,41201
520064,41201
623251,41201
64893,41201
82597,41201
256116,3690
80197,2410
229817,1083
287189,1083
412638,3725
224884,1091
392772,148
581683,148
511813,1003
731879,1075
617520,16704
123543,16239
335820,16239
775868,16239
98113,820
117989,3609
118044,3609
198773,3609
212258,41201
230929,41201
284847,41201
524826,41201
557612,40
740674,40
659521,583
429987,27
203854,48726
275287,2423
126341,41231
288240,3729
807648,995
309397,15
536475,3057
387191,475
73491,10484
657863,1132
183945,982
586853,1075
608469,4171
63531,1390
470391,410
542796,678
375668,2698
184922,16704
230845,11127
310132,11127
585013,11127
502247,2727
592351,2425
188915,1160
149540,39722
227347,1025
421769,800
278190,11127
455016,11127
634963,28095
670812,28095
91557,28095
427668,53629
576022,10690
290571,48332
297752,48332
567505,3999
216603,36
48867,206
594556,206
553905,33
364827,172
578791,370
719683,465
712857,6993
270905,3719
164254,3725
581294,2282
58051,61825
295429,49364
383198,49364
167791,1301
240897,1390
234523,416
468036,385
728020,5724
106783,41201
213016,41201
301949,41201
521611,41201
46478,48726
748939,48726
789583,48726
16058,11282
275159,2698
648579,443
514892,173
656695,173
801886,5817
800976,2778
485658,1083
605558,33
521997,61825
94923,49364
329813,29
358021,235
292717,3609
529870,964
607814,964
461882,1003
623570,350
475208,12
159692,28095
16756,28095
146918,16704
513257,41201
239962,5358
211389,1531
56067,1531
555837,1083
406806,2410
234124,62
172546,41201
486083,41231
652461,41201
332554,3719
448981,3719
512994,370
633652,370
752691,23611
670717,336
666977,234
707844,2727
524965,18105
49030,49364
35242,4294
203842,800
399780,3709
406734,3021
518021,3021
599592,1191
652633,1191
652672,1191
158938,1192
331087,1192
345758,1192
399262,1270
423757,1270
536535,2575
694355,2575
633655,3030
387579,2760
401046,2760
509028,2760
344581,3032
169566,2795
346643,2795
606531,3023
203405,43
203856,18105
659886,60551
844358,18105
280239,7378
651204,7378
60904,2451
346900,60
472242,33
193883,511
634666,465
694205,12886
450724,3030
354335,1241
652636,2553
536477,2969
707225,1420
649033,1421
696849,618
880330,667
203378,41274
377725,2457
549013,2420
473170,1268
710999,1268
778540,1268
361122,234
409514,1304
633657,8933
567123,3001
371147,6646
721953,6574
334477,41231
826377,19789
583970,2832
566931,583
618416,583
483046,27
503162,27
122383,2727
224691,157
537845,6993
623330,6993
882224,6993
882225,6993
882227,6993
696876,6646
391555,1304
355336,3709
308621,41201
432111,41201
804933,2969
378965,826
595169,826
755174,10690
775832,10690
647831,23611
120966,18105
401987,61825
25289,982
698047,2457
796259,833
646896,2410
568532,2503
350894,3026
51430,3026
342878,1420
680447,1420
499605,172
53116,1245
565434,172
884849,2740
73582,370
804817,826
50818,520
648971,520
347804,49364
495621,418
195488,1531
69660,331
615430,1467
543197,868
525299,418
809639,3709
887142,2740
746427,3609
747454,3725
659543,273
711999,273
572919,79
339323,49364
264431,2832
844373,18105
361514,833
709187,621
618531,2441
638235,3368
250007,338
889438,2740
640556,1269
395242,1421
479648,506
647484,12
485586,306
667526,39722
594561,982
669219,979
550108,12
363424,79
669000,1041
471897,33
596881,33
811332,833
820661,833
746740,350
649020,347
721746,1160
862880,1160
631821,338
892025,48332
837005,10690
892052,10690
892053,10690
892054,18303
795201,6993
892049,48726
574215,2740
863203,61825
562049,12
636093,940
711976,273
354259,2832
625812,1467
524195,2293
583189,985
283141,33
471901,44
699442,1025
818878,1025
214243,2696
14555,281
579207,2995
237297,979
574569,44
570160,33
341102,868
635993,868
652426,11282
860073,11282
521956,10484
607253,126
735861,6890
587726,2832
299839,6646
787027,833
820647,833
869934,6646
869935,833
876532,833
876831,833
433325,449
203986,2293
209240,2293
568535,543
694926,2457
613781,130
595937,1090
412937,383
497252,202
594227,202
424330,468
892221,940
235347,1083
686059,11127
555135,964
655456,964
747205,964
818888,1025
43084,399
638649,350
659459,405
665390,405
657385,1075
461939,336
647098,336
882772,2687
401639,167
605222,44
337092,82
569288,24
388516,23826
554395,33
504825,4083
623040,252
543729,130
371150,40
654414,618
783799,618
854973,2969
894205,2969
842425,969
528888,931
607224,985
640245,985
708868,4171
167796,1025
613539,398
238947,3522
487828,410
127217,276
315289,279
439497,3258
482836,540
57303,540
160668,496
290405,48325
333383,496
748382,496
308439,501
364938,501
418559,501
539677,501
449345,37914
572097,2481
490297,8031
18829,10482
465408,10482
183841,419
374954,419
387106,419
451282,37169
383294,8047
649261,5084
425918,1443
374418,759
153440,33783
623740,9211
123021,419
61380,419
362977,255
875208,8780
403692,865
699783,865
93315,865
622461,932
230985,1184
381963,1184
497663,1184
503883,2282
632088,2282
743395,2282
104918,1063
166460,1063
196126,1063
202570,1063
357917,1063
410897,1063
457979,1063
528451,1063
542525,1063
589139,1063
631704,1063
658534,2778
658536,2778
674054,2778
718318,1063
192985,5724
222686,443
523947,443
693985,443
165825,190
335209,190
346551,190
388465,1053
22860,678
346549,678
441986,678
544931,206
71701,678
114680,1177
221916,1177
293326,1177
490760,5817
542762,1177
587298,1177
92248,1177
239934,170
519514,371
569632,865
662932,371
308265,7769
127573,383
138736,141
159908,141
175792,383
333640,383
237658,452
237666,452
339829,683
543529,683
429551,301
74996,605
75102,605
178314,41231
329629,41231
370287,41231
510782,41231
350398,4529
454863,4529
515613,4529
112948,941
129592,157
167798,157
287578,76
375877,157
418561,76
469976,157
95604,157
554284,324
199221,687
223367,687
321647,61
554565,447
236590,370
721470,1109
247213,7964
579294,1059
666580,1059
678100,1059
62945,119
77248,4772
185028,713
242854,713
345408,713
365540,2740
390638,26
410649,26
496857,26
245023,429
372267,234
583404,234
42942,2441
59950,2441
148550,2381
191829,2381
212642,2381
56518,2381
187103,1101
479019,1101
482802,903
540516,903
295810,40812
508371,195
671657,2423
194005,144
230552,121
267396,1083
285548,121
300538,1083
727569,1083
502452,3057
620598,3057
269365,18105
58606,18105
755327,6993
130756,7378
226155,7378
315561,1053
345647,1053
383638,865
486078,865
166737,3729
456182,3729
46635,3729
51897,2698
214257,3719
322077,3719
148376,3508
182446,3508
261546,3508
268713,3508
502245,3508
52811,3508
615350,2727
160380,2715
174285,601
191182,2715
272640,2715
272704,2715
316709,2715
336370,601
340343,2715
345654,601
366045,2715
463133,2715
463601,2715
481116,2715
535706,2715
598399,2715
643528,2715
293247,172
296340,2861
392761,2861
415383,172
476527,2861
491296,172
613964,172
848509,172
166584,26459
227199,26459
294188,26459
321165,26459
382895,26459
39637,26459
688714,26459
860701,26459
108866,49364
216579,49364
273236,660
320247,49364
515208,660
551695,660
581405,49364
59022,49364
86931,49364
284883,2424
290530,2424
345061,2424
355496,2424
375039,2424
429987,7179
631112,2424
98547,2424
197880,6912
198484,6912
238367,6912
270055,6912
291939,6912
371245,6912
45243,6912
461937,6912
548658,6912
590302,6912
77832,6912
557012,2457
573907,2457
681827,2457
718643,2457
834258,2457
406766,3329
416089,3329
58965,3329
698259,678
358422,1063
572402,206
207519,3725
267382,2696
284843,2696
288240,3725
375667,3725
376228,2696
393858,2696
393864,2696
395659,2696
404912,3725
421045,2696
447101,2696
448983,2696
457743,3725
462988,2696
524826,3725
568318,2696
323710,28095
449575,28095
535968,28095
623274,2410
70114,2410
911400,28095
185245,16704
220650,16704
366751,11127
381067,11127
673998,11127
338636,1245
585711,1245
112930,58
148365,3948
193592,58
216375,3948
24484,58
253765,58
257987,3948
260829,3948
289648,3948
338668,3948
339314,3948
366930,58
400131,3948
409153,3948
435808,3948
533158,3948
57534,3948
575594,3948
72736,3948
78570,3948
147043,1096
268122,354
420884,354
452238,354
460378,1096
627358,1096
663581,354
838813,1096
422377,475
453376,157
169260,55686
201284,55686
213974,55686
353252,48726
381430,48726
385416,55686
464619,55686
497221,55686
537852,55686
59136,55686
59290,55686
59446,55686
702561,48726
86466,55686
90769,55686
213984,16239
244904,6992
376226,16239
396411,6992
404838,6992
461670,6992
470831,16239
539436,16239
539441,6992
59442,16239
596235,16239
61779,16239
626475,6992
631819,6992
631821,6992
695310,6992
723621,6992
748838,6992
787776,6992
343492,18303
395069,18303
404846,10690
463845,18303
94924,10690
276030,979
468332,979
175600,8024
182720,8024
290250,8024
33549,8024
343289,8024
380478,8024
410183,8024
530032,8024
565232,8024
64371,8024
126964,1465
138651,1465
294817,1465
314942,1465
364406,1465
448470,1465
498529,1465
564890,1465
586855,1465
597087,1465
690273,1465
695454,1465
741033,1465
820252,1465
226141,1301
267433,1301
336756,1301
396443,1301
426624,1301
513346,1301
818247,2503
818252,2503
400174,5817
468036,443
146468,49702
214246,49702
24912,49702
304617,49702
334481,49702
343749,49702
441098,49702
458387,49702
582074,49702
70074,49702
73854,49702
248934,60551
366729,60551
370399,60551
49016,60551
396342,2420
606160,2420
637802,3345
645588,2420
696506,2420
249552,520
340177,41274
379315,520
418553,520
425784,41274
470796,520
554393,41274
590835,865
757272,371
541537,141
248054,452
811544,43502
698548,159
271335,605
230140,687
107544,370
652275,190
213268,234
340921,903
157387,678
127679,2441
292365,2423
421046,2696
516751,2696
265763,2861
498899,48332
184992,2995
290346,2995
336735,2995
367468,2995
398324,2995
617679,2424
139336,1075
906329,1075
103278,2715
806792,2715
912111,520
201625,61825
427341,61825
476770,61825
539738,61825
562484,61825
59908,61825
699842,61825
819493,61825
59076,6992
14641,511
193881,511
196869,511
211973,511
220496,465
238288,511
244256,465
268119,465
28990,511
347666,511
379449,511
396540,511
396561,511
43858,511
60781,465
77715,465
258987,371
399369,43
489463,371
78961,43
156941,124
319162,1241
363227,1241
382096,1241
485729,124
151213,2759
203784,2759
398073,583
49499,583
536482,583
810096,583
675278,678
408563,443
422721,1177
296963,49702
450168,49702
555172,3719
853239,157
95755,1096
371141,2282
690478,3948
248936,48726
167556,338
307053,26459
395579,26459
37428,1519
633655,1519
159894,987
277135,987
332342,987
380026,987
257456,1465
289432,3329
344399,1465
376484,1465
817665,3329
817676,3329
372015,2423
158380,7056
398252,8024
359210,2420
479636,7378
567497,7378
455068,5817
419119,10690
195778,162
375137,162
511401,162
81396,7769
524403,2481
72768,1091
85825,1091
149729,294
329723,294
334802,62
544149,62
285064,3733
455014,3243
480424,3733
282630,3691
431724,67241
598479,37029
685589,37029
40204,371
469787,141
475413,141
52119,141
386126,2381
668048,2381
298583,26
59145,234
148751,449
33481,449
38593,449
646782,413
435648,58
296741,499
400550,499
463613,499
250464,1063
258049,1063
400532,1177
412932,162
557613,995
578872,162
325429,55686
678503,6992
206386,932
181773,6912
357158,336
481513,6912
524929,6912
526111,6912
203460,281
344605,1003
365172,1003
40611,1003
124884,3911
131827,3911
618472,1041
193256,1095
212804,1095
234802,1095
274484,1095
277635,1095
283127,1095
325223,1095
508941,1095
649452,1095
68718,1095
730126,1095
917120,1095
467434,475
749552,3508
733431,41274
161204,65
170517,65
171209,65
183780,65
247661,65
310662,65
388363,65
392131,65
411287,65
518505,65
536472,65
596813,65
644771,15
198008,23826
451276,23826
473169,23826
666234,23826
717345,23826
118397,10
317740,10
340521,10
477109,10
257814,16
326029,16
251302,167
522245,167
569349,167
111266,80
121686,80
154396,80
190289,80
232144,80
245744,80
280575,80
289182,80
334207,80
40792,80
41458,80
467563,80
63489,80
79967,80
353892,79
102572,48726
321146,6993
726016,6993
432658,18303
81649,18303
45184,16704
532574,49702
169511,3729
167264,43
129554,610
25520,610
164913,294
364244,979
384741,1301
581121,1075
291402,8024
426666,1465
475407,1465
237436,206
387745,206
277236,5724
149579,3524
198709,3524
203761,3524
221151,3524
306191,3524
327863,3524
379869,3524
594991,3524
596901,40
646733,3524
688707,3524
72121,3524
91473,3524
815359,347
341647,244
341705,244
347913,244
465830,244
466809,244
495666,244
549815,969
624920,969
650350,969
842341,969
170934,417
330659,417
370791,417
395083,1421
495667,417
532775,417
739769,1421
239743,826
263236,826
282250,273
332560,826
572326,826
730581,273
746695,273
391720,1158
823231,1158
27389,667
385817,667
906192,2715
251303,1096
329519,1096
502239,1096
600481,1096
125754,2727
592403,172
823584,2861
16922,44
261905,44
46104,44
168989,39
240274,39
314398,39
344069,39
160929,3
236981,3
249570,33
159844,24
323831,24
513245,24
117432,89
124410,89
187491,89
452222,12456
79377,89
94771,89
338629,82
599203,121
449345,3719
166260,511
468264,511
228879,2759
226151,1241
429249,987
258135,2457
335380,2457
520662,720
683498,3329
181113,7179
335461,7179
451317,2423
504073,7179
523364,7179
268606,4795
318204,533
443710,533
504153,18
460934,5716
221958,294
776798,62
488296,1002
250573,31614
610428,865
495845,10480
319165,61825
746180,12065
346314,631
626913,1050
80293,1050
278985,2995
836546,2995
595238,234
683620,234
228042,449
74641,449
387928,1091
22913,1059
344649,499
164693,5724
187188,1435
25118,1435
256718,306
258335,1435
313729,1435
322073,1435
340791,1435
369552,1435
369554,1435
406091,1435
410854,1435
443222,1435
448257,1435
587335,306
627750,306
85904,1435
125314,1148
148367,1148
251664,1148
262749,1148
270171,1148
328658,1148
335721,11
339556,1148
372240,1148
381967,11
404584,1148
413039,1148
421637,1148
442248,1148
462832,1148
535955,11
344695,27
804547,1158
255638,55686
143029,3709
199369,3709
353032,1049
502676,1049
67082,3709
119557,114
149446,126
170838,114
236952,126
573981,126
99186,126
236997,2420
466336,1465
203842,3522
292772,3522
344072,3522
372809,3522
567217,3522
556385,410
85528,410
324377,430
486031,430
181768,252
199953,252
338672,252
459658,252
160431,235
192611,235
324503,1090
345590,235
361122,235
38003,235
441216,1090
56523,235
718303,1090
224256,1304
290555,1304
168787,385
187809,385
202788,317
247380,385
258362,385
276002,385
321204,317
324344,317
342702,317
41355,317
432852,385
495963,385
511454,385
53696,317
645173,317
16120,467
205128,467
241378,467
274640,467
289404,467
296227,467
320265,467
34784,467
406632,467
485587,467
489929,467
491292,467
541134,467
547499,467
555719,467
490307,1237
260827,873
392757,873
250426,180
292417,29
318523,180
503981,180
61842,29
249994,543
412669,543
99331,1003
374139,399
401173,985
258916,1123
291739,1123
295630,1123
377393,1123
393325,1123
423744,1123
134294,405
14086,405
321247,405
387626,405
448854,1010
44983,1010
459463,1010
74943,1010
422355,24
186477,80
168543,89
361065,15
136181,65
196084,65
284769,79
36898,65
296397,167
284010,10
294534,10
485706,1082
352392,667
254284,2861
706622,2715
502289,601
244911,16239
340383,61825
204155,49702
295065,1108
364237,1108
59016,418
126751,237
166677,237
234811,150
251876,237
331498,237
339820,237
51510,237
155423,2687
34870,3368
454238,2687
495625,2687
295622,714
311489,714
42920,714
544106,714
92947,714
93936,331
105653,2832
129236,2832
146844,6646
168337,6646
189151,2832
190941,2832
239733,2832
291760,2832
293903,6646
326843,6646
447221,2832
73457,6646
113052,2375
11530,3205
141737,2375
152733,3205
170767,2375
177031,3205
182079,3205
182711,3205
187309,2375
241007,2375
257785,3205
260330,2375
294767,3205
348425,3205
392487,2375
450108,2375
58602,3205
58660,2375
61856,2375
66953,2375
100399,10484
110686,7775
126687,10484
189640,10484
193612,10484
230921,10484
251029,7775
259025,10484
287578,7775
293998,7775
355370,7775
393243,7775
496357,7775
672803,7775
77707,7775
85213,10484
88721,10484
520463,8024
584630,8024
476701,336
68275,6912
71830,6912
551752,2722
312862,1390
354909,1390
68864,1390
389837,276
398808,276
550106,276
282954,678
124863,133
160361,133
166326,202
195359,133
212191,133
213671,133
243744,133
250030,133
258511,133
288233,133
315233,133
358032,202
371461,133
410735,133
435821,133
503640,202
79194,133
240752,1269
315254,1269
460845,1269
536521,499
538966,1269
64352,1269
163724,468
312493,468
420213,200
523318,200
596148,200
142208,403
223367,234
239044,403
367981,403
436064,234
584452,403
355915,148
279009,44
287188,3
204072,1041
395234,1420
593482,1420
711996,273
801734,273
351843,1095
422715,3524
536507,1095
798404,3524
804708,1095
314944,40
397171,40
538998,40
506009,347
47713,969
805908,1421
412041,520
548254,3057
260672,3729
601454,3729
70220,3729
461701,932
167850,131
466794,131
466805,131
476344,131
625654,681
144128,940
255901,13
341110,940
448628,940
111630,368
283489,367
289272,367
341264,367
362086,367
517753,367
525578,367
560483,367
628886,368
85295,367
94308,368
110660,1467
168163,589
315291,589
336974,1467
351792,1467
44834,589
503035,589
52281,589
118022,3840
127160,3840
136184,3840
186172,3840
19041,3840
244285,3840
353775,3840
364567,3840
371021,3840
45146,3840
462772,3840
80059,36
100160,11282
182323,6890
204180,6890
237125,11282
356099,11282
70412,11282
83560,6890
426213,979
479643,3329
498686,7378
697818,2424
171159,749
183841,749
192638,749
240934,749
265078,749
278531,749
286047,749
297645,749
387234,749
390177,749
435228,749
467992,749
543771,749
102984,607
197470,607
200188,607
204987,607
216599,607
239099,607
287875,607
309944,607
323929,607
377665,607
406042,607
438961,607
446491,607
670096,607
205940,416
686530,3719
119235,16795
203043,1531
27486,1531
524000,621
625014,621
204189,11688
248271,11688
262609,11688
295810,141
313359,11688
338226,11688
373191,11688
456449,11688
98131,11688
203412,449
468244,19789
649266,19789
735978,19789
860255,19789
860256,19789
204049,2293
291750,2293
73846,2293
98512,2293
67886,1301
696656,1301
182936,2503
374889,2503
450173,2503
562030,4083
205054,380
241527,380
298635,380
386552,380
407885,380
45581,380
472161,380
50617,380
616631,380
67556,380
73090,380
84766,380
247377,1025
41384,1025
439292,1025
542462,22110
599634,23297
729432,74867
775824,74867
860701,74867
91425,53646
289472,39097
495917,21903
606743,74869
62515,63007
674411,65423
190190,29109
417235,32036
737740,30697
775905,30697
45333,371
193469,1096
41982,1096
535282,1096
380415,683
64000,683
285323,273
361575,89
861410,36
403572,124
358166,12
439072,12
45026,12
79110,449
589737,122
112008,234
244192,148
537382,148
403808,413
464373,865
462086,467
475959,23826
569366,79
290551,2861
365451,3057
226014,55686
265542,3840
34453,3840
432958,1075
481628,8024
486813,306
566911,235
451282,133
342046,405
635336,1010
91059,1010
204294,1148
388165,1148
433186,1123
159088,15
524285,18
190284,60
473050,60
148967,80
343959,80
60957,80
147359,65
192300,65
226073,1082
392770,1082
132553,2727
329630,2727
738720,2715
200616,60551
296366,60551
726038,48726
467250,660
403315,964
503998,11127
51733,1241
688673,987
88257,987
378463,237
627294,237
89297,237
335225,714
355861,1050
179184,114
439343,2832
66515,114
86926,2832
204201,11688
364861,11688
118841,2375
228940,11282
426734,2375
518943,2375
71662,2375
33793,126
39247,6646
134983,749
193867,749
197745,749
200056,398
65278,398
126414,46
25508,252
28396,46
321528,46
640109,46
242359,800
336960,800
340879,800
459655,800
186848,2424
350398,5817
387378,190
360517,1063
582131,317
284248,89
181778,1041
270411,3524
57370,1041
548650,995
721746,1095
225744,41274
748506,172
294723,48332
717198,6993
264063,16239
383325,338
442319,49702
866001,1083
182587,511
28953,511
503782,2759
41131,1519
282700,3368
240360,367
440653,2293
503482,36
403834,1467
432960,1467
136133,380
287600,380
392966,380
12359,607
21972,607
331726,12
265088,506
340524,6912
557939,7179
585264,7378
211796,1301
369258,2778
319160,3709
361254,368
87469,331
170927,7775
294091,7775
422951,141
521127,7775
182688,449
130365,5
182906,5
82442,5
344474,2503
367652,2503
424881,27
467437,27
307924,409
395163,75506
380761,2741
174694,683
376588,159
711969,273
451403,89
244260,124
591880,234
313944,1090
433984,1090
411537,385
64506,385
592400,601
396532,6992
496706,2698
382535,932
539065,932
704545,49702
354741,714
88490,714
166683,1108
245893,1108
481084,1049
503991,1049
203330,126
376211,3840
387160,2293
227081,46
241923,276
431698,276
135747,607
250153,607
412513,607
413605,607
504209,607
291941,2457
400831,2457
111039,44
532776,15
309393,10
533295,10
260655,80
384553,3
428189,3
111828,40
409344,417
319859,1148
533916,1148
484551,1237
507700,1123
588744,317
326329,1435
546926,1435
393241,403
495752,475
690993,475
244221,3948
260416,3948
481198,41274
612065,172
615326,1245
461666,49364
808943,55686
344015,43
289843,987
186399,940
238407,681
91849,368
283223,6646
44402,114
538864,6646
163053,3205
60799,11282
63342,11282
315865,749
538974,3522
769063,398
228433,720
561217,8024
581121,8024
243879,3329
612496,3329
628223,3329
177859,2503
387110,2503
514888,865
400535,173
399551,443
464446,190
697401,443
148826,5817
541628,1177
387106,273
413118,347
412829,1158
28003,583
393239,1421
60558,667
371436,1010
46001,1010
503795,1010
164770,985
538963,1304
590775,306
337725,58
339943,1184
323713,2727
237669,3508
338680,3508
353584,26459
195628,2759
484387,370
362977,371
517894,13
646740,131
177065,2687
206947,367
136834,11688
429551,141
291816,2375
700119,2375
121985,6195
553757,252
258482,1390
366278,294
627228,1075
854606,7378
514897,1053
315156,5817
460934,5817
42694,1063
514889,1063
701055,1063
541601,1177
188338,443
308256,443
187103,1177
362108,1082
460245,1158
766412,1158
276895,2861
357072,2282
363223,2282
564489,2282
203855,18303
269374,18303
106987,27
282144,16
345468,167
94137,89
392163,60
269878,39
146258,65
153555,65
196095,82
243856,65
303259,82
93081,65
286415,244
372711,244
203504,3524
315858,583
391192,3524
616341,583
618415,583
331560,11
427568,11
451677,1123
621993,1123
284857,1237
391005,1148
148928,631
344152,873
476344,148
566723,873
406040,1003
8198,985
293200,379
292246,543
50174,1010
214346,317
361081,1269
574385,610
251848,1435
436063,1435
501640,133
766810,133
395421,1090
404384,520
473201,3508
182201,1096
393975,55686
293231,3725
332554,3725
522145,964
98547,964
369267,232
203961,2696
268112,932
290774,2696
431708,932
535974,932
203869,2759
329812,371
341049,371
317032,511
424008,1241
258506,987
272539,370
79620,2578
192077,1519
268606,1519
337787,465
402770,465
557149,237
668183,621
192009,367
256429,367
241457,6646
324804,6646
388820,6646
39333,6646
396908,3840
406609,114
44162,114
184816,2293
280730,430
318077,430
360518,800
38607,749
346567,506
354361,6195
74230,336
334557,1075
357156,1075
186368,294
240578,2423
603149,2423
113045,265
187299,441
238084,265
260741,441
262861,265
280080,441
336104,441
375856,265
408958,265
436916,265
562825,441
123258,6418
212430,6418
251846,6676
298313,6418
328609,6418
466847,6676
554403,6418
59337,6676
99691,6418
403673,678
491890,5724
579565,190
374954,24
386914,24
445939,79
588020,79
154578,80
371142,44
692734,44
182916,826
230140,40
315125,40
656441,40
353399,3911
569384,3911
649035,3911
780147,3911
26485,1041
378953,667
118278,1095
122116,347
60540,969
704156,969
876034,969
122797,417
182889,995
181378,273
315145,1421
798927,1421
319301,399
295780,468
566043,385
82281,385
369103,403
477476,403
258513,202
282169,202
369653,202
464599,306
504849,3948
153440,157
371150,172
193130,601
236956,2727
355689,2727
591193,3057
729814,2715
396536,6992
539436,6992
117481,16239
470833,6993
362667,41231
208934,43
170472,1049
640428,418
182923,449
146164,36
307924,36
317454,36
169873,6890
315208,1467
35249,6890
173491,126
253316,126
271787,126
531332,126
75471,126
124715,252
181382,252
197473,1390
238752,1390
287700,252
357992,1390
54935,1390
283735,398
296422,5
334835,398
84765,1038
131731,3522
268178,3522
459661,3522
528833,410
546880,410
595809,410
129588,416
22068,380
240786,380
346561,380
392538,416
544149,416
158380,2457
443338,2457
85953,2457
295414,3329
344869,3329
404383,3329
577590,3329
281437,2424
148955,2503
124673,553
126413,553
129212,553
159718,2441
182682,553
238856,553
25732,553
258618,553
268093,553
296225,553
318520,2441
323589,553
376860,553
40014,553
451311,553
52397,553
55619,2441
597931,553
68033,2441
77547,2441
126796,60949
207571,60949
210988,3999
284876,60949
325454,60949
339896,3999
435605,3999
46728,3999
471638,60949
522669,3999
630032,60949
79286,3999
95673,60949
103381,683
173589,3060
184299,3060
195704,3060
231712,3060
233264,3060
245023,3060
401604,683
58489,3060
64363,3060
666924,683
149354,2671
209649,1091
295744,2671
330060,1091
332973,2671
496767,2671
52791,2671
430034,173
80197,29
303140,41274
86916,475
746180,16704
334481,11127
342389,2698
568318,2698
604073,2698
142031,1531
189453,3709
268670,1531
494880,3709
73185,1531
120443,16795
122155,150
191217,150
367464,16795
291110,589
303939,2832
199470,11688
335725,11688
358143,11282
146752,276
282388,276
243783,1465
396161,7179
487421,7179
524925,7179
560903,1465
9335,1465
106837,8024
314137,8024
112948,605
170471,653
183397,653
211325,605
290951,605
292356,653
331672,653
334157,653
344393,605
470422,653
81455,605
245078,294
402733,368
636688,131
72522,131
659813,15
157509,379
515613,206
525287,383
361068,44
474701,399
520947,2687
572132,19789
293169,416
416386,6574
139173,7378
333098,553
589646,605
69609,553
403808,10
33873,29
234781,1132
357119,31
257805,1123
361260,1123
52059,1148
457736,385
511401,306
593410,202
235274,235
687626,41274
751977,48332
667980,16704
448880,28095
81831,2578
399162,43
480883,1108
357162,3709
39152,367
55215,1531
88590,3368
114491,10484
275935,449
51894,114
234124,3840
294100,3840
295024,3840
368891,1025
554297,3329
383774,2424
692381,5751
532536,17602
706699,17602
530965,3491
780506,3491
282721,3524
340460,1095
65256,1269
317806,234
315283,1304
182424,1096
403692,601
65318,237
678194,237
173900,1049
243725,3205
308278,3522
393804,607
540827,3522
375383,1465
401534,1465
13121,441
339543,441
455337,6676
124774,3060
216489,6418
354775,6418
93935,16795
397225,6195
297648,7179
577455,403
258475,367
315211,589
409515,6646
158022,2381
37216,2375
481623,2420
3466,22110
543051,1420
463620,995
513031,237
461629,141
178400,1467
493702,749
364133,5
188613,49702
866756,3725
673114,121
358956,4482
725356,18303
88879,26459
552628,3329
569662,5817
599663,5817
599879,865
353959,6676
49993,6418
286392,3999
339331,133
128969,681
414680,11688
498529,36
628558,1038
555146,2410
375659,61825
58972,55686
229081,2503
341535,2995
836336,2995
899867,678
514894,1177
23523,206
790245,206
423960,553
609651,60949
735412,3060
730126,2727
341549,114
655899,114
624690,18
597659,399
533662,405
236471,1010
258364,467
492313,467
371980,200
179634,475
718756,932
342472,1241
249471,1108
482836,3522
659225,2778
272278,79
41541,80
607226,273
288426,306
490386,1184
66736,58
316884,237
488626,331
634431,681
471004,1025
147045,60949
726465,3999
333355,2441
369111,5572
662131,449
392771,607
133668,2671
155025,720
234850,371
120629,379
847022,202
335062,979
443331,80
617074,23826
400546,79
470594,79
469050,1132
423609,1269
351071,385
583920,2861
624883,2740
399257,2578
61380,3205
620477,506
292174,8024
96189,60949
124223,441
451906,39
806310,347
281319,40
282199,1095
554251,1095
228975,1041
342152,133
649303,232
449151,5
579294,3522
896154,2671
353271,6418
56324,553
146799,265
406640,82
503881,82
53437,89
610431,79
548348,60
659518,162
745200,162
344596,631
121257,399
503980,399
340325,234
210921,306
339151,1304
740159,520
729781,48332
234286,18105
655456,121
451306,1519
614085,1519
87667,1241
421780,380
658530,2778
157501,40
876631,667
891379,667
51118,1095
361074,1090
523998,467
170646,368
608531,367
547985,749
37834,252
482107,416
203981,60949
193593,653
483916,2441
684519,2441
170895,683
563749,11282
228444,607
30690,607
439497,371
652803,1096
610430,443
926954,2778
560110,55686
568559,1038
313830,252
668276,23826
60577,1010
501769,1083
110866,1241
127032,1050
378293,714
552549,6574
652634,23692
747967,12886
424019,3804
704270,1158
361256,36
295331,410
571604,800
568333,1390
479646,1465
223977,6912
623048,6418
329813,336
554396,2671
536477,200
577394,724
494283,3892
469082,404
872380,12
584231,3243
501767,1083
566046,1083
107775,89
61989,80
522084,3
741292,15
221955,26459
934034,60949
276853,1435
612024,1435
43113,467
587333,1228
249513,681
343175,10690
430475,235
333516,10
453704,1148
379807,180
438689,1304
724520,131
76445,2375
392767,720
596837,3028
610440,190
799986,1177
383109,1123
531957,399
527838,621
193158,61825
631222,16795
332250,60949
504090,294
203895,452
337333,379
708265,1041
557459,82
376856,1148
168166,3948
697149,2375
365544,2454
542690,289
223225,3371
532464,2814
624948,3371
536533,1042
425713,358
285283,1074
406634,991
346482,1198
788445,15
111433,380
491693,410
198873,607
410436,1035
547534,991
750886,79
520857,18
524290,533
306222,11688
792331,190
261611,443
648886,1158
804884,826
594993,3524
85393,1025
543311,1053
508637,23826
720936,932
205657,2727
330871,6890
50413,2375
568005,1237
140032,385
293754,1435
519651,1435
91251,1435
685819,2715
391127,2578
383804,2457
426212,2457
596204,2457
798687,8024
829949,8024
509247,3020
532283,3016
677937,3016
907302,3021
361537,2999
624751,3032
672537,3032
652632,3001
406734,3023
235360,2795
578791,1191
156764,3026
580027,3031
423757,2802
594997,3524
25557,583
399775,714
394872,6646
501250,232
207014,873
596884,16795
741033,11596
228584,7077
357148,366
425918,3522
561613,714
669531,683
672314,683
129679,1244
623071,553
214666,1132
545400,601
688245,2861
390664,1123
469082,235
601856,16704
631404,1075
354330,2424
726721,336
694355,2451
34130,985
112541,15
491738,371
623560,371
502065,379
19948,180
396537,1519
393904,380
600312,16704
645682,16704
265648,979
291266,4083
317057,252
55000,380
648541,1269
910864,3948
620566,354
39827,2578
42744,749
660860,276
155396,720
684348,720
711575,60949
707364,385
344595,3522
632831,3522
77825,416
562742,237
68410,10
614082,399
852953,41274
647950,172
844637,3368
814976,1421
919173,1421
62645,2578
567495,605
503688,1148
507254,873
176961,6646
671334,6646
901236,172
672381,1123
258029,6912
587107,1301
701979,336
867107,7378
45494,1132
742453,1075
382423,553
523240,2671
136643,441
183510,441
66613,441
726117,441
800021,441
459655,1390
237666,252
532937,252
324282,276
900909,27
667965,244
28947,10
627207,167
308439,826
576033,273
282722,16795
129473,681
507162,141
548270,11282
751392,11282
393371,7775
323379,1465
539183,6912
190269,2671
596446,989
503679,2288
116648,631
316551,990
586986,22
346499,1110
463527,1237
648046,1237
346472,1032
73491,1032
109751,641
258886,1181
404842,29
391719,931
236510,1028
48870,1148
587019,1148
576314,164
548470,337
95810,762
433186,1072
120565,1039
570817,1421
671594,1421
57404,347
743500,347
789082,162
263860,1108
266795,1108
743091,114
555015,6574
367284,252
342046,6195
75942,1038
285845,12
344600,607
817133,1301
541231,466
41131,3697
532541,543
61653,350
661208,399
271098,703
412660,703
505219,703
324690,430
463792,416
514304,2420
398184,131
62086,441
76047,6418
327757,430
589737,252
321182,1269
598791,601
291266,19789
110036,89
196231,18
166240,80
290593,618
318507,618
126664,405
80444,405
108725,762
255744,1010
290017,1010
486477,1010
606718,543
167342,499
308265,306
638793,2282
109217,449
654049,36
66058,589
375857,6646
517376,126
111227,1038
182963,3999
131745,60949
307519,2687
448705,24
410649,65
245537,1420
170487,3524
468066,1421
620315,347
337798,1095
408574,383
476915,202
246197,200
462285,200
227039,468
288228,468
317593,133
288259,385
250138,3057
399383,3057
19896,41274
216375,41274
546415,1184
333175,172
375877,172
683952,1245
289713,10484
176072,7775
112465,12
242940,1390
33706,607
646750,1049
125165,368
135492,150
318219,371
420931,371
496656,371
511802,903
502821,252
409498,2715
554284,3948
65781,2715
393321,124
132764,1519
835410,465
264193,2578
77964,2578
674809,511
199927,6646
330806,3840
55524,3840
310458,1038
682032,506
747243,499
361575,449
276337,3205
77707,6890
98512,6890
470240,60949
163652,749
191853,6418
284884,3709
298976,3709
105456,589
645932,7775
480453,610
349699,2861
407347,2861
617408,2861
182581,714
728033,2995
18900,1082
640109,3911
127048,244
587333,133
368860,1245
618405,1245
628331,1245
503740,2715
447071,172
247250,2687
181382,6646
123021,1467
239934,607
326200,2423
567151,370
556038,43
424008,2795
183166,511
406694,3026
623740,987
344579,2578
540516,2553
647281,2553
324152,1241
364938,44
495667,3524
205503,347
461790,347
412949,234
57303,468
565428,3057
249570,354
99227,3205
201040,749
428050,3060
350364,1091
481344,475
460660,1420
548193,58
314974,41274
512690,2715
316422,3508
406634,371
258886,903
623560,987
68321,511
449592,3948
446491,172
312819,520
396563,1519
554250,1241
536835,124
240578,653
181554,3060
250573,3060
475208,601
412041,3948
74544,3057
729140,2420
95429,6912
33639,979
165794,7378
456938,7179
586712,60949
798927,2995
189032,511
366212,903
203773,2578
491216,2578
412954,370
225393,465
469952,2423
658742,601
314367,336
610417,2424
393922,2671
197221,6418
590914,683
96140,60949
96464,553
357163,1091
241391,2687
298583,1049
537382,1049
617074,1049
62945,2687
73185,2687
166683,367
207302,237
256267,237
339699,237
160938,44
269601,44
283140,80
94005,244
649035,172
341713,3709
54935,3368
227676,2293
391498,3205
434207,641
429874,24
616344,79
436585,39
186988,89
504147,10
555076,1041
364857,618
90681,618
228645,1132
271743,200
178219,306
196860,385
52403,385
66783,385
748382,306
215089,1269
485592,1269
207006,317
202831,601
498862,475
503855,601
56778,601
620598,475
463527,2861
757272,370
182877,368
527350,1108
533568,1108
292174,19789
340251,36
390638,430
232454,252
432092,252
289196,7378
535958,7378
596884,2995
637802,7378
506009,349
148262,1039
110867,1031
340321,1148
354362,148
431755,148
687626,1237
503680,931
695454,543
572097,6418
384745,65
391004,82
496857,1082
333383,1158
490223,1158
170459,3524
321647,3524
465955,417
543051,417
376082,40
377468,40
93704,40
175014,3911
427161,1095
520530,347
135208,468
205004,234
250591,468
721470,234
185817,403
250450,403
441216,403
125614,2282
227110,157
432982,2282
59641,2282
179467,1245
678100,1184
354340,354
465715,354
391474,987
537467,987
50057,124
240692,13
58864,131
63463,13
348795,1050
315289,16795
376588,16795
413262,16795
611426,16795
215616,141
283170,141
48974,589
569777,589
330876,126
337800,126
159908,1467
59783,1467
134883,1390
216569,800
535469,800
162961,749
237658,1025
469211,749
577394,1025
324351,276
334526,506
357498,506
374418,276
216179,1038
419061,1038
508371,6574
210178,410
364133,416
225055,607
194005,8024
512913,720
813109,8024
132214,3329
271256,3329
226049,989
332341,989
371814,989
291544,603
480692,31
199633,441
584548,553
215864,265
130360,380
250153,380
291422,380
406806,380
45314,380
46105,380
54984,380
568559,380
642689,380
99254,380
291111,7179
252922,979
207929,29
250478,762
288255,29
520624,762
215118,405
36529,1519
501709,2578
724876,265
258005,683
490297,683
730861,1090
124495,3999
345194,3999
369111,3060
81396,3060
81808,467
276002,1304
527698,1531
33952,126
341516,126
199221,65
183720,29
180843,385
491738,2861
137616,3709
398163,3709
234189,6890
626771,2832
64339,6890
655907,2832
361032,3205
334557,11688
558727,11688
627097,2423
331498,1465
317032,2760
470375,124
454863,89
339943,1095
52920,40
134270,762
564489,1090
439292,306
894914,2282
415035,3948
81785,475
289583,41274
461895,589
192774,2381
255729,10484
256772,11282
468244,10484
549966,10484
178322,449
305947,252
607854,380
340394,1038
193994,2457
554565,3329
585958,3329
474590,6912
355761,653
374984,2795
143039,3840
187847,7775
235540,1467
190442,8024
539043,605
395659,964
489893,964
448466,398
201497,5817
490852,5817
670144,5817
296783,1531
160222,10484
170838,6890
240889,1304
605498,1241
701979,2420
146164,865
18829,865
542877,1053
124902,190
616430,173
667914,190
162101,2778
345700,206
407398,206
462832,2778
475949,2778
569632,2778
94293,2778
262597,443
290405,443
511534,1177
75852,443
77026,443
654234,44
605144,234
486052,202
326843,3840
616886,36
653877,7775
164705,1465
130382,441
203895,1063
342407,5724
348875,5724
487924,1063
334042,940
190314,3999
74223,678
37834,46
75442,2995
453737,44
69633,1148
696589,405
182894,2410
248054,232
353037,2410
354145,2410
354666,232
386726,2410
621436,232
167316,3729
281552,41231
124700,49702
185028,49702
589374,49702
649261,49702
16760,3719
257468,3719
38802,3719
442320,3719
471156,3719
685589,3719
780506,2759
129679,605
620318,2778
261963,1420
361112,1435
96043,2715
148118,28095
308541,3725
633430,28095
254368,19789
55501,19789
873550,7775
467992,416
551752,416
840674,2420
292775,553
292837,2698
344565,2698
381834,2698
599046,2698
607814,49702
273132,46
808767,3057
661428,903
214238,232
381714,232
334802,932
494237,932
712857,932
455016,964
465408,964
424015,29
490309,865
646782,190
666580,190
180337,15
486053,601
611912,511
971613,370
52312,1038
234375,5817
542690,206
303219,3
424051,1010
490383,467
318426,2696
329629,2696
524403,2696
685219,3729
811544,2696
318468,3719
395163,3719
242078,607
371856,41231
380761,41231
449722,1083
501250,1083
515051,1083
285064,11127
59187,11127
45214,3205
618898,11282
793774,7179
197602,720
216240,1531
487839,1038
121988,8024
74590,2457
479019,1063
697144,10
596178,200
361516,403
88968,403
295955,2293
503871,252
114113,1053
541371,173
522145,2698
584231,2698
72479,237
418561,399
796429,533
822959,533
273054,60
260806,172
52089,3719
727147,114
673173,678
926987,1053
22913,865
490581,3
290559,1420
249873,1148
300532,200
708184,2698
187532,1083
578680,60
559328,1096
699263,3729
701322,1519
719857,589
371256,1041
442320,347
291110,618
666563,1184
318403,16704
666616,16704
987700,16704
703581,2410
231712,1467
642721,7179
815014,19789
876865,19789
386755,276
555172,2696
711517,82
448177,65
504001,16704
520060,16704
708681,244
33925,1095
646670,306
621195,354
688246,601
723487,475
591803,3508
395654,2696
424769,6912
521919,16
670882,16
798043,16
343044,7378
40034,24
691920,932
374882,2293
467312,3840
503638,610
698548,5
787912,583
441987,232
228584,3999
373916,3368
45121,3840
110925,1025
616467,11282
292366,5817
811779,985
644408,443
488296,200
678088,44
345408,28095
743894,1467
440135,49702
873542,3205
786436,667
889264,6890
21726,23826
340460,234
209576,2375
859173,2375
621391,19789
487466,2995
529646,2423
451673,1435
618083,1304
336307,27
571140,80
632085,19789
889613,3205
293168,410
113619,8024
564968,720
629773,1075
522715,2424
42796,1038
464378,2832
874737,126
93730,583
928831,2375
363871,2381
700031,36
641537,749
465565,398
75458,405
684699,11688
813032,11688
926924,11688
982344,11688
595201,11282
443995,3840
639002,1467
323255,6574
417414,6195
602299,3522
504518,3461
424019,3471
484873,10625
627034,4644
322065,496
322293,496
419648,496
606967,33741
144300,10695
266941,10695
351735,10695
496921,10695
254985,2049
345183,2049
233782,279
46180,10481
322770,1008
679597,1008
332530,501
431811,501
656681,501
454888,6808
490292,2481
428746,540
795431,4059
658060,32017
382211,7087
668709,10532
532460,8780
540056,41133
189604,1167
893187,1167
157373,48325
237623,48325
263962,232
279242,964
362667,964
59597,232
146774,496
131728,7769
368631,540
341300,279
571037,23371
647125,4529
255468,5724
106536,3719
263963,3719
510782,964
515249,3719
717585,3719
245030,2410
288240,11127
431182,11127
612869,11127
621397,2410
323710,3725
371627,3725
485658,3725
567023,3725
203510,14589
363010,14589
370287,14589
373374,14589
391907,14589
422838,2696
430484,2696
498015,14589
515056,14589
516749,2696
529870,14589
588260,14589
606526,14589
620560,14589
255322,1053
410897,1053
412517,1063
423197,1053
805056,1053
107114,369
288436,369
399151,369
461484,369
56354,369
728924,369
150732,2414
333859,2414
369678,2414
421636,2414
44726,2414
515016,2414
523476,2414
341466,678
386541,678
422950,678
592387,206
800925,206
343463,2282
420884,157
511815,2282
594227,2282
599231,2282
623095,2282
743386,157
104462,1124
125755,1124
144545,1124
179973,1124
192930,1124
217923,1124
230536,1124
260676,1124
265282,1124
288559,1124
300146,1124
316296,1124
334440,16704
379637,1124
397429,1124
525692,1124
574934,16704
86097,1124
375667,1083
486083,1083
724969,121
187460,49702
457184,932
601851,49702
699266,49702
729266,932
793509,49702
144559,1186
15102,1186
151282,1186
235349,1186
256488,1186
343773,1186
349909,1186
393864,41231
431706,1186
546295,1186
54787,1186
555837,1186
576743,41231
58843,1186
630015,1186
72164,1186
72166,1186
7252,1186
103428,173
293316,173
668950,173
802726,173
955070,2778
627626,260
119150,419
433685,3471
271098,683
290951,683
423166,683
76061,683
139396,36
210747,36
351738,36
366723,338
91059,36
440887,2531
508153,2531
820381,2531
346332,1008
203074,11107
423606,11107
26721,6890
355641,6890
396640,5223
421710,6890
534528,8031
232219,119
245072,119
166662,10482
131326,2293
188470,2293
226085,2293
291758,2293
83560,2293
220656,327
531927,1063
321158,1101
787232,687
530414,433
153664,1091
198006,1091
242758,1091
251680,1091
370997,1091
429987,1091
733083,1091
353785,2420
372445,2420
522714,2420
565232,2420
663244,2420
503075,1044
205023,22220
523907,22220
240408,239
404418,197
661205,239
120565,605
125769,605
149446,605
163738,605
336828,605
358507,605
400831,605
923936,605
205849,2740
310782,2740
316760,2740
436833,2740
542597,2740
579284,272
931841,272
502020,6621
315254,1090
345590,1090
650712,1090
595650,7567
423879,2976
266768,452
280387,452
395523,452
394152,170
576099,1189
673382,62
744063,365
701226,206
207015,1096
42710,1096
879631,1096
594505,5084
120070,987
121391,987
251587,987
243770,865
577439,865
476836,3057
557410,3057
743376,3057
743379,3057
585082,16704
380349,41231
213429,11127
360451,11127
372730,14589
516737,14589
137669,1245
260829,172
264660,1245
358132,1245
385635,1245
546860,1245
104414,2727
200616,2727
224691,601
331739,2727
364406,2727
429921,2727
461903,601
491298,2727
502245,601
669000,601
707802,2727
80442,2727
1035048,3508
130418,3508
214770,3508
349944,2715
4742,2715
522791,2715
558139,2715
623319,3508
654947,3508
718351,2715
796897,2715
808348,3508
833315,3508
880610,3508
1018201,3948
249303,3948
368825,475
450958,3948
473201,475
658536,3948
748505,3948
95604,475
466812,1063
99100,5724
695229,206
345746,1053
146918,1186
46635,1186
515501,1186
601856,1186
318426,932
402625,1083
145981,1124
751084,1124
315556,3719
362572,49702
600464,49702
148365,2282
654982,1184
168156,354
286005,354
337670,354
420890,354
661171,1096
1035758,2861
246580,2861
505653,58
538918,58
727089,58
775535,58
895402,2861
101201,968
138331,968
168158,968
314980,968
33862,968
344311,968
40478,968
410285,968
429915,968
467623,968
502298,968
536510,520
589128,520
655893,968
687630,968
89654,968
90478,968
663347,2414
875631,369
325994,419
283223,36
636237,338
590926,605
667287,272
745252,2740
129092,279
260330,2293
375719,2293
403834,2293
618350,327
744099,2420
494933,239
559335,1090
795274,1090
507496,452
615300,7567
321048,48
448258,79
496767,79
166601,16
388198,16
496094,16
741931,173
515747,16704
520061,16704
532745,16704
607809,11127
667981,16704
840254,172
200512,27
326031,27
340456,27
478573,27
125614,3
331779,3
335103,3
106872,80
118850,80
119037,80
179635,80
196435,80
231586,80
397099,80
552057,15
342405,82
370998,82
407098,82
533295,82
284165,610
296802,383
339328,610
372267,383
461883,610
485583,383
565424,383
566931,383
491589,121
701937,964
346546,520
579089,520
903611,58
371936,2861
503096,354
441306,968
447221,2727
475208,968
1034646,475
430280,4554
627221,720
418560,281
546543,31
559263,31
576024,281
201576,2759
225744,43
270988,2759
276764,43
286919,2759
332340,2759
334964,43
366834,2759
392773,43
399990,43
565406,2759
809099,2759
106721,2553
129558,2553
132209,2553
165345,1519
211121,2553
225236,2553
344588,1519
35099,1519
369424,2553
399262,2553
403569,2553
423757,2553
496652,1519
610649,2553
80702,1519
160668,124
229970,124
235767,124
337290,1241
467437,124
716810,1241
196722,2578
21306,2578
355651,903
465715,903
479641,903
51730,2578
54265,2578
581677,903
746094,2578
757272,2578
80339,2578
9500,903
348026,583
46001,995
462348,995
487469,583
500689,995
234029,533
361260,533
226097,44
258883,44
471936,44
500067,44
120205,60
272587,60
358504,60
284270,18
355816,18
586659,18
280575,167
335457,167
388363,167
405568,167
730484,167
250013,39
315332,39
334207,39
116088,33
129358,33
147038,33
153661,33
222859,33
241477,33
337333,33
405687,33
410561,33
53400,33
606752,33
60957,33
81789,33
93763,33
361516,1053
171072,2410
689628,14589
333161,3719
185164,3057
565899,1184
795086,1245
182424,601
418652,2715
804661,2715
807648,2715
353418,3508
574501,3508
974374,1096
700643,5621
107544,465
235780,465
41131,465
420777,465
479037,465
549354,465
904930,987
123503,370
123951,371
184684,370
288952,370
314362,370
442703,370
476219,370
535959,370
565675,370
177779,89
232144,89
355369,89
608832,4795
119211,86
125103,86
185427,86
289835,86
334221,86
341317,86
532539,86
58995,86
193782,24
487969,24
588020,187
74842,24
599215,22110
514920,49675
654470,5776
257097,124
404384,124
477930,124
486057,2481
165793,162
237662,162
469822,294
617267,294
648195,294
634963,19657
610442,122
167165,2424
249360,2424
419615,2424
487421,2424
635904,2424
728485,2424
345189,4441
53350,10695
208681,36
130353,265
179860,265
262117,265
401394,265
277118,605
131553,10690
212243,10690
257937,10690
396536,10690
665048,10690
675878,10690
451677,317
528652,317
593519,317
503162,1096
344107,1519
308371,2420
371000,447
610336,2420
314963,2293
374253,5724
485672,2414
215094,468
272206,468
276853,306
288067,306
31067,468
321158,306
325200,468
432694,468
482141,468
578292,468
203853,11
363205,11
495666,11
512354,873
543387,873
456492,24
801734,27
119104,1147
124901,1147
131225,1041
172153,1147
18934,1147
18940,1041
267147,1147
290552,1147
364525,1147
371554,1147
374040,1147
375881,1147
388795,1147
39914,1147
44421,1147
585973,1041
627163,1147
801754,1147
98349,1147
579055,3508
962555,2282
172565,924
181751,924
221133,924
234189,449
275683,924
319674,924
32622,924
381689,924
391278,924
432604,924
443363,924
481795,924
538566,924
544472,924
600222,924
616894,449
69646,449
78819,924
94037,924
705063,839
731491,1390
163647,1005
236041,1005
238537,1005
238950,1005
240897,1005
291276,1005
351955,1005
375857,1005
38607,1005
388382,1005
392516,1005
412649,4084
457673,1005
461496,1005
487843,1005
488996,1005
569387,1005
692209,1005
375816,1038
390304,1386
624436,1038
282721,8024
361504,8024
367651,8024
392655,8024
408563,8024
452607,294
466765,8024
527304,8024
744074,8024
268429,410
286949,410
342877,410
371851,410
239733,385
251848,385
34987,385
492313,385
182573,798
187291,798
228478,133
301696,798
329813,133
412940,133
412959,798
451576,798
480730,798
482826,798
553217,798
593837,798
606023,798
616340,798
618036,798
618038,798
703772,133
808646,798
899710,133
152460,1283
252755,1283
263555,1283
361070,1283
387996,1283
419828,1283
451338,1283
460630,1283
61867,1283
743591,383
82332,1283
248658,200
337673,235
361081,200
369552,200
406609,200
433805,235
513963,200
524925,200
56331,200
625654,235
93081,200
119269,931
203394,931
257455,931
396638,931
182904,148
410425,148
42460,148
468198,180
585550,180
628451,180
141660,703
192080,762
198516,703
258919,703
289592,703
291200,703
295313,703
361093,762
398402,703
415970,703
470607,703
503680,703
503988,703
560694,703
332705,399
336869,399
369684,399
393323,399
469050,543
614603,543
183302,989
188077,989
275590,989
329145,405
394327,405
399434,989
633530,989
134425,631
173504,29
284857,631
357158,29
488362,631
584769,29
93128,631
325887,44
357156,89
395523,44
518505,89
371141,533
789898,533
453016,39
532495,39
164904,3524
208172,3524
260316,3524
358025,3524
422281,3524
557939,3524
60542,3524
709726,583
810092,583
170961,667
410185,667
628835,667
368468,2410
538281,2410
599150,1124
392717,1245
396823,3948
531065,3948
712086,354
181380,114
204198,114
228645,114
269393,3205
337800,114
549966,114
144303,2832
253290,2381
256000,2832
267473,2832
288858,2381
390379,2832
603348,2832
197470,3522
496745,3522
539134,3522
566615,3522
295183,749
390160,2722
459151,749
616169,749
640109,749
691482,749
88683,749
113025,2425
212216,2425
248349,6912
306668,2425
344399,2425
409884,2425
461939,6912
481514,6912
481623,2425
503212,2425
524572,2425
662327,6912
718316,6912
742506,2425
763798,6912
131574,3329
346291,1465
375376,1465
395122,3329
412041,3329
471582,3329
479638,1465
481628,1465
483573,3329
550179,1465
588114,1465
658737,1465
726721,1465
813229,1465
9335,3329
419936,1301
466811,1301
479649,720
741033,1301
439497,370
470606,370
921542,465
724535,987
503989,2553
460245,371
504543,2759
670119,2759
186368,416
245078,416
715470,416
45601,173
656132,173
1008564,724
177821,724
186763,724
187293,202
257986,724
288259,202
315128,724
338627,724
387199,724
410854,202
457341,724
458405,202
474838,724
508642,724
552223,724
597104,724
613393,724
664809,202
728864,724
241391,234
283233,234
294321,499
315125,234
320748,234
371686,499
420213,234
426280,499
519731,234
572919,499
578544,234
586429,499
235540,467
326329,467
404383,467
464446,467
575693,467
241486,1435
289651,1435
315253,1435
331514,1435
374326,1435
412945,1435
455127,1435
609361,1435
624698,1435
591949,1148
644401,1148
74810,1148
339314,1237
339340,985
480762,985
614258,1237
69633,985
315867,379
351749,281
419025,379
506189,379
283871,3
36284,33
39025,33
318204,23826
179806,1420
198709,1420
203507,1420
422986,1420
980576,1420
113707,1082
134277,290
138171,290
149928,290
167472,290
229853,290
263951,290
327863,1082
344892,290
353404,290
463605,1082
569140,290
594991,1082
620317,290
648020,1082
93678,290
973085,1082
98262,290
103565,969
345748,1095
357072,969
364857,969
491616,1095
537127,969
743498,1095
842338,969
982863,1095
164771,244
175639,244
199321,244
203348,244
223972,1421
276896,244
424784,244
503770,1421
535955,244
683895,1421
191056,826
206912,826
368887,826
377393,3911
379168,3911
424072,3911
566823,3911
688707,826
147051,1158
23951,273
297212,273
368891,273
395685,1158
496706,1158
914562,273
127188,415
203938,415
221873,415
238185,415
241501,415
283227,415
289802,415
393238,415
470618,415
50057,417
538964,415
539065,417
690799,415
812654,417
855014,415
855015,415
238058,14589
249747,14589
558688,1083
582232,49702
607814,41231
951293,41231
527279,520
670969,520
464599,968
671591,968
858772,968
928323,157
109256,141
112465,141
136180,141
159668,589
199316,141
43512,589
85291,589
137206,6646
181410,11282
198087,6646
232895,11282
271966,6646
294525,6646
36802,6646
667965,11282
727079,6646
1028566,11688
159079,3840
197521,11688
206947,3840
211325,3840
212325,3840
263267,11688
340961,11688
380415,3840
388913,11688
517376,3840
534706,11688
55524,11688
634461,11688
708111,11688
89222,3840
386967,607
199971,380
324378,380
418559,380
487834,380
491648,380
606451,380
88706,130
12907,2919
146680,2919
146752,2919
167741,2919
216179,2919
227347,2919
255838,2919
273236,2919
347253,2919
355104,2919
392959,2919
44327,2919
461019,2919
585982,2919
76274,2919
99232,2919
1043471,2503
268179,7378
357149,7378
364403,7378
613437,7378
939763,7378
288253,336
290336,336
344869,1075
412669,336
413118,1075
495601,1075
524315,336
671649,1075
118317,3268
131740,3268
198021,3268
204102,2423
24202,3268
24846,3268
291968,3268
295327,3268
296782,3268
297784,3268
462252,3268
468323,2423
552533,3268
627224,2423
637808,2423
647125,2423
669956,3268
684061,3268
686150,3268
733579,3268
99499,3268
273738,3325
305425,3325
332615,3325
375380,3325
401931,3325
419120,3325
504503,3325
514256,3325
544586,3325
54716,3325
552534,3325
585536,3325
631472,3325
818240,3325
842384,2420
177860,1241
406694,1241
412513,276
432092,276
496270,332
67556,276
490842,1177
599215,1177
134936,868
139316,868
197981,868
226958,868
229817,868
236693,868
264137,868
380919,868
388359,868
402887,868
406675,868
61887,868
649024,868
82713,868
1043003,10484
169460,10484
170953,10484
229695,10484
243878,10484
325924,6890
352651,10484
701834,10484
85352,10484
127169,24245
133829,24245
16058,24245
170650,24245
207855,24245
217169,24245
259943,24245
347913,36
390695,24245
416168,24245
453810,24245
52006,24245
59483,24245
610484,24245
66052,24245
72643,24245
839596,24245
123261,2239
160986,2239
187384,2239
195335,2239
243879,2239
29605,2239
303657,2239
313477,2239
340707,2239
392545,2239
407265,2239
413605,2239
445126,2239
458777,2239
532937,2239
610881,2239
136514,1025
459658,1025
412952,2995
429309,2995
905691,2995
564785,6574
812625,6574
661053,383
655006,294
264193,3258
118302,4441
413112,418
86202,418
790660,10695
926694,1096
136834,1519
216443,1090
951439,10690
548031,170
291941,2424
485584,317
602597,499
736014,798
50512,16
124028,1082
127142,1082
175449,331
238868,331
255755,368
785353,331
652270,1124
562948,157
291548,7775
385906,7775
387143,449
90959,7775
94807,7775
371174,1075
453200,3329
663254,1075
982575,3329
99189,3329
315130,1435
496873,1435
187507,1283
297693,235
540659,200
578421,200
454628,306
552955,234
585325,306
183321,931
225122,543
696346,931
467563,180
512385,399
557612,180
239949,989
469781,989
701057,281
504849,1237
128901,29
485706,29
597000,3
110036,80
277179,533
182574,44
820957,44
308552,33
162434,86
232463,79
585959,273
745181,162
258027,583
782630,969
127108,367
196948,131
246204,367
294808,131
38253,131
411295,131
505674,367
127181,714
166677,714
181547,940
282810,940
284884,940
331505,940
338285,940
487180,714
506248,714
54534,940
663581,714
705813,714
745461,714
81999,714
145769,366
221311,366
252677,1050
282727,366
337070,366
51710,366
592735,366
776890,1050
93935,366
391498,1005
545538,1005
55735,46
148368,5
392538,5
435772,5
586756,410
199258,2919
210178,2919
255450,416
293200,416
301238,2919
481834,2919
489611,2919
743091,416
392966,800
406040,800
461833,800
745284,932
814269,964
211845,354
876263,2715
111376,601
460318,601
656681,3948
131095,11688
318077,141
56416,141
572818,11688
697149,141
727152,141
241119,2381
257707,2425
410281,2425
864121,336
727023,370
527211,903
693201,903
633650,124
646996,2578
610406,173
63463,206
1045972,2778
146227,467
241324,724
412933,202
572265,610
601495,202
554398,385
412937,468
595028,468
234781,379
90836,703
378710,148
226524,89
149518,1147
413245,1147
306166,290
477834,1420
806168,290
16911,417
830890,667
40433,244
466602,3911
170966,3524
348791,1421
159098,415
308133,415
709482,1095
197135,2687
255729,2687
309110,681
402002,2687
405398,681
670847,681
711382,681
138803,3302
157036,3302
176140,3302
208116,3302
222805,3302
282410,3302
333361,3302
337715,3302
355627,3302
457221,3302
518644,3302
536030,3302
657430,3302
743589,3302
81997,3302
89731,3302
120705,12321
129444,12321
131506,12321
195171,1049
378293,12321
438001,12321
461617,12321
466805,1049
522784,12321
525299,12321
627228,12321
694928,1049
783396,12321
826224,12321
921734,12321
244192,430
257462,430
266795,2239
308279,430
317806,2239
394152,2239
401529,430
423436,2239
45389,2239
143812,398
197747,398
197929,398
367464,398
550106,398
182581,380
206050,12
25488,380
267614,380
335147,380
450417,380
49499,12
74683,12
208166,3522
386914,749
49275,3522
129096,1186
225557,1186
47004,1186
361068,1096
748601,1096
246309,3508
909737,1184
272631,11282
430579,11282
683828,114
724350,114
294100,24245
658060,24245
276337,2832
38746,2832
645589,1465
396324,6912
542819,6912
393581,2423
479646,2423
687743,2423
800177,2423
924885,2503
334816,2553
685679,369
578539,873
190263,237
520840,237
895480,621
212391,1531
505675,150
720488,1531
257376,3709
268506,3709
340867,3709
35047,13
424042,13
963150,3709
99353,3709
376514,6195
433584,6195
502670,6195
503482,6195
161011,506
315865,6574
45320,506
516716,506
525704,506
571607,506
668951,506
131728,10484
567587,3325
587562,1301
611430,7378
402112,8024
467940,8024
128969,190
245014,449
99922,449
255957,419
503866,501
717390,338
706584,12045
228948,379
559130,379
422355,157
129604,36
257482,2381
658835,2381
504087,2424
341263,1050
494880,1050
76467,1050
7825,1050
122088,60551
285127,60551
471638,60551
592336,60551
678778,60551
698742,60551
365394,683
466809,683
296879,3
95759,11107
538996,368
85288,368
476165,1245
697716,1465
816580,1465
126516,60949
190269,6676
203608,60949
287662,60949
396428,60949
415205,60949
504592,60949
52791,6676
624051,60949
73269,60949
878247,60949
339327,678
463527,499
172779,133
225716,133
605144,385
684210,989
425902,703
429014,703
66934,703
72476,931
601883,543
81173,23826
34787,167
344596,162
543382,162
830265,995
315762,940
543771,46
357003,6574
574495,1005
468301,398
353796,380
357796,380
626913,380
388160,2861
79642,475
573981,589
176354,10484
930056,11688
123527,7775
396429,2423
627229,2423
840426,2423
424676,3325
110668,3060
114113,653
115607,3060
146774,653
160361,653
161255,3060
173750,653
186798,3060
287635,653
386048,653
456523,3060
495489,3060
895547,653
298410,6418
329630,6418
340308,6418
348532,6418
416465,1091
669380,1091
96790,6418
136747,3999
148355,2441
183538,3999
190513,3999
237923,3999
238056,2441
334042,2441
46083,2441
462141,3999
517469,3999
159957,11127
260672,3719
214073,1519
603864,903
173835,1241
290928,1241
586599,2553
904371,2578
485591,234
514285,234
349599,1237
346567,24
199297,80
604327,27
654415,1082
157501,290
174304,290
229012,290
324811,969
344576,290
89450,290
569388,1147
569390,1158
631007,276
197473,749
490384,749
163582,2919
285322,2727
913022,354
321135,6646
567217,6646
35664,6890
988710,3205
122115,2503
155395,2503
314942,2503
429564,3268
454576,2503
550631,2503
121850,2672
147697,2672
214441,2672
231916,2672
300340,2672
33481,605
34204,2672
342776,2672
358261,2672
481681,2672
481692,2672
52576,2672
626102,2672
64804,2672
238720,2671
277772,2671
376484,2671
386667,2671
451311,2671
540064,2671
547924,2671
609648,2671
146143,553
182685,553
188180,265
210988,553
216489,553
283395,553
300309,553
478344,553
83253,553
293828,3725
605532,1186
372808,14589
509246,43
652633,43
422466,12321
627226,12321
221899,3302
282722,1531
298975,1531
391719,1531
238654,2239
251075,12
345189,2239
398163,1038
205657,11282
314965,11282
245765,2293
936176,924
48067,3840
295414,2424
448920,3329
387110,294
726019,338
289060,55686
289472,55686
289487,55686
294730,660
295845,55686
341424,660
387928,660
425707,55686
58072,55686
623322,55686
708241,660
913115,55686
169260,6992
222686,6992
241686,26459
242854,6992
270019,6992
404845,6992
495922,6992
520400,26459
520517,26459
522327,26459
53270,6992
576021,26459
59442,6992
775830,26459
77847,6992
830079,6992
930106,6992
1050249,3592
176412,3592
177276,3592
193158,48332
242272,3592
262182,3592
264063,48332
305423,3592
321417,3592
382895,48332
396402,3592
495918,3592
522833,3592
59896,3592
59973,3592
622410,3592
726034,3592
726035,48332
795280,3592
254985,2740
295178,2740
345183,2740
669306,10690
19619,83678
213980,83678
248931,83678
307053,83678
369093,83678
391127,48726
428380,83678
509837,83678
58392,83678
661776,83678
678783,83678
740732,48726
767643,83678
774552,48726
808113,83678
91380,83678
91419,48726
94925,83678
222124,22110
537566,369
542692,369
666943,60551
335725,2976
531461,379
108710,18303
177818,49364
226014,49364
244904,18303
261780,18303
288857,49364
321146,49364
395069,49364
427341,49364
461670,18303
470831,18303
498899,49364
669305,49364
789478,18303
962090,49364
690429,60
57482,1147
649457,1147
923831,1082
124769,2919
332179,2919
88680,2919
88262,2282
258005,1465
668265,2995
895326,12321
457931,150
800175,150
441422,553
442804,2672
468035,2672
534471,2672
810569,41231
810570,41231
677382,1435
554284,499
404418,234
371013,385
805835,385
128900,931
272622,931
540941,1148
576314,1237
232964,989
583990,989
712117,31
864799,31
366930,281
16306,985
223979,23826
244940,16
387047,89
418543,416
191891,506
395236,5
413565,1025
428563,1025
1041552,2715
570597,1184
631331,520
658533,520
255995,2727
683826,924
258018,868
74040,868
880332,6646
248271,24245
461951,24245
127769,3325
258624,3325
415642,3325
726701,336
333199,7378
549039,1301
606719,7378
177776,2503
223367,294
271455,294
650568,294
701325,2503
929573,2503
706138,237
226261,3302
341272,3302
442552,3302
711625,368
215864,2441
73735,60949
332802,3999
630032,2671
214257,49702
690568,3725
670846,2553
1031044,2759
203854,55686
353252,6992
718408,55686
512496,26459
168041,18105
173079,18105
325420,18105
396411,18105
521841,18105
521997,18105
533318,18105
539444,18105
746397,18105
959399,18105
799899,1053
715836,369
356044,610
559327,610
379979,798
516761,724
529223,724
386164,133
181778,379
148252,703
448854,703
483348,148
569376,415
611195,415
286384,244
343052,417
493702,417
649452,244
174915,3911
201737,969
324795,3911
174694,1095
568702,1095
776798,1420
804711,1420
272261,430
282388,6195
405885,6195
450936,6195
421768,276
503075,276
546880,800
567129,276
607854,800
282144,1005
309944,749
211847,3057
442320,601
665618,601
165012,3948
212229,968
704270,1245
708067,1245
182894,449
477924,449
291927,7775
891989,10484
172142,2425
448470,720
478365,3329
788861,2423
577486,3709
623521,3709
411975,131
928726,366
422460,714
808901,265
815104,653
661241,14589
675341,14589
913018,932
719635,371
269371,48332
937918,48726
549960,3592
86931,3592
193928,2381
207929,114
361264,114
129129,36
448264,2420
59084,3268
712087,3268
749855,2420
495621,2687
591916,621
617081,1049
622988,1049
260166,683
44059,6676
610570,6676
1045568,61825
120262,61825
166580,61825
211318,61825
332132,61825
600003,61825
641426,61825
758845,61825
765401,61825
85969,61825
913387,61825
268697,83678
325386,49364
58939,49364
771909,83678
808973,49364
717346,23826
357992,46
167727,12
659516,2919
297645,6574
431422,443
514894,5776
516747,2696
818025,232
911386,2696
929347,724
111819,989
140191,989
444523,379
349066,762
476352,703
536507,703
592979,1420
68718,1147
397171,290
538045,290
708678,244
806501,3524
532169,826
717118,1158
460629,667
855158,995
484988,415
623040,276
509022,506
539154,3522
336960,1005
367284,6195
73943,1005
618341,398
272812,410
806930,1063
898781,1063
813106,2414
836995,2414
610423,2778
692608,2778
709982,2778
802520,2778
190188,3719
489814,16704
699303,3719
449351,932
726114,932
137179,1124
364257,964
486084,1124
55420,1124
549983,14589
623343,14589
822457,14589
616035,121
629940,121
691781,121
812863,11127
59950,1186
624340,2410
311489,467
646704,1090
610442,800
413268,678
439456,678
102134,1177
96167,200
221958,2282
463613,520
699783,2282
259025,449
310708,24245
481688,336
787238,1465
280701,2687
429983,940
598765,2687
359247,660
189441,610
377720,133
487474,610
507496,133
183720,383
501743,468
343184,1435
364938,234
475411,631
217115,29
319301,931
525287,931
52769,931
285845,180
369567,543
680806,180
392768,15
183780,89
536482,24
571299,24
678479,3
270541,79
541231,33
531949,995
406008,1420
166237,506
315862,3057
427653,2715
618415,1245
131996,6890
662208,6890
498237,720
443338,2420
820070,2420
908936,2420
337066,12321
527350,12321
66100,12321
337715,681
283196,368
104977,2672
263804,683
590914,553
119213,3999
134458,3999
337981,3999
72195,6676
443778,49702
852980,121
291129,903
192656,1241
354567,43
403572,1241
485546,987
592474,987
890819,2759
344584,2578
62163,2578
537859,2740
623327,55686
288853,60551
398675,26459
629567,60551
210689,338
530851,173
566571,1063
645589,1063
651269,173
553328,369
90024,369
169368,206
524081,206
87162,2414
542525,1053
292356,798
433933,235
303939,1283
566930,1283
317740,202
412946,499
535551,499
604327,499
423744,1237
537598,11
602105,985
196792,18
629588,18
307924,167
802747,1158
369267,3524
419648,415
221025,1082
400485,1082
181378,417
194460,417
569389,417
384593,826
656441,826
418659,273
579930,6574
283528,1038
316934,1025
435648,1025
481173,12
355501,58
43250,58
819215,58
409344,1096
534491,172
542380,172
47543,868
508994,868
94199,868
351750,3268
375383,3268
346644,1301
504075,1301
596122,367
724520,331
282410,714
453704,714
822331,714
945496,714
95732,714
193784,1531
223725,3709
375382,1049
251813,2441
162261,6418
240408,3060
407885,3060
99993,60949
152962,3725
238752,232
112364,3592
190190,3592
32113,2919
525704,2919
170481,749
205940,749
322655,380
327757,380
603891,749
399543,1005
537765,1005
331501,2995
390179,2995
595012,2503
816143,2503
213595,366
288318,3302
845568,3302
249036,1186
245021,48332
366446,18303
669312,83678
623772,5818
361104,5
58864,631
229005,23826
349300,371
177847,368
284730,281
104918,190
76158,16
372246,583
289432,1064
540827,1064
435807,173
668950,5733
362842,31
720038,131
234509,46
425306,11
668268,11
179184,36
313944,31614
338670,12
746891,12
417575,1075
287920,89
614262,985
415381,234
653610,234
353559,122
707447,865
506470,683
396894,449
196813,86
200194,1435
640432,724
267160,826
569384,1095
245072,3057
271098,3057
149716,11282
184816,11282
204176,868
208848,868
294008,868
297257,2420
808475,2423
281404,366
946883,366
163847,121
257805,121
626475,10690
1012534,173
596153,16
119557,33
434110,33
77966,385
195736,610
440953,306
463600,1082
350219,583
392771,3522
503881,5
234193,354
272539,354
341300,601
45639,1245
795657,1245
178322,6646
232219,11688
251345,11688
340251,6646
459467,11688
62049,2293
383014,7378
555752,7378
426213,720
85148,294
330659,1049
766583,368
112515,131
191217,131
280080,2672
575375,2672
622461,2696
514256,16704
518472,2410
325429,3592
625144,3592
890385,1053
610431,2778
309397,89
203378,235
627207,202
432175,234
593824,468
627068,234
131978,417
333175,969
418651,1420
569385,1158
782476,1158
164913,2239
363223,2239
872380,2239
223974,1025
265625,276
389837,398
686965,276
513295,3508
571037,3508
632100,157
320440,3948
432958,968
59631,968
168337,2381
189604,924
192897,924
702988,2832
236400,141
291739,141
548031,141
188911,589
224878,1301
1056907,2995
523977,2425
143559,237
739315,1531
262939,1050
60577,605
129868,60949
144304,60949
175169,265
95673,2441
205023,11127
414933,1186
429243,1186
454888,1186
492556,11127
512394,11127
267396,1124
538978,932
375955,83678
387198,83678
190333,60551
204045,55686
1059630,18105
638589,3709
129078,114
184440,114
462772,114
110708,3840
278654,3840
366194,3840
508639,449
307939,6912
525602,1465
574772,3302
649016,3302
729638,61825
245048,2740
214240,3719
308621,3719
430488,49702
702148,3719
266768,121
131075,46
401534,336
686059,932
166086,2696
452218,2696
517821,14589
502020,1186
531350,1186
536475,41231
160380,11127
535963,3723
538954,3609
100160,232
516750,232
669531,829
747487,865
731876,449
168157,405
646738,180
142310,703
241483,467
353211,2715
649026,2715
666953,2715
205569,366
68863,141
353959,7775
163744,989
292808,1003
649020,543
675565,79
531712,468
293283,724
565821,235
409886,385
725242,6574
693412,3508
981197,354
451801,367
48280,1049
162056,3302
837005,924
139341,2425
140032,2425
560903,2425
627750,2423
272636,2441
290774,11127
730126,903
255353,2553
573133,124
709011,1519
967523,23621
1031045,3459
931521,3027
904919,28457
1031046,3458
904926,3458
890719,11
674921,3
696164,80
283185,1435
546225,1283
855050,1147
494177,1421
538569,2239
130360,276
748939,601
281989,3709
631093,3709
126711,868
169511,868
223025,868
121280,6646
425028,3329
124732,294
127048,683
88103,683
724039,60949
383630,2672
137704,653
181477,653
396328,653
701937,49702
544586,16704
22614,43
337243,43
736014,10803
322952,18105
495917,18105
260677,3719
188338,41231
53350,11127
490292,49702
817843,16704
514893,1177
588649,1177
655173,5091
745933,1124
643528,1053
476237,3057
563139,336
951690,55686
126710,931
238266,180
44779,543
796213,39
344598,79
787618,46
324804,416
743381,2282
393804,2727
558727,968
33210,317
338672,1090
420215,202
44068,141
364233,3325
482145,3325
650809,1465
129386,366
401521,237
107529,3999
623561,2672
135553,2553
808452,370
325993,371
157373,2740
278917,49364
365195,49364
583354,49364
766709,18105
430190,660
94923,83678
794159,1177
170646,405
243028,405
118303,3524
331977,1147
184575,290
569383,1158
951579,1041
981977,969
657742,1025
802512,3522
88684,2919
459655,380
538974,6574
606967,1096
740529,475
312218,798
184767,385
594240,385
248219,11688
364567,11282
627034,11688
134602,7775
341646,7775
342065,2293
87299,24245
315604,683
239046,1091
655669,1091
124025,6992
726014,18303
203855,10690
383325,10690
58970,10690
726036,3592
863919,3592
357917,338
530414,338
127032,703
289228,924
701979,1301
85475,1531
199633,553
75413,553
288716,2671
492319,336
668587,336
126341,3733
125119,2553
263361,409
576121,281
482573,16
103950,2374
699265,3690
54787,28095
53286,59024
546295,59024
381067,6432
398726,6432
72164,3729
515501,67241
214246,2698
487194,3392
44501,683
1019174,475
532905,2832
744063,1465
751363,49364
747315,83678
503975,543
659459,631
274484,1147
137610,589
262793,589
401535,2423
241229,3709
34370,367
439022,368
152176,553
366217,6418
200320,6992
505219,29
279455,931
924800,3911
290256,273
126540,1005
982267,276
345458,749
649022,58
408562,3057
189744,157
685589,6646
350310,3268
481627,3325
841731,3325
357159,653
481675,653
724035,683
644244,265
251676,3592
308778,3592
539435,61825
91425,61825
721511,10690
94922,10690
717199,48726
640245,903
723733,720
673495,2778
679593,2778
875178,2778
881297,678
572326,273
88348,683
231378,369
334999,533
504073,533
207048,1283
461654,61825
698678,543
654872,24
42717,475
186997,7775
409106,605
149237,60949
42539,1519
216579,18105
926183,55686
307308,83678
105497,3719
891998,417
175014,1147
345437,1095
521964,5
459763,2239
655012,58
424021,2861
477274,798
585700,150
482769,265
542697,1184
1045767,367
617019,416
291222,41
455661,64
658116,39
701226,23297
666212,5716
595028,3892
702856,724
900070,724
375718,404
546884,1268
514287,1228
512993,1434
292805,192
513330,192
458565,553
640686,60949
836757,553
950529,553
606743,6992
183293,989
488656,989
468309,366
30767,2919
650966,2919
459661,332
591361,130
726445,232
810558,3725
813522,3725
283141,109
724104,86
540302,10
333161,254
405689,254
526845,60
668709,1063
594812,865
685651,865
685680,865
814306,865
647583,2414
829392,2414
426142,202
81775,133
278938,798
340460,467
623072,3060
726453,6676
814528,6676
274351,2672
510432,2740
776033,48726
537852,660
723621,48332
817612,931
308431,2861
118997,331
250683,1038
644676,1038
238947,1390
338101,2239
1059440,5724
159143,468
412958,468
471692,468
593193,468
476915,1269
161869,2441
875412,2671
430910,369
581672,506
860048,172
708721,24245
744186,336
880245,336
177859,2995
615350,1049
907813,681
652672,3033
631819,18303
821905,3024
903442,3024
903456,3024
915849,3524
384859,995
820146,1421
345654,1095
617694,157
606126,10484
665113,1301
195488,12321
172015,3302
721512,60551
740498,7378
136643,2672
365769,2672
85941,281
649030,338
668184,150
651002,12
321178,496
625655,681
771912,10690
660867,1237
627626,399
73517,23826
435796,82
371003,1095
678441,1038
612809,2861
538481,2832
905997,940
775605,13
187908,553
924850,2553
457911,3719
282028,995
668996,3911
418071,58
275671,24245
287925,24245
127610,1465
258029,1465
739438,6912
929600,6912
635347,1050
111830,1241
633652,31
633753,124
283170,131
466806,131
636695,131
495845,3714
334526,631
659513,16
569939,506
671915,506
194947,28095
738481,383
919515,273
895331,150
713252,683
735354,683
810895,162
250209,5724
341278,12321
503988,1035
623560,3697
337787,543
394326,2715
395519,1283
723008,499
764859,940
353032,3709
567493,2671
933631,2671
365692,660
708240,660
551001,355
456292,3537
518021,2577
218144,2814
484389,1072
490606,1072
503976,1074
655835,3054
406558,358
561452,1060
426285,1098
463755,3684
652979,11177
484838,2963
470152,1211
696346,6699
240457,2805
346482,3371
857482,3524
33781,1158
855056,3911
790411,724
737772,3268
697724,932
107803,6992
969596,60551
533523,22
395928,16
455922,18
689637,131
54031,83678
282429,13
366974,1053
204144,5724
320953,61825
345772,48726
669366,29
670858,631
834742,399
361914,379
712099,543
452068,15
717465,79
790918,533
84085,33
278190,1241
783373,124
236734,1531
623023,1531
726525,1531
961297,1531
566965,1050
898751,1050
628496,714
628499,714
384060,237
635346,366
857832,366
471474,1532
65262,1532
445517,4032
617679,13241
787907,12
641153,2424
914629,2424
735349,605
428948,681
932349,367
631099,2687
531274,3302
696506,3302
27486,3709
623526,12321
906025,12321
243225,13222
433257,648
99559,16795
208116,1536
606849,142
495752,1108
505675,1108
634116,53286
771914,2740
967602,48332
46791,2672
937917,48726
444641,12335
575783,964
215089,988
1038054,10690
275287,2457
775399,2503
532900,8024
537595,3349
529730,3345
813229,8827
815652,3345
113025,982
361256,7378
706960,7378
891971,1465
721952,2420
742095,7119
877140,2420
879436,2420
774533,83678
407841,3268
58252,18105
671145,294
817790,3719
673196,1186
573907,6912
743906,932
715382,1083
875447,2423
211107,2432
742484,2432
1074042,83678
589911,720
974982,7056
293726,8933
103616,2802
345759,511
424008,511
633655,1270
177860,3021
647281,3021
572810,3026
747967,3026
540516,2451
110356,2760
567128,3804
177130,3031
633647,3032
535490,2795
808456,2795
666539,3348
718765,16704
749186,932
61813,2963
396548,1192
812755,48726
451858,4294
85771,1301
461963,2420
700168,3268
690608,1465
868080,1465
1050852,48726
491264,6992
936825,48726
655899,1075
657435,1075
801463,1075
685805,2503
500638,1301
927715,1301
788995,2425
818068,2425
21333,903
633649,124
126360,265
898021,265
623059,2441
627408,605
672694,605
537476,3325
842444,3325
784719,13222
536826,368
668179,368
531277,367
625658,681
557147,2448
628886,648
184885,10718
568149,13
337070,630
569375,2497
723485,3057
497692,2715
533762,1301
98067,43
380913,924
352659,6646
670848,379
719673,31
52570,148
387990,601
565093,58
45494,703
949113,3508
405692,589
946025,6890
880259,7775
663264,399
327863,290
827950,290
931841,1095
777502,3205
945909,1519
741229,371
1045719,987
924857,987
794349,826
917778,826
1005240,415
961945,150
670681,294
610238,368
628494,2687
568693,148
661805,1241
637446,371
511550,29
612749,29
724537,1237
185966,683
234237,553
195704,60949
164729,2671
273130,2671
284876,2441
361575,265
948275,418
668212,1049
71570,1049
1004297,1531
831161,1531
387687,714
646746,714
517894,543
330085,703
197491,2239
602124,430
324377,1005
679754,1025
29559,380
104597,1038
386914,1038
461906,3522
873535,141
118302,3999
65262,3999
183793,3060
179643,605
741238,631
585102,3840
82130,3840
634122,331
502452,475
332530,317
564451,2687
784719,2687
316445,2861
187809,235
187245,499
484756,1090
357826,385
412367,8024
46062,2671
293002,2553
434981,465
696893,465
723666,1110
811778,466
224884,1032
624948,1010
260841,1003
533657,1003
621193,1003
392763,1181
463610,703
746078,703
322702,1132
340322,1132
386786,1132
403898,1132
491296,1132
296986,1039
484551,1039
434207,3008
581675,3008
221624,641
533662,641
534700,1028
597659,1028
94771,1028
536835,289
801420,3054
222209,1148
473050,1148
874538,1148
392777,990
293257,543
434675,31
430280,380
397225,1038
622801,1038
679597,3948
673382,1184
382211,601
748506,601
1016015,354
38978,3508
45864,3508
511401,467
559333,610
610429,610
607225,724
671738,202
719209,202
197613,2995
14881,1301
726472,1301
424784,3302
730581,368
354772,60949
538337,60949
532541,2288
583255,698
344589,349
101118,399
263361,399
665390,603
670877,399
610849,512
530807,164
612517,631
787232,631
1035994,1091
683498,1091
950091,1091
596158,132
394328,1421
418662,1147
567309,415
659543,290
708678,290
794758,415
807165,1158
707242,417
174196,3911
207877,244
726717,3060
567495,60949
522954,2441
589899,30120
361074,798
361078,1426
395509,1283
564448,1426
1046796,724
612758,724
638666,724
229604,610
720791,610
904802,610
462250,631
698110,1038
193098,405
295059,2423
611793,43
967948,43
170934,543
748319,180
1029294,667
215977,826
647534,1005
652803,2861
919173,1245
520665,1301
218144,987
426285,987
581677,2759
463603,631
829874,1420
923832,995
431811,12
387234,3522
605225,601
981194,1096
371002,385
498517,924
627443,924
295024,36
365770,3329
627183,8024
670688,336
355761,6418
463611,2672
249126,1038
66736,1531
711625,1531
277135,553
144143,6195
389253,337
607224,337
495621,1108
632495,237
228645,985
342389,58
848083,3508
578680,520
584809,2861
738774,1096
405386,371
344323,370
432401,43
646402,150
76028,1091
190269,3999
418652,3999
815093,3999
640686,3385
345449,157
390160,3522
646739,131
585323,1050
42205,27
851804,336
108725,703
808509,703
823231,989
134294,379
119150,180
537860,631
865993,873
283196,533
178459,3
720162,3
131827,33
147043,33
258039,24
405393,33
339829,80
413843,80
661428,468
766807,133
175383,589
230746,589
167850,13
625660,681
327911,60949
524677,60949
188335,653
490621,653
532460,987
356236,371
724540,371
72504,2999
851990,2553
904930,3012
144028,11
74230,543
181375,16
342226,167
370789,16
371000,167
565435,167
589737,167
618350,167
247915,18
372240,202
418557,202
579294,202
128969,1090
595940,1090
325200,924
700006,924
1077256,1301
55977,1301
724707,1301
490495,3268
594069,3268
179467,903
539154,3329
201040,2239
860721,2293
437392,24245
200041,33
594039,383
294817,8024
283994,39
370683,39
700106,39
583767,18
127076,89
362977,89
147846,499
375857,385
503640,234
663578,683
242668,3385
548298,2995
220656,265
381348,265
249747,3999
896120,3999
948273,418
748070,79
795431,3522
192875,380
216599,380
358025,1245
124732,533
569031,533
152963,44
321048,2861
1063263,354
321182,1283
412939,1283
505653,383
608407,200
45340,24245
866177,589
147359,7775
293903,7775
391498,3840
212391,2687
266795,2687
623048,2671
700464,903
905279,903
332341,124
265513,2759
952941,2759
719682,465
538977,399
564529,1003
538994,289
420808,677
467623,1132
620598,1132
536533,11177
376856,1181
506470,1181
355861,148
669366,466
148262,1032
676318,985
820374,985
287920,33
460245,33
1053240,1147
1087022,969
303657,290
222859,995
750903,995
674612,417
174094,667
206717,667
280387,415
385105,415
268112,1096
486039,1184
321178,202
790482,724
64506,133
355641,10484
642721,6912
238367,1465
671572,7378
211251,366
343463,366
439456,653
639246,371
229695,512
444211,512
485583,512
1014243,410
232418,276
358032,276
470391,276
235568,3325
635803,6676
205760,2672
57162,6646
131506,2381
360412,2381
177130,2759
581669,903
329723,79
612517,127
79377,79
233782,89
485965,82
509713,8933
527211,8933
60923,8933
424014,3031
509247,3031
634666,2451
536508,290
122797,995
593482,244
671145,995
211637,969
281319,3911
748382,1041
315110,273
711980,273
783635,273
322305,1158
555076,1158
822458,1158
326300,1095
464530,415
750886,1095
982864,1095
539665,1435
131694,24245
395849,10484
588171,11688
313691,1301
579284,1075
64339,1075
132764,465
192364,370
530807,370
624948,370
746554,465
670861,2553
344589,987
580030,987
61838,987
657124,987
12282,27
182712,27
91849,533
470794,416
313830,2239
39333,6890
396640,6890
480705,3840
503987,631
648195,631
174915,58
256429,2687
538810,2687
298091,1003
371256,1003
649317,405
272855,180
324223,180
746695,180
391065,989
439072,989
583255,989
983989,1237
102017,11
106987,985
381967,873
538971,873
121477,543
503733,762
265127,33
111275,24
406973,80
483348,273
928323,273
246291,12
432092,749
390177,6574
392966,6574
494933,2727
371150,1245
522190,1245
578804,1090
646707,1090
155806,1283
326030,306
580657,306
88721,306
412954,798
578544,798
364525,868
483008,868
657386,6646
293213,114
394328,1465
291399,2423
353047,2423
666539,3268
109256,940
246968,150
560483,1531
165007,714
410185,714
557147,714
194790,553
206563,553
82863,605
480453,370
948911,370
422763,124
678194,903
442320,6603
332697,399
45403,703
79422,703
664973,86
591796,1147
657919,1147
371142,1421
488656,290
860056,3524
126656,1420
490417,1420
538874,417
586853,244
220878,969
250013,826
659518,3911
293169,430
311178,1025
358166,3522
386967,3522
594505,3522
184892,410
434676,416
876400,410
683571,1184
707844,1096
385817,3508
409517,3948
595650,172
216815,133
250686,133
559324,610
61612,133
102226,383
196829,234
52119,383
198070,202
527896,202
242040,924
119031,141
294772,10484
657387,10484
575716,720
139396,1075
635807,2424
485963,368
398808,366
264372,12321
46180,3999
655660,6418
251845,683
345759,2578
325993,276
608469,276
344600,1038
191217,336
974982,336
190314,7378
262474,7378
520994,7378
53286,7378
731879,2995
228253,2672
243783,2672
146163,254
553905,254
400548,200
124863,132
661205,306
341705,614
205004,38
395421,4
596881,4
594273,1283
160361,1268
56631,1435
213555,683
645601,1147
989817,1147
989826,1147
395083,416
798929,416
301037,1245
724041,354
147462,12321
735570,543
553875,148
112988,931
156501,703
245056,931
71292,703
744728,27
805714,167
143891,86
825437,583
394346,749
1018259,157
675754,968
170646,237
335225,237
144863,1192
723666,1519
173835,2795
270221,987
61813,987
188862,614
805908,3911
923759,1421
929612,1095
329629,2861
565434,200
271498,3329
479648,1301
377219,366
710677,331
34283,605
543529,3060
565817,2760
363794,1465
564972,2672
181118,1091
530965,1191
336828,1531
604008,865
623772,865
651269,865
654470,865
322293,678
467236,1053
610238,6912
671548,82
731491,2919
134936,1038
565016,3057
81163,1283
434861,724
504090,2995
260197,7378
710474,366
620164,1050
783396,1050
814525,6676
173405,60949
532536,1519
924849,124
192766,2759
394688,206
398971,2414
569349,206
225043,5724
418751,5724
567309,173
320421,369
634963,369
875178,369
148376,1177
258015,190
308552,190
1108145,3524
652996,415
239099,1005
552059,800
22318,3522
508153,2727
699771,468
806284,468
637900,2420
187211,2423
172015,714
463320,6418
423879,865
542842,1063
796726,1063
842718,1063
543103,3325
52723,2672
230946,932
448981,932
46635,932
48067,932
516751,932
550549,232
888023,660
745178,162
285868,2696
462977,2696
588260,2696
273000,16704
484873,16704
911232,16704
1110406,2778
368631,173
596178,468
570520,3999
58489,3999
668547,281
743533,1041
884072,1041
939964,1420
914046,2715
146258,202
536477,798
157535,2293
591361,36
93104,11688
534528,8024
104462,12439
260229,12439
699303,12439
720287,964
320265,678
860051,417
429931,157
719384,157
1103981,2727
496270,385
330824,589
875334,114
191391,3840
645191,2424
256680,6418
266941,3725
104700,1186
145981,1186
323710,1186
351735,1186
398726,1186
600312,71985
338032,276
743091,1038
110688,18303
626475,18303
709479,55686
516750,45913
55336,49702
646896,49702
690572,45913
284321,932
168041,61825
418891,61825
520517,61825
540056,660
342046,512
864496,180
465606,1132
349536,1053
482110,678
982855,417
612065,6195
129386,11282
177847,6890
242638,11282
439343,6890
286779,2687
144300,3719
239783,3719
255989,3719
288121,3719
358738,3719
430484,3719
440887,1124
539135,3719
600464,3719
820381,1124
419062,3592
523907,3592
608832,60
301240,749
283580,968
740039,2715
251029,6646
69374,6646
171679,13
618813,13
59349,3302
597153,1241
931102,2553
958598,964
491587,232
744416,14589
429157,49364
491960,338
726014,338
726034,338
389942,60551
404848,18303
678783,60551
80312,18303
935047,18303
166563,26459
173079,6992
177818,26459
365779,6992
463845,6992
468735,26459
755174,6992
851385,173
582353,46
88706,1005
115763,1038
240675,276
1073288,1096
937117,1096
129513,114
152733,114
174733,114
55605,868
589374,868
188853,2293
255957,2293
345654,2293
870187,2420
939150,60949
200779,1186
739477,1186
865414,2410
867929,2410
965929,55686
985349,55686
404847,10690
502842,10690
718409,10690
936008,10690
337198,83678
404845,83678
487194,83678
497222,48726
572163,83678
814454,83678
136610,10484
205569,10484
520013,589
672803,589
683828,589
596067,3268
673100,6418
122361,18105
19619,18105
242279,18105
343175,18105
353584,61825
432763,18105
524031,18105
659219,18105
708242,61825
723621,18105
724428,18105
735788,18105
809617,18105
94295,5817
400550,279
425918,11
655009,2727
1033486,14589
105506,14589
557614,167
610428,18
606160,749
244192,6195
540271,385
717606,317
114422,10484
287578,141
392085,141
349944,7378
415646,2423
166737,1124
645682,1124
496921,3725
790660,3725
673429,121
501417,10690
940878,1063
1004618,995
25508,430
700643,1038
846302,12
436064,200
144303,449
221285,3840
401729,3840
191987,6890
464598,294
670103,294
243293,2671
661467,2671
822991,2671
698547,3719
248931,60551
315237,60551
428746,338
627227,60551
880039,60551
1115271,3592
293998,924
603348,924
529730,3268
904371,1191
670840,873
527276,60
997903,724
862204,2425
635881,366
707231,1082
708454,2282
743384,2282
234124,924
700010,924
651005,294
438086,465
216579,10690
1116038,26459
213980,60551
564383,18105
795738,24
412649,1005
823768,172
678546,1090
82130,868
686332,48726
378972,6992
667287,1237
742095,2424
929603,2424
724129,157
909026,520
267473,868
709966,131
395833,987
449084,49364
401822,3592
555172,49702
1101641,1420
648032,410
346567,398
743122,2282
699632,720
1048954,55686
268273,60551
207519,3719
651551,3719
582232,2410
104509,1186
251079,924
818495,3329
659089,989
214073,2778
926978,2778
231586,4
1070642,1177
683804,1177
1037260,2715
174488,1038
496870,2727
361207,798
390379,10484
289199,924
710679,331
379714,83678
110864,873
701757,33
238716,290
743496,290
738476,610
748804,610
1009300,6890
322065,237
964036,48332
481468,3719
361256,24245
292396,18105
136109,3999
338628,172
699592,2420
1025798,3508
707809,2727
671735,202
639368,468
322873,36
539437,26459
58150,55686
170911,290
668606,667
462837,601
834764,1049
789389,371
762387,660
532905,868
666168,24
504084,2995
461619,940
729432,26459
727865,2239
671675,235
1005651,7378
885694,2424
634105,1049
662338,41231
913085,3725
811791,6890
875249,6890
779241,48726
882717,48726
935046,18303
567597,1237
1134218,48332
576896,26459
989819,1147
801693,449
490760,3268
937958,131
1112706,18303
787152,44
905011,44
810093,1158
370701,430
1027993,2687
1059104,83678
1074059,83678
1082915,83678
59978,6992
453865,60
742770,1421
650993,12
813137,12
989824,1147
834768,1435
1134676,18303
938299,18303
909138,3592
1035982,2740
837287,55686
136401,543
663189,39
1011472,468
987811,16704
817885,49364
570538,6992
924447,366
623249,3725
1120127,83678
1125319,26459
1032864,2381
468283,6890
703626,1237
735822,6912
876660,2381
1070536,2503
601446,1186
715357,964
838384,338
893187,338
864480,180
1004681,1147
672100,724
667902,133
393217,24245
1042715,2425
931185,11127
1067225,18105
1138480,18105
1140603,18105
632872,2687
669511,1050
1141487,18105
911644,18105
819215,16
553282,44
688641,44
706617,44
819636,82
820261,44
743395,15
917101,1095
934154,1082
1038821,1421
1054839,1421
910905,1041
926235,1421
653415,410
704347,380
504072,294
663985,1301
766723,368
568242,3719
686457,3719
431730,1186
712560,16704
718758,16704
867688,1237
747951,281
922769,762
633659,148
907215,148
933900,180
312473,306
594230,1283
1056655,237
1130335,26459
745233,449
243679,3840
718123,3840
1027216,244
955357,1158
1072902,417
982859,417
569374,969
917104,1095
16633,46
958647,11282
954135,3205
842465,6890
1047576,24245
708695,24245
706618,964
637540,121
686825,3719
985441,11127
767229,368
930415,13
622031,800
22141,5
641036,1038
849865,1038
858719,1038
704692,410
925584,410
717392,660
935039,660
1140587,83678
1143805,83678
1075339,18105
1143809,18105
1143811,18105
1143823,18105
1062473,449
638552,449
944442,449
993407,449
1067930,10484
321714,6646
848762,3205
1047586,24245
1047587,24245
1067886,24245
1067887,24245
1073850,24245
336248,924
873548,24245
1047612,868
1048118,868
1105393,868
633434,3840
670295,868
798026,3840
672243,2293
705337,4391
378463,31614
328943,4772
313078,10625
379209,9644
76326,1064
193998,6808
565852,11411
395919,713
547528,713
645180,713
720930,713
875208,3258
391497,540
682794,540
524356,2481
723835,29831
981516,2481
231354,22220
250907,663
253819,22220
543501,1109
929876,1109
741267,1189
662415,1180
619911,1225
235347,5411
278190,10481
623120,53453
675708,27114
432752,790
342609,32017
415645,4529
434433,4529
537841,32017
433105,282
583699,33783
1115074,5771
332326,5771
879028,4644
649343,964
906774,964
917404,2410
315138,279
137648,865
157912,1894
172674,1894
256186,1894
260838,1894
329520,1894
384802,1894
43010,1894
461485,1894
503323,1894
542415,1894
587310,1894
652537,865
68980,1894
715759,1894
828341,1894
898851,1894
637469,369
646478,190
802560,190
805054,190
846310,190
114022,2698
148118,2698
227538,2698
288883,2698
379634,2698
393864,932
397609,2698
521872,2698
522030,932
565852,2698
59352,2698
652270,932
700385,2698
837432,2698
93177,2698
376110,3725
402630,3725
905928,2696
178335,49702
188650,49702
308541,49702
372808,49702
637552,49702
811544,964
270055,11127
334441,11127
371245,11127
817700,11127
817969,2410
525576,7788
378174,6912
524964,6912
587550,6912
605466,6912
654099,6912
1008640,3325
187211,3325
383153,3325
574901,3325
657386,3325
699171,3325
709006,3325
927636,3325
1072017,1465
445517,1465
719383,1465
818247,1465
830767,1465
848483,1465
1043831,2424
1159044,2424
371008,2424
428993,8827
653415,2424
658848,2424
869063,2424
950918,2424
1004834,1096
1059347,354
307800,354
338637,354
663237,1096
227352,443
294534,678
526164,443
528451,678
53455,443
562030,443
599634,443
651735,678
805055,443
95990,443
202604,173
250450,5724
257988,173
261095,173
340745,173
593415,173
646108,173
726131,5724
807475,5724
325994,206
400797,1177
612130,1177
280701,232
455728,1124
48634,1124
515506,1124
62514,1124
126337,2741
182403,2741
189740,2741
259849,2741
268427,2741
312891,2741
318426,41231
318705,41231
358646,2741
379842,2741
447462,2741
524181,2741
524791,2741
598101,2741
601852,41231
646894,2741
654117,2741
98543,2741
1153568,979
190185,979
194214,4294
198005,4294
198722,4294
205116,4294
225151,4294
226138,4294
268732,979
373187,979
374987,4294
390478,979
428786,979
527026,4294
536081,979
554300,979
562671,4294
603137,979
61764,4294
663254,979
683538,4294
711638,4294
970609,4294
314886,3268
439465,3268
1085018,3329
420196,3329
615302,3329
818085,3329
927644,3329
1043030,7378
172066,2431
178942,2431
211345,2431
256013,2431
286772,7378
340531,2431
348039,7378
350310,2431
383807,2431
477161,2431
502074,7378
547187,2431
59248,2431
666545,2431
688690,7378
695121,2431
711640,2431
800177,7378
836441,2431
862554,2431
935996,2431
257324,2778
543311,1063
722375,1063
182581,265
206386,265
244262,60551
245048,60551
248938,60551
539738,60551
94307,265
94928,60551
952943,60551
95707,60551
129586,1184
294791,61
749552,1184
277179,141
645589,190
660438,190
102740,964
911390,3725
431706,49702
520056,121
817673,121
205927,419
294730,419
353634,419
371001,419
387105,419
499759,687
510310,687
881610,2481
916920,10586
456814,14589
651580,2410
858259,14589
984869,14589
190188,1124
289460,41231
793774,41231
655461,2698
685854,2698
747284,1083
817604,1083
817709,1083
223058,2741
357165,2741
520064,2741
623380,2741
697728,2696
758701,2696
250844,36
279457,36
28396,36
320748,36
36139,36
226450,865
133838,829
615033,829
582058,7964
375391,1044
468539,119
182201,1091
192875,1091
438310,3793
819420,3793
336974,255
583917,255
599663,501
348379,678
393565,2282
499758,2282
739443,2282
504503,2420
596884,2420
929494,710
256942,33741
517284,33741
128931,2784
368982,448
399844,448
197032,327
496996,1391
345763,208
393699,14
1011469,7769
198015,7769
275935,3840
33706,3840
395083,3840
116611,1059
332875,1059
508639,317
559324,317
646829,1059
391907,16704
537599,29831
869465,2740
656441,114
875337,114
46106,903
496652,903
131326,605
232142,605
268273,605
341424,605
354741,605
540466,605
607377,605
63422,605
345577,195
570466,324
532858,156
866670,156
365108,26
502821,26
183383,157
575594,157
598791,157
186704,2976
204116,2976
293603,2976
627760,3654
849429,6251
448471,369
542776,369
127188,58
268327,3948
283196,58
428920,3948
502247,58
569845,3948
1045187,39097
155964,48332
168830,39097
213865,48332
224164,39097
248934,48332
248935,39097
264646,39097
271635,39097
305418,39097
320248,39097
343316,39097
365540,48332
463845,48332
491264,39097
517081,39097
522832,39097
537538,39097
59877,39097
899884,39097
111072,53646
213980,53646
236468,53646
325386,26459
359796,53646
365195,26459
370399,53646
396530,53646
404851,53646
428603,53646
49016,26459
624920,53646
737982,26459
831697,26459
844373,53646
91727,53646
91931,53646
962090,53646
99863,53646
395522,6912
396428,6912
177960,443
419828,443
574660,964
603149,1083
86097,1083
655012,968
840149,968
855731,968
94137,1245
97241,1245
371861,172
561217,172
649490,2727
706860,172
865682,2727
101531,54189
104543,54189
190146,54189
273455,54189
323713,54189
352332,54189
484599,54189
524860,54189
579084,54189
652803,54189
695769,54189
820474,54189
870435,54189
1082823,660
242854,55686
404849,660
597880,660
681497,55686
692997,55686
858712,660
941418,660
1061628,48726
396411,10690
470831,10690
546532,10690
726019,10690
194547,4294
276030,4294
598629,4294
740498,4294
906307,1465
482102,1177
160117,1894
48805,5724
685154,1894
1111166,173
16756,2698
334481,14589
913018,1124
565431,520
774769,520
1159792,601
623095,601
931712,601
864306,354
142924,475
240263,475
262489,3057
385918,3057
415522,475
432403,475
521966,475
583906,3057
612749,3057
696181,3057
706063,475
227199,61825
307053,61825
369093,61825
395069,61825
539436,338
669306,338
821535,61825
911644,61825
343492,3592
357776,3592
396532,18303
418173,3592
524031,18303
669305,3592
830079,18303
871863,18303
221955,63007
315236,63007
337198,6992
343622,63007
356936,6992
404845,63007
421636,6992
448867,63007
449084,6992
492354,63007
509837,63007
521997,63007
567735,63007
57895,63007
58402,63007
59290,63007
812170,63007
81649,63007
928276,63007
840836,7378
842718,7378
916954,7378
974506,3345
1159449,3268
263860,8024
339707,8024
657435,8024
410436,678
166581,60551
1119447,1184
363740,26459
522058,26459
810558,12048
127048,141
1052374,101634
917809,29109
1159925,61761
748936,61761
1166712,45200
808971,101362
572399,87883
214056,114
294814,10157
632083,157
624913,119
866328,317
1032786,903
158816,903
418144,903
503884,903
527248,903
388519,605
1012534,234
339332,383
409344,234
412941,234
416660,234
627207,383
813437,383
404912,49702
409485,3057
288857,39097
522328,39097
606248,39097
746397,39097
186644,190
332326,5724
400542,5724
515050,1083
353037,232
59597,2698
455016,14589
875447,11127
340343,172
897051,520
926670,172
607225,54189
678075,54189
939802,54189
375659,63007
523903,63007
533318,63007
632667,63007
96498,63007
307823,2759
326590,2759
395729,2759
407745,371
437573,2759
581109,371
634666,2759
853110,371
119574,511
125868,987
228791,987
320408,511
334499,511
403564,511
501709,987
551001,511
624751,511
703475,511
727132,511
128899,124
258916,124
317806,124
386914,124
399258,2553
423752,2553
433329,2553
519731,124
582078,2553
776798,124
91315,2553
148215,370
173192,1241
481244,370
505198,1241
540516,1241
617460,370
264302,2578
307094,43
365877,2578
450724,2578
469952,43
530881,2578
549566,2578
565913,2578
633753,43
734487,43
903456,2578
664808,865
926951,369
283233,206
788445,2778
339780,3725
357917,58
844516,58
719672,968
893661,2282
393806,601
245021,53646
341485,53646
495920,53646
717415,60551
343963,10690
369155,3592
748838,10690
1035981,2740
1118450,2740
973704,2740
208281,465
260100,465
457528,465
309400,11
357662,11
420243,11
51471,281
412952,1063
697716,1063
369424,349
406736,349
623740,899
744149,164
470596,355
921735,337
93831,1181
443726,6699
484838,6699
693066,3537
874538,6699
530915,3455
586986,1220
503743,641
555820,641
701011,1110
728982,1110
325200,3008
357158,3008
388266,3008
265990,1034
566677,1032
346469,1198
532541,2262
626888,2262
652979,2262
874066,1211
305274,1194
551007,3697
712099,1194
714459,3697
565675,1098
357658,512
535927,512
568005,984
695454,512
743627,289
957224,289
463751,1302
559130,2288
646353,2288
484389,1071
655987,1071
801989,947
531925,22110
598828,11127
340538,49702
461512,232
599150,232
748341,49702
754040,49702
33829,1075
553062,1075
606752,1075
979410,122
116598,190
481128,197
322985,990
920790,990
587019,988
745846,1060
944551,1060
1053908,3054
581677,3054
284883,720
45320,294
454567,294
500054,294
1037842,41231
440135,41231
951303,14589
987480,41231
988532,41231
939065,1124
216240,16704
127189,244
168063,265
410225,244
476352,244
58864,244
623570,244
450211,124
741236,2455
462819,5818
632901,8024
237623,60551
321195,62
423606,60551
223053,683
266809,683
481688,683
521127,683
65467,683
661427,1090
735701,1090
225339,669
507223,669
845566,669
187587,114
461948,114
137206,1091
271098,2282
157501,3840
349608,3840
410158,36
746997,43
704075,317
983677,317
369319,903
336012,170
68645,605
129078,1132
242606,1132
293281,1132
333014,1132
401320,1132
468249,1132
475959,281
548729,1132
566799,1132
583199,281
745461,1132
391780,42
229006,18
263361,18
284010,18
544148,18
574201,18
724104,18
794592,173
608889,499
620295,724
651977,499
652996,499
929359,724
967948,724
174094,417
216569,417
652275,1082
816580,1082
500067,1096
617267,3329
652332,3329
718152,3329
847759,3329
311044,367
401624,3302
442805,3302
537762,3302
649033,3302
82503,367
844637,3302
212723,368
328480,1049
622992,1049
660735,368
676042,368
157543,449
158946,589
186172,589
190289,589
213555,589
267160,589
293168,449
699418,589
700010,449
205677,8970
226025,8970
238654,8970
297645,8970
337811,8970
398030,8970
412758,8970
416386,8970
453864,8970
459128,8970
459988,8970
543666,8970
550116,8970
804812,8970
88706,8970
136111,252
167491,252
226524,252
251878,252
330208,252
33763,252
554903,252
568559,252
290017,410
481623,410
524010,410
572265,410
633530,410
682032,410
81512,410
433984,1025
531065,1025
818880,1025
132098,27
223967,27
368887,23826
404950,23826
503482,27
559263,23826
566931,23826
627442,23826
236490,703
425306,703
583189,703
330659,989
471690,989
611793,989
730861,989
125685,1031
169801,1031
191422,1237
207742,1031
244338,1031
246963,1031
278166,1031
319900,1031
324882,1031
3333,1237
344830,1031
392591,1031
407021,1031
469958,1031
504581,1031
608175,1031
626724,1237
649452,1031
658536,1237
77757,1031
14086,29
206040,931
355861,29
627248,29
262980,873
377468,350
546712,350
554251,350
609556,350
61697,350
663581,350
670859,350
746739,350
852024,350
249565,405
395516,405
397033,762
398065,762
399776,405
284177,4
195778,79
297583,79
518505,79
943795,79
106987,16
284732,16
405687,39
541231,39
111455,15
193082,15
656681,15
7161,15
977464,15
204047,80
274461,80
334213,80
364258,80
146258,1304
185817,1304
203938,610
429916,1304
455662,1304
485584,610
488755,610
502288,1304
742451,610
787907,610
93637,1304
989998,1304
124495,1269
288449,468
297693,468
309393,1269
360519,1269
361066,1269
361082,1269
524687,468
568377,468
587588,468
595940,1269
648887,1269
668183,1269
204069,583
281963,583
296622,583
476701,583
550550,583
557149,583
405397,1421
405686,1421
409153,1421
453376,1421
576121,1421
847279,1421
893675,1421
910176,1421
980576,1421
187809,200
412959,200
541134,200
816974,383
247633,235
393241,235
412949,306
438310,306
465326,235
582131,235
88721,235
606849,54189
977484,54189
1034665,3948
347594,2727
396847,3948
727089,3948
592375,3268
857079,4294
325443,336
355370,6912
952282,336
207561,2424
549027,2424
641576,2424
717585,2424
581678,418
626954,621
81999,418
834752,621
142021,237
142031,237
199369,472
203516,472
215099,472
223725,472
230222,472
282421,472
343463,237
417913,472
443222,472
510396,472
566574,472
581781,472
588426,472
657430,237
678406,472
12282,12321
297070,681
343537,12321
720038,12321
743591,12321
136537,6992
448783,6992
358956,26459
892054,53646
346315,124
511622,1241
344008,2759
218144,465
387579,511
41131,511
125858,141
145988,141
124673,3209
148396,3209
166230,3209
186848,7775
191556,3209
193303,3209
204201,3209
212229,3209
217886,3209
251345,7775
252689,7775
258618,3209
283211,3209
355987,3209
364567,3209
42942,3209
498517,3209
530742,7775
570548,7775
581140,7775
588020,7775
604777,7775
618898,3209
826296,7775
95152,3209
181783,10484
226802,10484
269171,10484
319674,10484
327402,868
530157,868
55524,868
693352,10484
78339,868
879028,868
262636,924
295810,2293
318507,2293
459965,924
551554,924
569777,924
85352,2293
241076,749
336960,749
421873,749
931567,749
43217,332
331498,276
815539,276
88909,276
964087,276
284595,1390
293228,458
310527,1390
358166,1390
385394,1390
457674,1390
460651,1390
613393,1390
666547,1390
85393,1390
982267,1390
125714,1148
286047,148
294057,148
469050,1148
556385,148
557459,148
386047,631
403151,631
451276,31
485585,631
534033,31
614258,631
620322,631
711999,631
776890,631
579565,38
242063,82
369674,82
382478,82
401527,82
616344,82
186988,167
251299,167
288340,167
391742,167
569457,167
117478,2036
120189,2036
133731,2036
191359,2036
192169,2036
273669,2036
337092,2036
342967,2036
392710,2036
394033,2036
43824,2036
448028,2036
471055,2036
645774,2036
94030,2036
337036,127
290587,24
328784,24
445939,24
448177,24
661171,24
931838,24
337333,89
393323,89
787232,89
584254,60
929090,865
413942,5724
728924,2778
807386,2778
333859,1177
187245,385
226074,385
586855,385
589128,234
593862,234
315233,467
351567,467
432682,467
485582,467
505675,467
559327,467
585334,798
595238,798
605395,798
608407,798
620317,467
764863,798
140803,723
156887,723
241420,723
290615,723
315211,723
361074,723
378316,723
484987,723
534015,723
547354,723
590773,723
667263,723
706896,723
77001,723
865281,723
90343,723
265324,1435
479643,1090
657957,1435
187718,1041
238266,1041
539232,667
540664,667
559328,667
743598,667
962555,667
156618,347
306382,347
481513,347
57216,347
628834,347
633992,273
707063,347
739076,347
837329,347
855308,347
918969,347
251322,162
344151,3524
494236,3524
275249,415
393621,995
410185,995
467632,415
668268,995
807689,415
912902,415
1028162,738
122840,738
181382,738
249636,738
279570,738
344607,738
351843,738
379869,738
432772,738
551505,969
568698,738
607034,969
662242,738
667965,738
667967,738
763182,738
768380,738
770407,738
982393,969
127142,3911
241501,826
691786,826
711976,826
656316,1245
395523,3057
379168,157
707621,968
659705,3325
468260,2431
718643,2431
207571,1465
302991,1465
429309,1465
667121,1465
90681,1465
262939,331
292818,940
449796,331
618809,940
131275,3709
53622,131
66100,131
238407,1050
336869,150
380598,1050
85288,150
795280,61825
709478,10690
842479,43
1001854,903
344969,987
565821,987
1137664,126
291760,126
354214,126
413502,126
433105,126
458588,126
508780,126
581429,126
616885,126
672597,126
685329,126
873440,126
28140,2832
313691,2832
352659,2832
462738,2832
590926,2832
1141628,2381
153678,152
168530,152
177031,2381
189186,152
204176,152
204189,152
208848,152
224088,152
240497,152
265569,152
276337,2381
282734,2381
291124,152
340310,152
354340,152
598399,152
85291,152
928352,152
98131,152
22628,380
808224,380
439072,6574
441515,6574
457422,6574
493702,6574
650993,6574
746891,6574
197751,1047
300532,1005
418571,1005
442703,1005
709985,1005
731525,1005
926952,1005
197471,2919
311178,2919
55769,2919
787618,2919
234509,985
346483,985
231590,105
237226,105
283497,105
286596,105
346849,105
349433,105
388160,105
433388,105
464195,105
673071,105
692070,105
77812,105
93651,105
94148,105
107219,3
196095,3
515017,3
542697,3
116088,533
228645,533
263380,533
324861,533
44720,1894
104700,49702
672202,3725
466805,720
542769,979
657387,979
801463,979
268670,16795
290346,16795
320141,13
388545,16795
394694,16795
398163,16795
448344,16795
57500,13
583510,16795
61253,16795
70245,16795
713644,16795
991268,16795
211251,2687
237499,1108
289255,1108
289257,1108
422466,2687
431190,1108
465967,1108
559979,1108
662261,1108
718034,1108
927768,2687
93936,1108
718409,18303
719652,18303
817676,18303
182870,11282
212832,6890
324803,11282
327757,6890
363794,11282
522714,11282
530737,11282
696693,11282
91945,11282
111433,6646
111627,6646
144128,6646
205809,6646
451642,6646
542336,2239
99227,2239
157507,416
357992,416
592857,5784
589139,5776
923776,5776
1041532,1075
174694,1075
295414,1075
234918,2441
585068,62
577394,1090
182682,605
731899,605
135490,255
654986,157
248271,36
353922,36
655895,36
509802,2282
322985,350
282250,190
799899,190
922825,1894
913495,244
208167,86
338668,86
825073,86
679414,1304
936571,1304
394903,2727
435587,2727
154319,3268
236537,3268
461496,336
323167,1050
426192,1050
709969,1050
513970,472
534379,472
617060,472
707279,1049
1084065,53646
375657,53646
726016,18303
774067,10690
323379,924
573111,924
190222,589
170672,3999
228885,3999
243225,60949
253738,3999
257468,60949
315441,60949
324352,60949
357186,60949
482769,60949
514290,3999
615182,60949
669531,60949
204103,931
461883,931
735571,931
146310,31
503981,762
396638,148
754037,2410
815346,2741
288230,583
817180,415
285845,1041
507344,969
406640,16
810649,3
618472,23826
387106,82
388294,2036
196793,80
265209,80
1030525,499
347900,383
805149,499
315283,385
351216,723
361124,723
477249,723
793099,723
913022,385
591880,798
694186,610
702834,724
492634,3948
241527,276
377042,276
550106,749
188436,8970
468066,6195
671915,8970
354814,430
362842,430
388516,252
628366,430
823486,430
831162,430
215649,2919
314965,2919
318528,46
394300,46
41384,46
42205,46
441986,46
585982,46
91970,46
599978,7378
539154,3325
1059814,2431
299400,2431
390638,294
588635,2431
367464,3302
490223,3302
625047,621
631002,331
258987,940
623524,940
1003436,2740
722371,26459
182912,48726
442320,7775
394872,449
510241,449
699980,449
238809,11282
336158,126
103444,30120
144304,30120
174042,2671
177475,2671
205902,30120
216489,30120
295780,30120
333098,30120
344393,30120
409093,30120
416465,2671
46062,30120
527967,30120
537599,30120
611149,30120
75413,30120
905184,30120
181579,379
401356,379
687626,631
874080,631
490967,369
893663,14589
81349,1124
334526,162
648779,162
149716,1082
574385,1421
288225,273
74683,273
975689,826
381187,738
469976,738
273132,89
692737,89
82009,89
232463,105
370998,105
322073,200
361070,200
603477,306
697278,306
869067,306
710886,234
860812,468
806384,1269
443308,235
747017,1090
395242,58
743629,968
92164,58
581329,157
697277,475
780548,157
265763,601
282897,601
418661,601
547039,601
90024,1245
356141,398
462823,398
522784,398
911328,1005
258027,12
369684,12
395693,12
570466,380
659415,12
315867,800
435772,800
564305,800
734898,6574
94005,800
370846,506
459658,506
845654,506
821824,8024
542819,2687
694928,13
1000136,3709
1061660,12321
732096,3709
327911,60551
288121,2832
400649,2381
701845,2832
131951,6646
163639,6646
662134,6890
143424,114
153754,3209
182079,3209
204049,3209
291739,114
491966,3209
521956,3209
179548,3385
181469,3385
277135,3385
295624,3385
298642,3385
299561,3385
330085,683
340323,3385
464535,3385
465868,3385
481680,3385
555194,3385
586925,3385
60164,3385
736777,3385
878247,3385
155054,653
203966,653
418652,653
63489,653
382423,6676
505925,1091
707103,6676
728200,6676
586834,873
410735,1063
202886,5
315779,5
346890,5
365108,1025
401922,5
460939,5
319160,1390
740273,3329
237125,16795
501418,368
572271,1108
191614,36
293661,152
341647,36
263267,868
275681,3840
338226,868
391498,868
361104,383
659513,1096
1113068,12045
787302,6673
486084,3723
743231,78749
866326,58065
532483,45913
652459,43502
507341,452
371256,141
210747,265
1173331,53646
1173333,53646
1173334,53646
628580,53646
1113197,39097
571189,39097
88879,39097
1018927,48332
725356,48332
526578,6992
1171171,63007
243843,63007
1143800,55686
570537,55686
660746,3948
462252,4772
344299,114
665538,865
405892,317
567597,43
491616,683
615642,6621
742803,683
185164,1109
344107,370
345343,370
131978,1031
264220,1031
282660,79
324278,23826
467610,2431
784719,1465
796739,2431
192279,418
355689,472
555143,681
388465,2293
340179,6418
438927,6418
655678,6418
68410,6418
700182,6418
873252,6418
366143,2410
565093,1237
670688,29
659542,826
483046,15
787151,18
936981,15
581357,2036
237162,105
545331,467
56331,467
56836,235
394127,385
552655,798
632088,798
236510,601
159522,354
364370,354
255461,8970
361065,800
370701,8970
521407,8970
261905,276
503991,5
264848,3325
479648,2424
741517,8024
819249,7378
320271,237
54217,16795
396894,2687
354640,18303
485395,371
614700,2578
647376,2578
726860,2578
565674,903
701011,987
272631,3209
370042,10484
192409,449
472242,449
496996,126
655912,449
293228,589
308278,2381
142208,3385
222556,3385
438311,3385
537956,3385
718115,2441
932259,2441
381206,653
554398,6676
282199,265
584548,60949
708169,11127
671829,49702
338635,1132
392085,405
646658,1132
632349,31
464597,678
332069,1894
610297,173
69636,1894
87162,1894
277607,865
505308,415
276768,738
283127,738
649023,1158
700078,1158
810411,1158
836518,1082
855134,1041
1111776,347
804661,347
919620,347
279009,39
360520,1269
586429,200
610428,200
631904,1269
432698,723
571149,234
782476,723
369552,306
432298,475
159622,172
170646,58
91849,58
434433,1005
471936,430
547985,430
367992,1025
633668,1025
207877,252
417575,6574
583404,6574
367468,2420
739477,3268
636703,131
251845,1049
467243,2740
546253,6992
442784,48332
530696,660
526790,511
214078,370
168408,152
291399,152
167859,6646
170895,868
429551,868
80059,6646
255686,30120
460800,30120
533238,30120
124560,3999
118302,3060
164729,3060
168158,3060
253290,3060
284306,3060
432752,683
502893,3060
598153,3060
223972,206
668606,206
391719,410
448466,380
732507,380
929494,380
991268,1108
569056,3592
723621,3592
471286,1124
395485,2698
517300,16704
917980,49702
222805,232
331059,121
354145,121
511534,641
433257,1194
396908,1003
622380,1003
406637,1181
520651,1181
670558,543
821522,543
863741,543
205657,603
696346,337
33027,1031
456292,1148
717411,1148
718250,1148
734425,1148
303657,989
801420,2805
507700,677
715380,2696
467437,383
724537,164
371021,1132
392179,1132
402733,703
631996,703
743498,1132
743600,703
1072898,350
121254,350
389253,350
490224,350
533662,350
874043,350
595809,29
655006,631
667925,405
926135,405
948916,903
126540,1082
429987,1090
543499,379
227081,244
298583,995
868891,995
955253,995
31599,2036
75489,16
596160,468
694039,467
747019,467
295059,2727
481116,2727
486051,601
96341,12
523318,940
1111241,126
181477,30120
250937,3060
53077,30120
535955,703
568177,631
262226,931
486049,281
661207,281
505194,350
503770,162
977877,826
395674,3911
507341,273
543051,3911
287920,105
322075,105
340322,15
355369,18
307924,533
748382,82
596153,86
443710,79
593774,1269
486043,1435
607144,306
361083,798
559333,798
572919,1304
565406,520
659518,520
232144,1245
316709,54189
385639,54189
487843,2919
496745,800
199258,1390
208172,1390
564529,1025
465830,398
513245,6195
668951,8970
504087,294
466801,150
527698,367
282076,1108
377219,1049
434990,1108
941867,1049
711625,3709
300716,681
334222,16795
707276,16795
59047,53646
761326,660
809569,61825
356396,2553
406736,2553
854853,2553
668592,465
216270,511
589926,511
920790,511
113052,3209
284835,3209
111036,6890
520815,6890
73734,2293
743091,6890
812659,3205
416479,6418
967502,6567
610442,985
610429,2778
74228,369
658534,5724
335003,1063
801886,1063
315138,678
372240,865
499759,865
881116,865
476836,415
245537,1082
589737,969
325223,1041
651005,583
708265,583
955070,1041
1049151,1158
239647,1158
594991,738
1099726,347
1111777,347
170544,347
375391,347
453870,89
545332,89
456492,3
591193,24
321195,234
387105,234
197642,610
371001,610
410854,385
515396,385
701055,610
729814,610
748601,610
1094229,724
393239,317
765468,724
177866,499
436064,499
647534,499
340166,3948
746910,3948
624913,172
144143,749
203842,749
324377,749
77825,749
707450,430
432092,1005
607226,380
469787,252
73794,416
396333,8024
610335,720
756990,720
880245,1465
29364,1075
946883,336
369706,979
388581,3325
742073,979
668547,472
400131,237
158863,131
182712,131
462250,131
176412,63007
343151,63007
935039,55686
585339,370
369424,987
752455,7775
189070,2381
193612,60949
238630,60949
242295,3999
304338,3999
553663,683
164913,1091
567668,653
653348,2410
312712,1894
503625,1894
1010984,369
103981,369
802557,369
610427,5733
1108637,865
1171600,865
1171602,865
802518,865
848124,865
905218,865
111053,443
341535,443
591619,443
490842,5818
527467,5776
198067,173
293315,173
944417,173
950320,173
964562,173
594273,979
433358,2420
935996,7179
303157,1177
345746,1177
808447,3984
905189,3984
487969,583
124182,968
339328,1096
387143,968
655902,968
711382,1108
1074482,10690
430592,49702
487421,49702
697954,121
703497,121
282429,985
466810,1237
217115,1148
314210,350
470607,148
583199,350
601883,281
433183,543
450050,543
478573,31
242631,931
381967,1031
672803,273
979766,273
203746,826
357072,826
388266,347
400680,347
763079,826
159844,23826
183321,167
452477,60
353948,89
460245,82
339314,79
690799,79
344069,533
181547,80
855015,24
594039,499
627750,235
467563,383
957544,467
698548,385
668276,200
686845,200
536475,54189
345468,1184
320046,172
490384,252
257462,5
525704,398
695454,3329
134602,4294
399844,6912
487688,6912
537844,294
563137,2687
551182,150
689637,150
724520,150
271455,940
448628,13
707274,1049
726036,18303
745252,18303
1033963,660
129646,660
19619,39097
787776,39097
371814,371
504090,371
539043,371
243770,370
289791,2553
1044538,987
732206,987
169568,1241
200475,2832
405399,2832
60577,2832
202278,152
217111,141
311489,152
320701,152
345577,152
450936,141
558727,152
821622,152
136180,3209
222876,3840
566271,3840
222977,126
481128,126
608469,126
71292,126
72768,2293
174488,6418
176249,3999
243302,3999
247589,653
703581,2696
375857,2741
1025424,41231
512385,989
262749,11
268113,206
678277,678
802512,678
807165,244
157495,1158
708678,1158
429901,1041
655006,1041
344864,995
354666,3524
669000,3524
323831,86
485747,2036
621802,86
187499,105
57598,105
293194,610
315128,317
510310,610
395677,723
463610,723
543501,1090
596148,468
859396,468
206225,3057
564489,3057
102226,58
503988,601
627163,601
712857,601
802997,354
144244,1390
555820,410
876298,1390
459763,800
12907,6574
195171,6574
298975,8970
461833,8970
325924,1005
542588,2919
180337,12
257751,749
371149,12
569375,1465
952730,2424
997472,7378
726705,3268
249513,3709
532826,3709
387687,3302
709372,1050
25557,368
303259,368
344605,368
603940,472
687881,48332
59442,63007
773961,48726
130756,924
236400,6890
293998,6890
448854,6890
252641,11282
286005,10484
289510,10484
306166,10484
377387,11282
435135,10484
272855,449
395234,449
204116,589
205927,36
293603,589
46104,683
162079,6676
564451,6676
839973,6676
1166093,30120
189439,3385
234733,3385
529596,30120
221540,1091
234193,605
335725,605
99352,605
225004,2698
368982,2698
494237,964
512394,2698
843931,47
148368,703
375885,703
381963,1132
392768,703
148252,1025
502821,1025
540333,276
546880,416
52480,3325
466794,12321
811778,16795
965929,2740
126656,7775
335461,7775
341019,6646
451353,7775
566572,7775
622801,6646
340251,2381
576982,868
107525,60949
339829,3060
42942,3060
457244,60949
491648,3060
526448,2741
534909,2741
199976,5
480705,159
684998,159
726526,159
192616,452
356044,720
833315,660
395919,11127
615642,2698
637545,1083
918332,1083
746358,3725
111051,826
225020,368
39983,89
735568,6195
345449,409
479638,294
353366,46
449721,1124
701937,14589
415912,379
431811,683
380350,1237
1061282,150
450241,197
89086,10586
684159,3948
490309,1109
550829,15
585068,1109
110708,687
90466,369
666977,417
270027,105
529223,1435
208690,252
82048,1005
131731,8970
1083965,18303
64341,18303
882224,6992
195906,2832
659543,995
671594,3911
287579,985
497291,703
604320,27
302215,86
820241,3
183720,39
464906,1304
746838,724
205128,200
646991,467
721470,306
326300,54189
570781,54189
610649,601
667903,172
170481,2919
887638,5
341516,979
829434,4294
623120,3268
14881,1465
73517,368
380376,53646
935095,338
1049889,903
1187799,2578
181714,2578
986866,1241
126687,6646
361264,6646
341429,141
157848,152
340967,152
619911,126
79110,2381
1044539,3027
1043583,24232
931521,28457
1031045,5751
1031047,5751
1027067,2801
1027071,26154
819798,678
659520,244
901019,826
1011200,667
973085,1237
670858,762
867357,24
607173,499
640558,1269
16911,58
1163778,475
1160122,1245
668587,520
381950,1025
489611,749
290862,430
698259,410
277635,2687
237617,472
1158515,60551
834898,60551
838384,10690
313078,3840
134277,3205
170953,3205
286384,114
352811,3205
461951,3205
580276,2293
136647,6418
901801,605
196961,30120
147462,2441
170986,27
468539,27
868622,27
240219,1005
243744,924
824357,924
1185406,26459
775709,18303
802547,443
922847,443
922905,443
560694,641
1088818,1031
548470,1031
438001,543
801472,1072
499604,3052
536508,1132
253341,873
258919,873
747153,985
704773,610
769063,5
182932,46
655456,416
742521,12321
221958,1049
390823,472
811841,3840
279829,30120
330060,3999
192605,653
735354,60949
1189252,55686
1059630,61825
1109816,61825
1138480,61825
1143807,61825
1143821,61825
1189253,61825
1189255,61825
345747,5724
1011469,206
659225,3732
919469,206
953893,206
802516,190
851804,190
926993,190
182403,3729
425753,2374
601851,3690
810570,3690
363010,75231
1033486,3714
623232,91328
416704,59024
417346,29
392777,603
611793,164
332705,989
349300,512
796037,11
260166,1123
296422,931
670861,31
130616,4294
573907,4294
618102,1304
979551,54189
449151,252
861981,252
919262,2431
247652,16795
892823,3385
646896,3719
929867,3268
406151,720
354482,244
888493,148
880054,380
198008,681
581405,10690
913136,124
66953,3209
794349,3911
711544,1041
639712,738
974996,1082
1005649,703
953857,468
274484,54189
502261,3948
744728,8970
228444,252
1136725,18303
157113,6646
205760,265
344310,2671
537467,2671
319623,3999
93831,173
670850,631
20005,2919
748316,276
408563,6890
55605,3205
212430,6676
449377,2698
334477,964
126719,294
1021048,1124
692563,49702
910769,49702
984846,49702
697726,121
614988,13
624266,124
723614,12
724350,2481
544931,687
541020,200
1013774,3302
316575,80
119286,105
438315,105
507345,79
257980,235
808578,235
396635,2727
785967,12321
895334,1049
967509,2553
325602,511
255688,2381
422287,2671
164912,30120
631410,30120
724033,30120
530131,3385
1053147,1041
182618,1158
938009,1158
230818,60
447216,1269
460845,385
895089,317
820474,1184
238993,1390
627226,8970
848509,276
746712,430
25289,2431
858719,3268
124715,7775
82130,2293
201248,152
615300,6418
94924,3060
668683,6418
967981,10690
699265,2374
669310,3592
734799,3592
69683,3999
855256,989
743597,873
61842,1031
359692,724
644613,385
625169,467
1173042,601
627205,968
64399,940
630989,150
184816,3209
58855,3209
1178474,1421
1097139,1082
1047104,969
448705,610
447801,1304
866250,252
620477,8970
890290,506
51736,1390
733576,472
938158,131
466807,1050
387928,53646
1084075,60551
56818,30120
659521,3840
727147,6646
343052,449
858238,1075
420890,122
796298,31
845289,31
721227,12
750904,417
93704,39
816572,979
1031293,350
1082850,631
792380,27
307052,167
291941,3325
314944,2420
742091,2424
277777,48332
624243,511
728982,2759
415816,2578
238856,60949
903442,23303
969525,3016
967523,3032
1044538,3012
364409,1031
891836,724
776303,5
274536,3385
539134,749
352721,2832
935550,114
1082519,276
33763,2239
194549,380
383705,235
338632,723
77563,723
177821,1268
207048,306
400549,1426
457341,33
79967,35
184204,2036
227084,2036
57796,2036
1011316,472
1019408,472
1146029,472
284430,472
913955,472
940462,472
238752,714
246204,714
663578,714
611816,2502
314378,6699
451991,1241
315862,5621
451154,1005
583046,1005
1009633,410
130394,1390
340353,410
654949,410
797791,410
854325,410
896424,410
159894,202
462285,1304
928612,468
942790,468
235108,385
1026866,443
1130086,443
795056,443
883600,443
524590,30
157535,44
574193,533
438682,3709
537763,3709
397676,367
527966,367
638588,367
711626,368
1076815,940
892929,940
625657,681
661145,681
711377,681
834485,621
857830,237
947431,237
947460,237
1032447,2687
834737,2687
429564,12567
711394,13222
565899,1531
540536,1176
1045767,897
1041934,21322
745452,931
921995,931
572519,610
816416,14589
816423,14589
240252,8970
724106,6574
172779,467
424330,133
594240,384
664808,3892
990860,1228
458734,403
1054931,1108
258475,1108
631693,1108
646734,1108
257388,16795
412042,16795
1074053,338
114422,141
504855,349
686839,349
815078,60
1186012,968
568362,2727
775981,968
908236,2424
353147,7378
138736,3209
859925,924
458353,7775
646948,7775
572879,2441
659331,986
403564,3688
623560,1071
580809,1150
496660,1198
667914,1032
496661,3054
821522,1098
466602,1181
503769,1112
706963,865
999229,667
575693,415
947360,162
463601,347
124419,703
907489,79
956050,354
1010225,520
825441,520
289446,430
289843,6676
443541,1195
614811,1042
193079,358
505548,358
614603,358
648032,358
938300,18303
505969,11282
248219,2832
203716,3385
503883,1096
1049888,903
948294,418
689634,197
506150,336
193256,273
936536,12
708410,589
922764,762
444208,1132
184129,1031
742023,54189
430280,506
1054542,2431
606810,2759
455758,60949
537373,605
881299,369
242272,63007
909262,121
527350,142
250030,724
342172,3999
420921,3999
724034,3060
321860,1894
533086,762
698151,762
900601,762
146693,105
663900,800
1058368,5
565531,371
836336,11282
536507,683
1001839,3030
719682,12886
1001854,2802
107544,1519
251485,1519
368629,1519
567148,3001
904922,3033
652633,2760
335600,2451
818285,3491
555166,232
59209,2741
1111912,1421
45403,738
747720,1090
580434,2727
935230,418
700998,5
1028125,3524
548716,3524
256339,46
706889,610
867700,1237
624258,31
1176345,273
696027,15
908022,924
649024,995
587002,1148
1035983,54189
671652,2431
1065901,7378
757272,11177
405073,1894
1083024,1082
466783,583
657817,1237
796305,148
90317,39
34322,150
891310,3302
422203,449
424900,1032
979235,2687
468301,1091
161202,3385
636119,1049
980242,1049
675535,24
1032280,368
591957,1108
718029,1108
27493,237
409886,7077
706797,2687
1000626,12321
1061656,12321
938729,621
632913,13240
1209124,26459
364234,3840
563963,162
196722,873
745851,350
744857,24
917015,105
923504,2778
465555,631
517704,2425
78961,2553
450239,41231
948938,371
652797,281
710968,159
895074,281
937955,131
424881,683
656800,610
820620,800
895937,800
938678,800
988862,800
732119,31
803005,12
929912,15
733309,828
361508,39
698523,39
684318,16
814950,82
467616,724
353785,475
727528,475
909254,43
807128,667
618425,969
800948,5
520454,2462
344381,631
1159022,8970
480457,133
451297,3892
903666,583
466797,468
57328,1268
930997,467
704772,1090
735416,6676
588744,1435
1096365,499
182904,405
1186020,54189
780630,985
865621,924
820148,589
662140,3205
74040,126
1072260,152
129585,54189
628451,631
790992,631
903223,172
666549,2431
250683,6195
616628,2919
977465,294
543164,350
883349,5
740087,1465
540536,1108
742201,1108
849429,1241
505653,124
531840,465
741257,5
275218,16795
552912,16795
464632,60949
284883,683
872171,583
943837,131
173589,30120
237641,3385
1012516,380
748807,506
720613,114
873445,114
724783,543
667925,1194
690924,6912
706176,6912
72857,2431
1161013,152
652330,418
743587,418
861410,418
471474,5358
1034853,150
568005,677
669366,1003
366729,289
667287,164
426192,350
433818,3008
480975,3008
963878,989
146795,180
348623,180
503977,180
854689,1237
542819,466
936842,631
506470,603
611430,1035
331779,2288
612517,2288
503075,800
890290,12
250153,6195
412660,410
1016253,141
605110,141
882568,2293
942940,141
257448,683
937168,265
198015,3385
947432,237
1210422,472
366948,940
1009766,1049
670850,1110
983702,281
297212,399
381753,399
684210,399
504075,3268
797572,1050
670845,985
1020670,10484
1071252,114
345587,60949
361027,60949
638196,6676
631007,5
481675,398
1046188,141
247377,8970
656441,244
902467,244
488768,235
687609,368
1004301,273
670847,417
228948,162
774772,162
288255,24
369567,24
400489,23826
84435,89
485585,16
186704,385
566013,468
814453,749
909894,749
534084,380
197880,3325
24202,3325
1054909,150
345449,16795
481692,3060
464529,3385
157543,6646
918250,1158
918268,1158
934838,1158
713787,826
384060,995
654415,3524
852024,995
916497,3524
373433,1041
743386,1041
923838,738
463613,415
237666,969
170527,148
568559,148
738478,723
386914,200
875581,200
586659,467
73926,430
668267,294
851804,2425
324344,265
293771,6676
466452,30120
39983,36
887961,2381
633442,2293
888738,8970
655894,3205
438311,4603
726721,1090
569384,368
766552,368
867611,1108
341317,337
953135,379
336974,653
416472,30120
469760,30120
295024,265
923915,12321
621993,703
357163,3329
974506,336
962110,131
1019173,157
158799,157
602781,157
719654,354
1038950,2687
282429,1148
804831,16
324861,105
241378,1304
507223,1090
168166,601
444209,601
570385,601
990731,3057
264848,3268
225122,1050
248219,10484
25508,6646
510241,6646
163053,3209
248271,3209
1176866,3840
256453,653
149724,30120
609651,3999
1027068,44482
203869,2451
396561,2451
554250,2451
166260,2795
268527,1241
395729,2795
59543,987
757272,987
903456,3020
975843,987
423757,2760
502070,2759
551007,2759
550957,465
821905,3001
1041600,43
712099,43
84979,17602
1032786,3804
948911,3804
433652,2578
652674,2802
614700,511
686839,511
77715,511
551001,31
374954,167
1157420,1096
168471,1245
336697,54189
727747,54189
910905,54189
59082,3948
197751,749
539134,2919
392966,8970
674806,1005
334835,380
397225,380
483348,252
314969,3325
549013,2425
366278,2431
290384,7378
607224,368
689505,150
259953,36
314853,2832
379209,2832
419828,60949
854633,371
136184,114
796303,631
188888,681
175722,27
294791,89
357917,385
232964,903
258912,903
371142,903
326427,2578
811778,294
149752,265
162571,265
208166,265
221321,449
469064,989
936901,989
1018259,1041
315145,273
743501,1041
723835,499
296356,3057
774771,520
834899,520
769063,3302
192616,244
608739,244
892973,27
826064,79
263380,60
337036,60
830108,86
1073997,18
627196,157
708454,968
662493,601
412366,410
448628,681
716276,1050
258879,2759
336012,371
530915,2759
723666,2759
921735,2759
29391,1241
714459,511
169573,987
509246,2578
443726,465
610163,3840
690478,2262
859951,2262
226073,350
916920,415
619461,1158
635336,1158
646829,1158
816308,1158
988468,667
344072,995
620319,995
952436,995
190289,105
76326,467
1014243,724
337670,385
546225,58
903513,58
724529,54189
740159,54189
206717,1184
1033919,1096
406806,252
357158,276
372445,276
457736,276
462086,276
551752,8970
168157,6195
358032,6195
357995,2919
433584,2919
567129,6574
67556,2919
889618,6912
414774,4294
658664,979
819938,3329
72768,2420
471148,2293
538566,2293
569777,2293
73741,6890
988247,6890
115763,6646
390125,6676
329722,683
334557,683
397099,2671
183293,180
346018,1010
336077,985
491704,294
357072,16795
941869,3709
647024,924
801420,370
692737,35
790918,38
622380,631
787232,1132
627939,1184
733309,2727
651005,1075
182710,2425
646404,1465
498529,367
926694,13
270027,2
315332,44
464195,2
540058,1091
289587,653
351749,379
555076,989
708453,354
1015619,157
929876,157
667991,667
886503,667
405690,16
167727,430
216870,237
276337,7775
370833,7775
573981,7775
182079,2381
655895,2381
88909,868
324804,969
524925,969
798404,273
493003,873
744149,873
571743,931
711969,1132
842341,1132
348623,350
503743,405
278359,15
60957,105
709726,24
939964,24
475413,27
232454,39
448177,39
263804,167
191422,79
412932,317
470391,385
901648,306
61651,610
343184,467
539665,1304
532858,172
854325,172
392777,3057
512354,54189
589737,3057
981197,54189
378463,2727
480975,968
586853,252
445126,8970
225963,410
395632,2425
409886,2425
458715,8024
588114,7378
666953,7378
568535,16795
676318,16795
1064871,1108
131275,3302
434223,371
193079,43
346469,465
655139,903
957224,903
967346,903
159894,2553
335600,1241
975689,124
1229924,2578
265990,2759
846358,2578
479589,2832
243725,6890
320141,36
154530,2293
509936,60949
57303,60949
569383,3524
583699,1082
815652,1082
557613,244
599663,244
74683,1041
1044893,1421
127160,1421
355627,1421
707242,1158
441170,417
127202,703
504215,703
726701,703
409517,89
787912,23826
93763,89
117432,82
678546,499
917911,499
728864,1090
540927,1269
422932,200
925584,724
660735,58
1176433,520
409335,1245
981516,354
748319,506
330126,276
26485,380
286949,416
394346,380
459655,416
470422,380
776303,380
58267,979
702911,979
670717,3325
952282,2424
181773,2420
325200,6912
344519,6912
391719,6912
423610,6912
291399,2431
58965,2431
614424,1465
681829,2431
830841,2431
357885,150
126737,2687
162029,940
872184,940
491616,10484
819420,10484
1201294,3840
253819,3840
344607,3840
353634,2441
193998,30120
232142,30120
498237,683
282615,2671
277179,12
289446,1390
358008,1390
641537,12
461937,3268
752442,3268
496660,987
633649,987
658531,124
245078,237
148262,1035
506189,180
511552,511
921513,703
226450,601
157501,749
247652,380
868622,7378
167721,150
131101,3840
165012,3840
333355,3840
460688,10484
1072898,987
676307,3026
251106,989
855134,86
265625,1304
795738,499
378316,798
1067903,2282
789145,2282
413605,416
868101,3329
731879,979
710004,1049
397090,6890
525287,141
448466,683
510545,653
170672,2671
743627,605
285283,370
270596,2451
808456,2760
655987,2553
1119455,995
485965,995
525155,3911
289592,1041
290532,1041
500054,533
486814,1269
541601,1435
284177,200
345591,200
606023,306
1160184,157
174915,354
566823,172
748803,58
345590,1025
649016,800
384859,276
289167,16795
149498,13
617074,3709
272930,2832
580276,924
395242,868
697149,868
853535,2293
197032,2381
225339,2381
353775,126
391278,126
493593,2381
231354,30120
175446,1091
672830,506
339501,3302
631472,3302
100986,449
328943,7775
465606,7775
112930,152
606967,152
131731,3205
294525,3205
345763,3205
377641,114
415970,114
583917,114
192968,6912
428993,2424
255906,190
489929,190
133838,605
360791,6418
556046,6418
997903,234
1057523,336
569375,336
700078,452
750903,452
900195,660
291254,173
349536,1063
371002,1063
682794,1063
866250,3057
638793,46
56810,2425
131996,1050
290336,10484
476102,6646
770436,738
614811,762
615033,306
386164,1269
912436,1184
535834,1096
982855,276
391065,6195
616628,252
766258,2420
406637,2431
818495,720
315604,2687
888493,368
58993,370
1175928,924
685145,206
937680,865
1025981,5724
611195,5724
801989,5724
953004,1894
979410,5724
462833,1177
592857,1177
1039787,369
464067,369
695226,369
78819,369
1068110,667
743600,667
931160,273
745173,162
713644,27
720799,610
364896,475
684998,601
629567,8024
153238,3302
127048,150
374281,868
391780,141
1196380,152
260166,11282
416108,3840
666551,3840
211325,3209
937419,3209
221075,60949
44726,443
528888,443
590835,443
658530,678
923776,678
728262,6676
939290,31
462819,5724
92936,1304
726526,276
1115074,63007
248931,63007
256942,63007
517284,63007
525576,3592
537841,63007
620892,63007
85864,762
451576,385
1113528,54189
104752,380
429975,2293
988249,6890
802515,206
371000,443
984697,1082
60543,738
804776,724
332875,723
662131,610
1005834,1245
969192,46
842517,7378
1070645,1465
569349,1465
1065442,331
120095,472
242272,26459
359796,26459
365692,48332
404851,26459
675708,48332
705337,26459
1052374,61825
1159925,61825
526578,61825
572399,61825
622410,61825
625144,61825
708241,60551
726035,61825
1067225,338
1237999,55686
157373,55686
70754,55686
837005,55686
94924,55686
294730,53646
342878,53646
627222,53646
808971,53646
257851,683
270191,653
357424,2671
375657,6992
448783,39097
527967,6992
562484,39097
342609,2740
522791,2740
656172,10690
925044,2740
335744,18303
910926,18303
387191,1031
371371,6574
808559,6574
887137,43
320747,2671
250907,6418
214666,399
681615,631
849410,1237
1045123,31
922462,31
287015,63007
498015,2696
640692,1083
661140,2696
817967,1083
864611,1083
866670,1083
918342,1083
41323,80
665541,1090
693352,380
1112706,61825
380376,26459
1240467,6992
342148,6992
159079,868
486083,14589
654117,2410
889462,14589
1004741,964
334440,964
440658,964
520454,964
645173,232
275956,3725
391497,3725
55356,11127
645180,11127
381724,16704
452464,2698
574669,2698
689634,173
802553,369
930983,200
1073955,1269
738477,1269
1240984,1245
250543,2282
718307,54189
1111663,1390
418563,3268
1057222,660
585950,3592
566677,683
381834,49702
440774,1124
535974,49702
605534,49702
621397,49702
686862,49702
378953,932
203510,2741
217033,41231
344565,2741
362572,2741
377387,41231
393699,41231
397609,2741
401706,41231
490496,2741
494954,2741
614898,2741
983977,2741
553842,1177
874066,350
1038054,61825
935109,10690
633624,124
858238,2431
917809,55686
965940,1031
849520,1025
1061665,12321
585068,2687
935457,13
380554,39097
758845,3592
381430,6992
582058,49702
235275,206
1010855,667
822958,533
591017,798
859035,1090
231724,1124
366746,41231
814273,41231
720287,2741
856087,14589
627760,5724
1237939,60551
717391,60551
1028757,10690
1038055,10690
1141270,10690
1244434,10690
1244435,10690
718643,10690
949337,10690
707201,61825
857948,16704
285064,59024
380349,59024
425756,59024
235339,41231
235347,41231
288240,3690
570469,31
697280,379
245048,53646
634023,53646
948933,903
1043634,543
1004301,3524
903693,583
881610,252
662415,8024
1064121,3302
715628,940
581000,63007
650393,61825
514893,5776
610430,5776
1069038,1421
305274,1031
670116,86
797563,86
500966,798
542336,506
203074,53646
951439,26459
668235,660
652459,2696
1247360,3524
685657,200
805864,3268
748936,61825
717392,2740
652996,932
720286,932
982559,1075
1047507,924
697958,121
1036407,1083
817607,1083
199470,3205
119150,449
294814,2293
111072,6992
684315,24
1047097,583
746988,383
526361,987
777005,167
940072,200
730573,723
1041334,48726
1250868,48726
1113068,1124
294723,3592
1051589,2698
274344,2381
943549,1237
922413,24
1144999,3911
726697,2425
858252,294
1045568,6992
547528,11127
127032,141
799091,1083
917991,1083
955358,244
960655,244
137313,2424
175188,979
1038512,331
1257693,48332
1183719,244
877139,2420
1184137,3709
860062,13
1256101,60551
918581,232
888639,985
1033652,41231
1255616,3709
935480,720
1175926,924
1175933,924
975860,924
418891,26459
1004708,631
923595,533
1041934,3709
1047101,3524
955360,3524
292820,738
884810,16
917014,105
1050215,720
743526,3840
928359,724
940135,252
634125,331
1250365,53646
954167,10484
574930,49702
477477,2293
1130445,1421
241229,3911
652979,29
741267,350
845321,379
1060740,543
670711,336
808574,336
1074124,7378
717957,331
33781,1082
1081219,969
856274,27
920283,27
895302,724
704825,416
928900,416
352015,4294
1071606,979
931415,294
1264192,10484
781196,114
983817,114
1262360,53646
1011147,148
705808,331
1064103,16795
129374,16795
1127413,2410
811794,2410
1000674,294
487167,2425
931900,294
1189049,3840
1006916,23826
974561,23826
897479,82
730486,167
741492,336
138285,979
524677,1465
908621,3709
1140013,3592
1266282,3592
978659,3592
810909,162
955356,162
986300,417
1099652,667
845723,405
91340,1031
790669,724
1264305,385
687560,385
951318,385
1056971,621
1018938,681
935048,660
928051,380
312773,252
818892,1025
713649,16795
821820,16795
1072234,2740
420465,506
708079,2919
815563,5
1064116,3302
1230202,2687
1268326,3592
1187437,39097
1173335,53646
1014342,3205
1182633,3205
919358,2410
918827,41231
749187,232
70580,46
652331,940
939374,940
892217,1108
1100642,36
955382,36
1262720,3209
876658,3209
1223408,3840
662810,3840
859924,3840
934159,430
654173,10734
12359,1008
586986,1008
646189,1008
652272,5849
825960,5849
212746,301
341364,301
379870,301
395800,301
445610,301
468704,301
568544,301
608977,301
614800,301
824915,301
372122,8606
304144,27114
391555,27114
356892,1002
469709,710
342151,33783
973569,31614
470789,16779
187527,1180
541914,7964
1280281,23371
597290,4040
608760,4040
646153,4040
927463,21875
168944,253
261550,282
329629,10157
713071,10157
819566,282
379098,4639
988188,663
1018035,6251
702785,6251
372818,1102
379150,602
624353,4391
760492,4391
320864,790
113039,1101
116900,1101
216148,1101
296458,1101
368565,1101
464446,1101
471145,1101
715653,1101
833817,1101
936439,1101
952979,1101
991054,1101
123671,41061
168074,12163
641765,41061
935015,41061
986786,46710
624808,33206
451858,10481
486608,7087
528386,10481
540329,7087
312891,964
448981,964
448983,964
720287,16704
913263,16704
432752,710
622140,1008
424302,301
881064,301
249121,31614
1152491,1101
619297,2481
405550,4639
1099668,865
267160,865
574495,865
93315,678
941418,865
1267429,2778
146889,2778
162036,1053
453807,1053
517402,1053
534304,1053
542796,1053
579295,1053
617754,1053
627208,1053
666563,1053
802513,1053
940411,1053
320440,2282
451677,2282
565401,2282
741142,2282
888785,3948
945021,3948
981196,2282
267383,2410
372535,2410
381834,1083
402010,2410
424022,1083
112541,121
220650,1124
322616,1124
939068,121
1160366,71985
180017,71985
268427,71985
271497,71985
352599,71985
370287,932
396428,71985
402434,71985
402604,71985
416704,71985
636601,71985
653681,71985
653776,71985
654121,71985
687923,71985
697728,932
918836,71985
979625,71985
1074629,5817
148345,1177
200747,5817
260828,5817
344294,1177
487466,1177
490971,5817
525990,5817
572051,5817
626801,5817
658543,5817
688019,5817
750798,1177
880517,5817
1032242,5724
181921,5724
462837,5724
510256,443
601092,443
742770,5724
809880,5724
819938,5724
546212,16704
362572,14589
715357,14589
106675,3719
129103,75231
178314,75231
235344,3719
334425,75231
391905,3719
438306,75231
451244,75231
480139,75231
504001,3719
509970,3719
525472,3719
614776,75231
615650,75231
622454,75231
649301,75231
654591,75231
655494,75231
689628,3719
693647,3719
70114,3719
702149,75231
720936,75231
74081,3719
867082,75231
911400,75231
1017261,190
431422,190
668529,190
981516,190
144304,49702
296513,49702
624030,49702
70074,2698
144300,669
144334,669
186485,669
236693,669
256567,669
285951,669
292822,669
294780,338
380919,669
470790,669
526050,669
56976,669
639245,669
740059,669
778540,669
846333,669
848660,669
516722,279
235355,865
449879,301
344610,2790
345780,2790
422401,2790
45671,36
461461,2790
482573,2790
860052,2790
86484,2790
419293,10625
424676,10625
142219,197
239941,197
260846,197
290552,197
334802,197
334807,197
395421,197
418567,197
419648,197
545331,197
565045,197
606893,197
626954,197
652054,197
675857,197
994622,2784
1191520,496
224672,496
418559,496
44471,496
579928,496
663424,496
69646,496
731771,496
920308,496
201865,501
255440,501
331214,501
333012,501
335298,501
394688,501
519293,501
600732,501
664809,501
912959,501
329738,16779
176423,2300
180215,2300
280939,2300
301824,2300
327756,2300
344595,2300
345454,2300
355335,2300
382970,2300
410649,2300
430054,2300
461906,2300
495669,2300
694787,2300
699488,2300
805834,2300
120970,759
208591,759
263843,759
267152,759
384524,759
441383,759
470375,759
490595,759
509463,48325
598448,759
601058,759
717900,759
802046,759
825994,759
826215,759
991455,759
481173,1091
222209,2441
422377,2441
145702,448
161304,448
197521,448
215038,448
307325,448
344457,448
375712,448
376588,448
490573,448
617699,448
650519,448
744063,448
849865,448
872295,448
244260,2553
382096,2553
668234,520
733410,520
321644,687
661212,687
720518,1075
735051,1075
891971,1075
906948,1075
228006,1100
437852,1100
455068,1100
482107,1100
612758,1435
690665,1435
1083960,53646
166581,53646
296366,53646
678606,53646
678778,53646
888342,53646
344915,36999
719926,11107
106869,14
194477,14
313504,14
346855,14
354022,14
462248,3189
484818,3189
548235,14
657575,14
77563,14
920283,14
180767,1044
223920,1044
271787,1044
300086,1044
322077,1044
428444,1044
49275,1044
566861,12346
605396,1044
675823,1044
72266,1044
1083607,967
645137,2976
164145,447
261988,447
375856,447
375881,447
42460,447
921533,447
921551,447
168417,5546
212872,5546
26906,5546
293359,5546
334803,5546
34542,5546
396235,5546
398001,5546
549039,5546
655300,5546
665571,5546
671519,5546
710409,5546
832940,5546
836196,5546
938901,5546
291656,7769
388042,7769
568617,7769
699784,2714
107612,1064
492955,1064
536156,1064
137648,265
273152,265
156941,449
236471,449
405399,449
743376,449
215644,6808
1073744,255
164759,255
246579,255
264796,255
280178,255
320733,255
322288,255
376486,255
38746,255
402825,255
42401,255
658111,255
679709,255
679903,255
846302,255
847436,255
353147,465
456292,465
605167,465
626334,465
697520,2156
685887,6890
166679,257
261935,257
390179,257
406762,257
449597,257
463620,257
507490,257
507496,257
1121427,327
49929,327
526566,327
570721,327
623119,327
623825,327
895515,327
921251,327
205849,40812
209649,40812
216661,40812
271282,40812
271289,40812
292201,40812
296695,40812
451603,40812
775886,40812
528835,144
548028,144
571271,144
619279,144
344311,4529
119862,377
198603,377
260038,377
324023,377
339077,377
355633,377
405856,377
446573,377
456893,377
464273,377
486605,377
497816,377
543411,377
702317,377
724025,377
728679,377
1042884,190
238342,1293
258957,1293
933835,1293
530673,41133
190268,829
511883,829
666951,829
1057820,1109
1065043,1109
225676,1109
501131,1109
51349,1109
619305,1109
961937,1109
291939,2420
419936,2420
670682,2420
684348,2420
150963,260
165532,260
338864,260
355641,260
422051,260
496767,260
507477,260
545409,260
602443,260
698560,260
490967,157
723487,157
350967,4645
383637,4645
388127,4645
435325,4645
466125,4645
509438,4645
562825,4645
60490,4645
608430,4645
633430,4645
674169,4645
698540,4645
759866,4645
854803,4645
940548,4645
942738,4645
319482,170
439351,170
683891,170
450218,354
563139,354
578680,2282
912078,354
1179260,5817
540725,5817
750753,1083
271441,9010
288259,9010
332686,9010
340162,9010
393018,9010
400649,9010
452296,9010
452584,9010
471621,9010
481171,9010
533092,9010
579084,9010
840688,9010
895402,9010
203558,41274
234193,2727
338673,41274
357780,41274
358042,41274
381968,2727
474838,41274
486054,41274
502062,41274
530258,41274
656449,41274
78507,41274
928758,41274
1159759,475
154351,58
707777,475
751989,475
800948,58
247589,49702
462329,49702
718759,121
393699,2698
520060,964
448901,1124
519567,71985
1019174,1184
1038348,1184
272539,3057
321647,3057
431698,3057
491039,3057
580765,3057
639246,1184
680218,3057
707159,1184
834397,1184
913361,3057
990148,1184
429563,601
657625,601
867357,601
463738,172
59641,1096
748445,172
76326,1096
820146,172
842910,1096
911985,172
892160,968
1003295,1177
265136,1053
587310,1053
1237998,678
122155,232
456182,3719
456623,232
532574,3719
1028397,14589
600463,75231
156680,1083
817830,1083
1033394,71985
1037971,71985
389624,2698
700755,71985
989068,71985
991312,71985
995045,2698
606527,1124
749186,1124
817853,65683
242084,197
652047,197
707327,197
254003,279
1055212,496
226118,496
38073,496
542654,496
325124,669
444056,669
579628,669
307658,14
803933,14
715359,121
1033490,14589
538954,3719
555159,3719
718755,14589
751099,14589
97541,3719
259849,3725
596067,3725
653266,3725
469688,2300
929423,2300
320140,501
358909,365
199221,1109
431796,4645
900882,4645
434295,448
614194,448
698544,448
308444,687
542525,1177
580193,1075
589013,1075
898715,1075
997827,1075
422760,1435
47729,1044
376571,2976
239215,759
697144,759
365175,5546
712088,5546
728609,5546
596915,7769
1156870,75231
61397,2696
874950,75231
39125,449
818252,449
490308,144
829257,170
1046867,255
1073754,255
1132797,255
225055,255
252608,255
322798,255
559998,255
562058,255
618424,255
622727,255
280409,465
287051,465
1021025,257
948736,257
988862,257
797824,327
181611,377
321178,377
500308,377
671547,377
205657,190
724966,41133
198067,829
289404,260
794749,260
743987,2420
791528,2420
775403,157
805889,157
371256,265
1290658,1101
286044,41274
447066,41274
486039,3948
572519,41274
979410,3948
1020226,678
806994,5817
1126669,354
678100,354
727081,968
823584,2727
929494,2727
1051609,172
1287151,475
1287152,475
307870,475
625142,475
961051,172
1048392,1053
1074052,6992
1290268,6992
129646,6992
213974,6992
404851,6992
553772,3592
591619,6992
717198,6992
726035,6992
882696,6992
935046,6992
94922,6992
1052373,85465
1067497,85465
212232,85465
216579,85465
244262,85465
273663,85465
321146,85465
353252,85465
467240,26459
498899,85465
527968,85465
567873,85465
678783,85465
729638,85465
794617,85465
796574,85465
804264,85465
935107,26459
221119,3719
279242,3719
403187,3719
923177,3719
242063,124
251587,43
332340,43
363227,43
567151,124
586984,43
703475,43
976129,43
151213,987
238029,987
288948,987
362347,2759
436034,2759
547924,987
574587,2759
727132,987
746997,2759
904922,987
974327,2759
1138758,336
429070,336
548193,336
1294033,74867
387495,2712
448867,21903
1292610,118796
623318,65423
1194386,33571
315237,55686
448868,55686
504852,601
481688,3057
608172,2282
441120,9010
707803,9010
802726,1063
400550,369
167555,2740
365779,2740
387098,2740
421636,2740
808971,2740
1033040,63007
213424,86209
242272,86209
333020,86209
349107,86209
396400,63007
426008,86209
426011,86209
521841,86209
522831,86209
539448,86209
577844,86209
628329,63007
634609,86209
670309,63007
702562,86209
825229,86209
913387,86209
925044,86209
204396,49364
214448,49364
353584,49364
385416,49364
451788,49364
469685,10690
491960,10690
537850,49364
717413,49364
729196,49364
738154,10690
794896,10690
938681,49364
1083190,48332
213976,48332
248938,48332
512496,39097
641426,39097
658060,48332
755174,48332
250907,75231
16911,371
827439,2553
1001839,511
125561,1519
133628,1519
171078,1519
330909,1519
404358,1519
504856,1519
575209,1519
618402,511
675238,1519
708271,511
855258,511
888790,1519
449020,903
491737,903
570768,903
586429,383
593837,383
654918,383
928288,13017
241420,443
371627,2696
516722,232
539469,2696
180167,370
258881,2578
264302,370
316306,2578
652633,2578
700144,2578
728478,370
851990,2578
883168,2578
902744,2578
971137,370
1090954,23297
283231,19657
926951,3426
564530,12275
799924,12275
386914,317
388220,317
404260,409
519184,409
610405,409
620313,409
804831,409
81173,409
881297,409
930571,409
100986,1082
272642,36
433049,36
563749,36
580657,1082
245228,1091
703460,119
322989,197
539197,197
695310,338
851595,124
111630,2441
112302,2441
108416,62
1111589,62
129655,62
198614,62
234153,62
292779,62
401475,62
405855,62
493758,62
552059,62
567738,62
580978,62
725912,62
728635,62
928023,62
943795,257
540056,190
107010,449
1013804,941
101500,941
119103,941
239126,941
261913,941
283621,941
316202,941
339693,941
384879,941
500053,941
558473,941
611049,941
620217,941
623319,3592
686806,941
705058,3592
826103,941
928038,941
1217375,1180
256085,2790
260543,669
376460,669
662701,669
146690,265
170344,61
340065,61
358507,61
624910,61
256097,5546
1250976,1293
48164,448
664808,1044
1045375,447
357158,255
590841,255
536519,7769
1026255,132
125769,202
205655,132
218233,132
237244,202
329055,132
334495,132
351216,132
382204,132
387197,202
387996,202
434110,132
441216,202
463233,132
464444,202
469082,132
510459,132
522993,132
579298,132
617019,132
653725,202
665541,202
848755,202
849428,132
104918,865
819249,26459
662418,86209
776959,86209
937918,86209
168156,3057
338672,354
760493,3057
391907,49702
397225,252
934878,252
537171,2919
179184,141
401921,7775
553469,141
649024,7775
987700,7775
405690,2425
551981,2425
590302,2425
631996,2425
733579,2425
815652,2425
222855,410
1175838,403
182891,403
201248,403
288233,403
321095,403
494170,403
496871,403
524043,403
527279,403
540928,403
56490,403
632088,403
687630,403
917911,234
928330,403
187188,317
747016,467
814533,467
864112,467
232015,235
349567,235
401029,235
264567,723
552655,1090
612810,723
613781,723
630989,723
634460,723
733438,1090
79045,1090
1038054,6992
526578,10690
795280,10690
1154991,49364
1263365,48332
316945,49364
986412,49364
340487,9010
497175,9010
524860,2727
544106,2727
430484,71985
820252,71985
696324,511
202788,124
564049,987
621365,987
1031047,2759
1069449,1519
733362,1519
487843,749
495722,749
538918,749
650249,4097
814446,749
118689,6195
386446,6195
521407,6195
312374,3840
477938,3840
191391,2293
241251,2293
248271,2293
48119,2293
620083,2293
742063,2293
1104114,1467
115763,1467
157113,1467
231712,589
239733,1467
291750,589
323876,589
330876,1467
42913,1467
485424,589
520405,589
555672,1467
569373,1467
676115,1467
745233,1467
74641,1467
833315,1467
957874,1467
139341,2424
401736,2424
481627,2424
629385,2424
721952,2424
927627,2424
1020649,2503
1294052,2503
33829,3268
522719,3268
537477,3268
587107,3268
636096,3268
705808,3268
176485,110302
186848,110302
187860,982
225119,982
232577,110302
251447,110302
270055,110302
305946,982
344519,982
371968,110302
412952,982
428996,110302
433257,982
448264,982
45717,110302
468256,982
523977,982
538253,110302
549034,110302
574758,982
596884,982
609518,982
638218,110302
659804,110302
678991,982
726697,110302
796895,110302
815384,982
864733,110302
879236,982
654253,985
743413,281
743591,281
298635,276
416386,276
464598,276
651569,276
676411,276
745202,276
231590,1269
314915,200
416802,1269
502289,1269
557410,200
565436,200
570597,200
604813,200
656800,1269
795738,200
1025411,1304
257986,1304
377720,1304
393240,468
482838,1304
500274,1304
591880,1304
595247,1304
627069,468
640565,468
741587,1304
131303,385
205128,385
289510,385
307769,385
335997,1435
358021,385
464332,385
485586,385
620832,385
813152,385
430797,306
542684,306
747953,306
765743,610
852953,306
866082,306
918365,306
637271,2778
682794,369
925827,369
203411,5817
523965,5817
793873,5817
1045187,48726
669305,39097
423606,53646
880458,53646
94928,53646
633850,85465
708241,85465
748838,85465
137326,1184
669632,1184
997474,1184
585068,172
1086381,520
1287735,41274
817700,2696
713071,3725
424014,2578
647280,903
131758,607
184894,607
216872,607
282169,607
372720,607
392881,607
459945,607
488784,607
546926,607
655009,607
76274,607
818888,607
924349,607
936684,607
182517,130
274694,458
392956,130
445126,130
552472,130
592975,130
827734,130
867137,130
902573,130
95736,130
130360,1047
134883,1047
164770,1047
165873,1047
167727,1047
207917,1047
226025,1047
242940,1047
265078,1047
311333,1047
330472,1047
392570,1047
457673,1047
488052,1047
495667,1047
7825,1047
1004344,416
346779,416
588426,416
169511,2381
200777,2381
249121,2381
500972,2381
896546,2381
105653,7160
124422,7160
131506,7160
136180,7160
163053,7160
175179,7160
184440,7160
200082,7160
212229,7160
275683,7160
278654,7160
341549,7160
361256,7160
39333,7160
402887,7160
450173,11282
452084,7160
80059,11282
1017551,152
105521,114
149498,114
238055,114
531332,114
169681,2423
173900,1465
319623,1465
337799,2423
388548,1465
443338,2423
569376,1465
574761,2423
606719,2423
657155,2423
684061,2423
688881,2423
739438,2423
752442,1465
856423,2423
1179376,2431
190442,2431
33706,2431
461582,2431
728485,2431
255995,3329
290336,3329
324503,294
342967,294
357233,294
420189,3329
549038,3329
549041,3329
686597,3329
1174093,4294
139393,4294
291968,4294
357163,4294
399780,4294
473695,4294
511813,979
534376,4294
597087,4294
739442,979
825835,979
975128,4294
212243,18303
236468,18303
237623,18303
370399,18303
930781,3522
229817,126
293213,126
448058,126
483063,6890
170544,44006
187798,2832
197126,2832
241380,44006
341773,44006
345105,44006
355757,44006
374578,44006
38195,44006
388368,44006
407624,2832
412086,2832
461895,44006
554284,2832
577590,44006
587688,44006
620076,44006
663239,2832
667749,44006
85372,2832
859182,44006
860255,44006
87854,44006
349536,8024
415645,8024
609361,8024
617267,8024
622992,8024
868622,8024
278531,1390
432092,1390
564305,1390
339816,1005
555106,1005
642002,1005
836441,1005
1166685,86787
461665,61825
555135,1083
211727,932
260677,932
685720,14589
697149,14589
490423,409
216278,62
248355,62
726714,62
1016015,1082
80293,1082
990732,1082
287183,1091
405375,496
430488,279
461939,2300
1081349,86209
294699,86209
343316,86209
495918,86209
537646,86209
383046,1220
963878,1220
292139,164
496660,164
482801,1211
403574,2963
699018,1181
581330,22
865993,22
290801,1194
351691,349
633228,349
633652,1071
656316,349
298091,350
470128,1112
457528,1150
695121,1039
332530,337
796307,358
1007720,1032
396561,3537
418144,3537
650944,1123
512354,988
531674,988
741267,1072
422930,1020
967319,1028
670840,6699
130768,1010
525919,1010
342229,418
343475,800
554903,800
936755,800
720930,121
842780,75231
637540,2696
919659,232
743231,49702
178614,3008
271495,3008
1124005,3709
282810,3709
289255,621
434990,3709
710004,3709
834483,621
246291,150
318523,150
340376,12321
345911,12321
537382,12321
646698,12321
1052493,16704
215213,71985
748908,941
194638,2790
395676,2790
927734,2790
409490,520
743024,1101
633972,61
691356,260
205586,1044
905228,1177
744078,327
543379,257
605746,759
699118,759
742095,190
432671,533
434116,533
808664,533
569033,39
601143,39
643574,39
257455,27
566723,27
829316,69
139304,35
154147,35
192557,35
236966,35
248454,35
251303,35
292534,35
329373,35
333903,35
335993,35
487850,35
522223,35
526466,35
587019,35
690429,35
691786,35
326031,985
340456,985
392765,931
435648,985
146227,472
227961,472
243760,472
255906,472
298477,472
438971,472
511021,472
639733,368
251897,1108
271021,1108
401571,1108
617074,940
668276,1108
694509,1108
769063,1108
1185888,583
575319,738
661171,583
670681,583
1021391,723
262389,723
1091519,6992
543390,3948
391555,2293
646478,141
566965,2424
59791,110302
188910,42
106872,18
193033,18
388409,18
193004,16
578392,16
627228,16
82873,16
283497,2036
545332,2036
584254,2036
804219,2036
809498,2036
900909,2036
1074526,23826
894914,23826
443331,60
599419,60
863759,60
243188,89
597432,89
532495,65
193859,269
241307,269
282349,269
296428,269
331362,269
335631,269
343337,269
361575,269
512352,269
550580,269
55508,269
592534,269
633454,269
651735,269
706024,269
719694,269
261504,15
303219,79
335457,79
342039,79
442891,15
604320,79
720162,79
919515,15
123551,677
181687,677
208379,677
255731,677
288323,677
292139,677
342046,677
349503,677
458178,677
468002,677
527425,677
596446,677
610581,677
610849,677
693095,677
741238,677
429983,543
667121,543
716276,543
1012534,1237
415381,1237
623570,29
696589,29
405385,180
426192,180
480116,762
533662,180
866655,180
513970,989
567576,703
746740,989
890290,989
342385,379
474701,379
485585,405
485706,405
525247,379
605184,379
75489,379
848682,405
1018920,131
422460,1049
705395,131
707572,131
941883,1049
277137,1244
282700,1244
308989,1244
401583,1244
413262,1244
422466,1244
434602,1244
441170,1244
469669,1244
480883,1244
543537,1244
569866,1244
585700,1244
658115,331
713644,331
852727,1244
1075589,244
167799,244
229604,244
283994,3911
328609,244
532826,244
659542,244
1004834,162
1010854,618
1052287,618
1052291,618
199704,618
212804,618
289432,618
357047,618
391376,618
399383,618
427572,618
484888,618
579263,618
617021,618
782632,618
918969,162
955263,618
986261,618
903666,1082
955281,1421
1078350,468
616340,468
241477,467
412933,235
1090422,85465
622410,85465
626475,338
1140013,49364
523491,49364
596150,41274
501737,475
555719,9010
215114,58
52059,58
431811,749
244192,252
307058,46
128223,5
282144,430
300532,130
364135,430
392959,430
432298,130
466802,130
550106,130
917375,130
217033,1083
811544,14589
1050797,126
566355,2381
226169,1467
647787,1467
662332,1467
378482,3268
1083069,982
662033,982
1060087,683
125918,60949
153657,60949
185191,60949
221958,683
249036,60949
456996,60949
486132,60949
487834,683
499859,683
617018,683
96089,60949
207573,3385
256120,3385
342346,3385
370563,3385
390539,1091
407491,3385
481680,1091
494679,3385
572048,3385
963139,3385
215096,38
743395,38
372712,80
412932,80
505324,80
684318,80
94192,80
187097,48
294534,4
462838,4
651731,4
924117,4
607720,3
203123,44
585901,30
193900,167
295630,167
395522,167
413843,167
604359,167
610190,167
356141,873
410225,873
559263,1148
475188,631
487465,631
805714,631
938158,631
245744,237
262939,237
268670,367
366930,681
502722,681
568158,681
112822,667
1183575,667
655006,667
711980,667
746833,667
111811,1420
178313,1420
192492,1420
371686,1420
807688,1420
970279,1420
986288,1420
1119453,995
161869,415
475416,995
585973,995
597659,415
1180835,417
1231401,417
175639,417
308133,290
364409,290
372713,290
395695,290
450936,417
501709,290
658534,290
806793,290
242632,273
275303,273
291200,1041
352041,1041
367284,273
503866,273
646402,1041
729814,1041
914934,273
369319,1269
374212,234
698678,234
527896,1435
406091,132
428502,132
716756,132
824000,132
936581,132
875608,5724
1146228,2778
325179,1063
926995,1053
370998,660
690246,63007
1060543,3592
412615,26459
241481,1096
679050,520
918414,520
570781,3057
654986,601
341227,1025
357003,1025
361068,410
459151,1025
538964,1025
343537,12
633992,12
668951,12
488785,276
303116,398
354909,607
457736,398
530742,398
566615,607
607226,398
613393,607
339699,16704
1047623,589
608469,589
651005,114
204201,2832
336074,152
174694,11282
101118,1465
1072238,1465
371245,979
450790,979
744186,8024
1062741,2503
458715,1075
163738,2441
295744,653
340308,653
356546,653
399553,653
628330,653
840101,653
119905,605
1200313,605
136109,3060
146710,605
158106,3060
211345,3060
223053,3060
228885,3060
271773,3060
282727,605
336974,3060
450211,605
878247,3060
95673,3060
1026014,3062
105817,3062
112091,2672
147846,3062
186239,2672
189439,2672
224458,3062
241207,2672
243616,2672
245070,2672
254036,3062
267473,3062
292357,3062
308822,2672
342152,3062
427683,3062
435288,2672
465988,3062
470422,3062
579401,3062
58489,2672
604579,3062
64804,3062
73269,3062
816930,3062
863831,2672
111275,265
220635,6676
231471,6676
282422,6676
362186,6676
369684,24
605268,24
691892,24
816585,24
846310,24
391766,86
701757,86
346551,82
789252,82
381248,187
186186,1003
249126,1003
258889,148
340328,1003
400536,1003
864121,1003
866246,148
922693,148
983989,1003
238407,13
246968,1050
341713,1050
343052,1050
351809,13
485963,1050
576024,13
678406,1050
166683,366
225593,714
290273,714
298583,366
337333,714
339820,366
342226,714
388125,366
449496,714
493513,366
541555,366
624942,366
628498,714
658269,366
709372,714
834744,714
888493,714
926763,366
301238,506
325993,1047
405670,1047
447661,506
463618,506
654991,506
686965,506
708072,506
1048147,800
386552,1005
459128,800
982267,800
1030739,75231
203655,10484
206947,10484
396516,10484
188942,7160
208690,44006
275935,7160
603368,7160
708410,44006
95604,7160
294321,2431
1031590,6418
187527,3999
262709,3999
274340,6418
280080,3999
286533,6418
328120,3999
364854,3999
376110,6418
455758,3999
461717,3999
470240,6418
539135,3999
540059,3999
549012,3999
570560,6418
934991,3999
1156870,11123
1247243,117533
160222,159
233129,159
248393,159
271098,501
320854,159
323589,159
343953,159
365394,159
429790,159
589374,159
598629,159
639414,159
68978,159
851551,159
862297,159
104466,419
227035,419
256358,419
293185,419
324819,419
357778,419
458367,419
580451,419
668207,419
960057,419
1112664,99200
243856,452
254965,452
312819,452
394236,452
423678,452
500763,452
507479,452
644032,452
917120,452
913305,540
331963,197
346840,197
552418,49364
717203,49364
924466,49364
581405,61825
1290265,6992
1298615,6992
1302421,6992
395068,6992
755327,6992
935050,6992
117481,48332
882717,39097
955349,10690
923514,21903
718760,20923
463617,413
838236,413
307183,2036
806948,2036
676318,265
444387,5546
59377,430
258878,631
585323,631
632741,150
735568,150
86784,150
386786,2300
410840,2300
129392,3137
161373,3137
169268,3137
205902,3137
286037,3137
376450,3137
452218,3137
455761,3137
542995,3137
585082,3137
615639,3137
645880,3137
740102,3137
766306,3137
797570,3137
333323,3900
1240553,941
1173335,26459
419119,55686
752778,687
206956,710
1084714,190
630076,2553
623412,7769
376127,669
278837,1049
148928,368
295330,368
500067,368
780630,1050
937941,1050
484743,969
914562,583
567023,75231
345437,1467
902021,1467
412041,4294
502821,11
538977,1237
477758,379
689637,873
108354,1003
406638,1003
371021,677
385848,677
195633,180
413507,703
663244,703
880245,180
1107733,29
513245,29
743498,148
856479,29
363057,367
111038,618
364232,618
691841,738
904662,618
1071956,1420
232895,1420
461607,1420
364245,162
371371,714
542858,1269
1088684,383
569386,723
634427,200
742518,865
743587,660
423112,2727
112930,354
368891,24
488755,80
666977,80
796221,80
168678,269
552057,533
455661,79
507341,79
948537,79
238639,167
476344,5
569598,5
574671,5
626913,398
898119,2410
186581,1519
734424,1519
291177,903
550957,903
603863,2759
643097,124
238752,2381
353403,2381
1107994,44006
180090,2293
70131,44006
1153833,2503
131658,2423
505655,3268
836547,2423
392777,2425
978057,2431
214621,3999
567479,3999
402970,3060
534677,653
895905,3060
203608,3385
252641,605
287700,3385
735353,3385
711337,989
476219,12321
488362,13
948273,366
971570,418
618809,1108
618813,1108
466807,1244
557612,667
579928,667
659518,667
667517,273
1048496,290
485583,290
1089202,417
429259,415
491296,826
640109,826
776798,3911
364827,1421
485960,244
672381,244
787618,244
671734,202
540827,1304
1057565,234
255172,235
935358,1177
432175,190
1306851,5724
1272997,48726
625144,48726
1284125,53646
736034,475
242661,35
430280,607
893675,430
469822,6195
293194,416
392085,800
528833,800
724108,416
817367,121
360661,370
371003,370
646189,370
670987,987
911065,43
1044516,465
1055346,371
801420,465
388820,36
700393,589
1047860,2420
340864,110302
637788,110302
924447,110302
331498,2424
634430,1465
814268,2424
539949,982
234124,6676
481689,60949
810987,6676
732097,2672
896234,2672
357161,6418
640026,1091
484988,1050
531637,369
707221,369
953004,1063
244904,63007
530673,63007
203074,6992
375657,86209
125020,1390
385394,1047
668547,1047
85370,1047
948294,1047
456492,276
585949,506
741090,506
925848,506
178425,683
63491,3062
436064,79
1296876,237
381967,368
293385,131
254003,232
1243090,1124
654415,452
903706,197
724783,22
670883,988
1011131,931
295060,337
333014,931
381469,931
494880,931
424900,1031
464599,1039
406634,1237
520651,1237
565846,1237
580635,1123
800925,1123
711544,29
128901,1003
461833,1003
667508,1003
867711,1003
345591,466
503731,12020
671649,621
710671,621
711394,621
302371,1108
895458,1108
223725,1244
340339,1244
623521,366
637536,2696
667974,121
494954,3719
918820,932
228660,16704
715383,49702
715384,49702
521407,714
425028,159
403290,419
404055,10625
492715,157
840836,157
566677,2288
146509,677
255788,677
351749,677
392591,677
401320,677
468066,677
559794,677
336367,180
503990,180
711999,180
732165,180
741228,180
990836,180
1141628,1148
488935,1148
541231,1148
624243,1060
193098,703
641458,703
745191,703
897481,703
933017,703
1193867,543
704155,1132
288255,12321
632896,12321
857818,12321
344596,826
354814,826
260842,5546
936874,631
1105532,610
1162012,2300
162959,610
240457,2300
451642,114
248826,3137
572689,3137
615667,3137
619298,3137
698548,3137
96047,941
919173,520
670096,1041
886260,235
214078,443
441987,369
913115,39097
1061626,48726
717200,48726
297583,89
798043,89
88647,35
173491,607
345458,416
583404,416
1010016,11282
1122485,11282
700305,11282
427568,180
192279,989
654982,1003
110864,543
800176,543
412829,618
536156,618
659513,3911
1068110,969
1119456,995
217115,244
91059,415
242359,13
742201,13
615350,366
741258,131
126719,1050
563137,237
585711,403
928592,468
931841,403
576682,385
710886,132
886252,306
295624,723
536520,723
585958,723
1240762,2778
1179117,48332
836428,53646
935047,6992
377434,9010
440953,41274
369384,3057
503858,2727
926694,23826
562948,39
649016,79
203123,533
620217,533
340459,80
225043,269
244940,82
471890,269
651269,269
364133,749
906160,749
331726,5
535955,398
187587,1005
354352,1005
600041,1390
805886,1005
660342,130
96341,6195
490496,3719
851111,964
840640,511
633228,2759
747598,2759
412741,2578
540068,3840
618869,141
594240,2293
1112449,2431
820371,3268
344392,110302
885623,110302
290256,1465
991268,720
539252,683
566025,417
822458,1420
1005240,162
718312,826
391065,290
412934,290
702441,290
258039,1421
957461,273
660438,681
672803,3709
943837,150
541555,331
355861,12321
743387,368
849410,368
320421,200
547499,317
782476,200
315211,1269
569470,1304
720791,1269
656132,1435
241501,206
334802,865
634848,1053
365692,63007
470495,63007
666943,338
419062,86209
548028,3948
645774,60
199733,430
273132,430
395236,430
543666,2919
562049,430
322655,276
357796,276
650999,252
360518,506
381950,12
486031,506
487474,506
624690,12
160938,1047
490423,1047
741292,410
749552,1047
94317,75231
612869,1124
468264,371
565435,371
885445,124
470128,1519
422281,449
278343,114
498529,6890
418425,4294
808574,4294
424881,2425
258032,1075
40687,3062
522954,3062
584490,3062
910867,3062
815007,3060
192409,653
329630,653
358909,653
644244,2672
802524,369
1011469,443
613975,443
695229,12275
1003547,1909
1034532,5817
1046838,5817
1198211,5817
638971,5817
727152,5817
953053,5817
1021813,1053
1171668,1053
342012,1053
345748,1053
1204562,5724
659225,5724
802545,5724
926992,5724
1046648,1063
1119650,1063
239046,1063
812783,2414
482110,3426
806994,3426
669530,3391
776891,8758
1230462,5818
260828,5818
361065,1082
538994,618
655012,618
724129,1082
345468,3057
463601,9010
251302,2036
270541,16
341019,8024
364237,8024
470796,8024
572675,336
649087,8024
143559,1244
181375,1244
453864,2698
619279,2698
343622,39097
396530,18303
401173,631
289592,29
369316,1237
340324,873
434224,873
340325,931
372246,379
181579,703
673492,703
234781,180
447995,180
476701,985
1310513,290
287635,290
211474,417
467720,417
921655,244
170929,3911
247555,3911
325223,3911
928323,3911
272930,1269
1110406,234
313094,234
491707,234
557611,202
793099,202
250464,132
627068,385
915445,385
301696,467
390125,467
800976,383
144244,190
183321,865
568318,190
584083,85465
650863,338
1052374,6992
809899,6992
658693,601
680806,58
728734,968
420210,23826
348026,15
569387,533
295060,80
635645,24
669380,82
746910,82
997861,24
610608,269
256339,1047
389837,1025
392538,1025
581672,1025
433181,749
439914,607
707809,607
731491,607
479641,987
883433,987
882708,43
58993,903
982081,511
159894,465
211325,2832
346903,2832
411838,2832
413605,2832
216443,2293
322288,2293
419293,2293
226073,126
248355,126
375137,141
401923,141
687800,126
159288,44006
254985,44006
29559,110302
461629,110302
549027,2425
632857,110302
726701,110302
1061975,3329
1153105,3329
198006,3329
732096,2424
382528,294
548729,294
578421,3268
182682,3060
464530,3060
189740,3999
465868,3999
331496,237
461843,3709
361914,681
263727,1108
953901,1108
464259,964
814273,2410
540058,21600
134425,11
742451,543
1019950,969
329812,273
854097,969
164771,1041
1004619,995
182894,995
149829,415
825437,738
138055,1420
465555,667
646733,1420
178219,723
272706,723
308265,723
566930,1435
703772,1435
738516,468
129092,1177
158534,678
649035,678
525919,206
717391,53646
950181,53646
789478,86209
129588,1096
232271,3948
509463,3948
864370,1096
502247,475
543051,475
317740,41274
321647,172
395242,172
409533,41274
460629,41274
325924,354
421637,167
515624,167
391780,86
460245,39
315969,6195
392966,1390
423744,6195
281769,12
181136,46
602124,2919
390177,124
147487,7775
188470,7775
344151,7775
272261,10484
287579,36
293169,10484
514380,10484
236400,7160
71292,7160
149729,114
344869,449
164705,4294
429564,4294
452877,4294
478365,720
491693,720
875511,4294
481623,1075
157036,982
351894,982
709727,1465
112465,683
304892,6418
52769,683
459661,653
137669,3385
286392,2672
466121,3385
718115,2672
593482,265
548188,1049
671915,1049
112515,940
505653,472
401534,121
314944,232
268167,3719
48067,71985
71273,2671
293279,2778
624808,48332
648076,48332
708240,48332
748382,276
707844,130
371147,3840
61842,589
1013713,2503
395228,2431
448466,2431
478317,2431
978037,2431
237923,2441
492955,2441
536480,60949
275218,367
88103,367
894050,306
71542,419
341092,31
939745,5
807386,336
337798,452
566046,75231
622477,75231
637545,75231
864621,121
524791,71985
598101,71985
228645,610
502842,338
965816,2740
389253,371
1072724,409
712117,409
864799,409
318470,583
353559,2696
538281,2696
387687,932
430488,932
524356,3725
91970,800
365394,234
856068,234
259953,159
347268,159
612826,159
649452,294
1155608,122
1178758,122
340415,122
352596,122
394152,122
565821,122
610400,122
618898,122
661206,122
1177810,1053
783094,618
1240763,2778
249303,3057
88682,749
249730,416
934527,416
979766,276
1045071,44006
810096,1075
609556,762
344152,1003
430310,379
910905,667
1144627,467
463610,41274
973805,475
191422,24
927353,60
93827,269
377042,6195
421873,6195
494236,1005
883122,130
332798,141
170895,2381
875337,2425
375392,2431
808907,2431
174733,1091
182618,1091
361083,60949
1121298,366
177847,472
670717,472
890721,11
1006411,415
673514,3911
958647,415
229853,969
775242,306
825199,234
1135967,385
205006,383
835546,385
581106,678
481628,157
385817,9010
410854,9010
452896,9010
726526,2727
1233680,520
239962,82
596821,35
305947,430
670845,2919
708678,410
118287,126
700031,3840
461657,589
562734,7160
182710,2424
238367,3268
193319,110302
925413,4294
658737,3062
94308,1244
419061,10690
657796,660
465606,2832
545550,1467
749559,1467
1294049,2503
695454,237
644771,800
698546,800
335147,749
935777,749
936745,749
942814,749
336307,1005
724178,1005
304144,1390
424121,41231
818025,41231
655494,12054
685723,3609
114022,5287
300146,5287
949489,3709
571607,252
85528,1038
325993,4172
439292,1429
462086,1429
514895,4172
543822,4172
1058354,410
568617,410
671799,410
855308,410
485395,317
1063292,720
957653,720
343558,62
486054,62
504189,62
740059,279
830057,279
1024706,5817
800919,206
802553,1842
441892,678
520056,3243
323710,3690
449721,3690
525692,3690
654121,2741
1042873,2778
1047109,2672
382423,2671
1125758,8758
156676,3062
40014,3062
493332,3062
522260,3062
1066811,60949
107612,60949
1077364,60949
940526,60949
126625,605
1061336,1050
508639,714
724069,2919
394872,458
662261,6195
737781,458
631927,12
293357,941
470790,941
734799,941
145988,1041
655021,3948
503640,124
361537,301
394328,1075
585055,119
555837,3729
312502,75506
528380,75506
1076153,3999
248551,3999
288237,3385
364240,3385
666974,273
207580,306
588020,6890
383014,1465
710484,366
834486,366
320864,49702
906005,16253
42460,383
908890,403
1111147,6992
936859,6992
1049151,9010
569383,167
346499,35
496745,1025
1077175,252
1083164,252
1038067,511
119569,511
193079,511
1026007,43
205878,2759
504518,987
709957,371
787232,1467
131745,6676
164729,6676
948275,3709
633645,28457
182913,244
152651,132
660059,202
503638,235
292812,2727
721666,157
1057857,41274
901082,41274
877672,1047
163048,416
196522,903
161011,36
655899,449
257851,7160
1041532,982
964426,683
1056966,621
682588,368
572818,3719
134602,110302
567489,4294
1063553,1050
357770,472
44162,2410
817548,49702
371856,159
952779,159
401598,452
962111,131
338424,11
185024,3719
189553,71985
668177,13
631222,419
553328,122
59053,122
332326,12275
344321,501
868887,941
879768,148
383198,6992
384593,167
701819,276
366194,589
262300,180
346314,873
486604,31
991800,379
312493,467
258362,235
386164,235
728733,252
743096,449
1292845,2424
506150,2431
324806,3268
959241,110302
206542,605
700106,1237
1293294,3592
1186563,1096
877124,1096
875332,533
1052719,6676
61887,6676
37838,1091
674501,1091
334538,653
182904,13
1036405,41274
528892,677
917817,826
991487,667
668265,468
829819,235
1293455,39097
604327,39
459665,252
818448,252
961022,1025
944570,506
524537,903
1226502,465
52403,3999
1108203,12321
1061283,150
1228320,1421
538998,738
711996,1041
215551,202
231650,200
487924,1304
484995,3592
270393,89
552223,607
697917,2293
182877,2441
532390,265
1119146,2698
1047256,873
752691,85465
204176,44006
949116,1049
817361,964
817383,964
231306,159
991221,3719
698920,71985
119085,452
186374,409
929626,2778
420465,720
1066142,62
944827,62
276896,398
1175588,2381
340521,2423
673511,982
453704,368
952943,85465
104543,172
551932,2727
606119,269
486046,23826
866579,16
884820,16
549354,1519
1018802,10484
1337084,12321
967502,3028
967517,3028
1044538,20603
1027068,2801
1027071,3016
1284385,3016
821905,3033
1031045,3491
1031047,3491
970364,969
936605,317
1124880,1096
39728,12
856592,2425
386726,683
369267,1049
719720,3709
602781,2
385518,65
409485,65
929943,15
1045762,16
501049,35
703007,3385
864118,3892
975138,1455
485592,1426
866250,798
760508,1268
692208,367
707359,367
948254,367
290346,366
1305564,1050
712107,1050
1064391,1108
372051,142
633306,142
634105,142
690273,142
895480,142
217923,2741
504001,2741
97541,11127
993645,46
456583,987
91854,2578
1083604,2423
1136724,18303
882224,18303
718123,26459
279009,41
331739,44
906969,39
324861,4
335733,653
260053,1091
933884,683
146799,2441
486043,192
646708,499
703778,1304
1003716,403
317593,403
892932,940
882710,368
916014,368
935342,368
1129175,12321
491616,1244
618805,1244
536831,7077
990202,7077
426326,1536
947431,1536
1210422,13222
834485,13222
895326,13222
895679,13222
1230201,12567
257456,12567
633114,12567
337066,1533
434602,1533
187809,2502
1054934,3708
264116,252
866247,430
653415,979
410735,724
420376,1283
1052854,500
1055887,468
1076179,6676
1054429,150
1190411,150
1271065,472
1338984,472
611075,472
1060821,714
1178721,714
946269,714
620598,79
516407,1110
845872,667
938146,27
452068,16
897424,23826
817665,2424
1076024,6418
667508,6168
936901,1220
614603,1032
855890,1219
347619,358
567597,1181
1178475,1421
124715,969
986262,969
796429,206
1082633,53646
1029619,58
959576,172
196524,7160
223025,44006
904712,714
565674,3884
257097,337
356236,337
45146,252
454386,130
942497,281
131310,419
685742,159
1031774,79
419723,197
800995,1090
282028,1041
569367,941
931426,941
418561,678
1047261,873
747009,873
902467,172
627356,16
1086619,130
1176418,1519
334839,2578
393371,589
394134,1465
929878,605
935245,418
1141560,273
883865,415
765972,234
213268,306
1005835,157
605396,12
1241542,2381
890557,2420
564968,2431
381913,3999
668210,12321
1063329,3368
642589,3368
1055860,681
709215,681
711380,681
962145,681
964190,681
739443,1148
1086636,1421
471691,235
925401,338
1161400,49364
771911,49364
1045547,126
388513,237
52119,468
1200400,2727
451906,35
1004723,1047
566613,607
1182001,3840
665048,449
969742,3840
452707,903
1045344,15
958937,336
1060845,1049
165467,1049
799682,1049
834463,1049
1033005,3709
339079,3709
747236,16704
1009485,419
692807,159
800988,79
718756,122
1120351,3725
588260,41231
816852,3719
991180,11127
1180809,417
984699,417
666268,62
1106860,1041
981537,58
927094,496
1152644,2431
1128515,3023
344009,677
1015624,667
190280,995
892531,403
1263951,39097
111830,2759
238585,465
1017774,44006
1293517,2425
1031044,3021
706700,3001
634666,1192
948911,1192
509246,2999
1025974,8933
1032786,8933
975843,12886
1045719,3015
111432,1241
270596,3031
411267,2760
714460,3031
566802,1098
524937,415
1075574,417
1180068,48332
1049598,506
1210233,7160
957736,3329
843712,3062
369523,2802
503688,1181
1262359,10690
829434,2424
891869,2919
226261,366
923831,985
470596,1148
571743,29
226151,511
467994,749
914857,1091
286415,12321
1249340,1050
847283,897
1053246,6676
922783,6676
719999,368
340700,89
659521,385
1291385,26459
1309326,475
1132292,23826
862628,2424
962124,418
980148,49702
512160,12275
955449,244
517705,2503
990132,3385
938076,6418
1059634,48726
515650,409
805534,122
391742,452
955446,417
982858,417
1138036,496
79194,403
282488,7160
283223,7160
1079869,1063
1079965,1063
227511,35
909482,465
905345,336
1305792,368
954104,1148
796300,148
671737,202
1294033,53646
810108,533
522681,1047
988964,5
922563,379
806284,798
1024744,383
1030425,1050
45026,800
128969,12
650256,1038
913539,1038
725816,306
426849,1435
804775,468
388516,46
40433,410
612059,410
892101,46
950593,410
1052795,403
1176519,366
678666,132
208772,124
344457,3329
992686,931
621965,3057
901236,3057
1076981,141
1047621,589
1011214,1467
1056907,336
869966,3840
993081,3840
921090,2420
486144,1003
348756,157
1358447,601
385412,2759
1112218,465
709767,1148
854721,989
671203,982
985683,2425
247377,1005
980339,465
182893,273
627226,16795
428016,148
1200419,618
729872,618
60561,995
1144700,430
463665,410
284883,1075
984540,1075
179838,3999
554398,3999
808907,3999
1066206,131
44058,131
1160813,826
1179130,826
415383,826
1170286,244
695422,290
918251,290
367992,1005
290801,43
1171460,511
1303931,7775
187047,60949
292356,60949
982557,2425
1208520,418
709997,418
948279,418
337715,1049
566965,12567
965924,987
1061378,1075
456523,6676
922772,6676
910175,124
182688,603
418553,603
898885,653
538072,3057
704155,3057
1061282,1047
290537,1047
291097,1020
191056,273
538971,273
82410,467
442320,475
738770,172
1018259,533
618898,533
187097,2036
583699,89
604320,2036
469709,269
392163,35
393321,35
421873,1390
894324,5
447063,987
610850,2759
875208,371
345886,368
541628,1132
701021,1237
670848,281
1108466,31
618494,31
683895,543
385848,641
669366,512
942738,289
1009658,989
1089802,989
297257,984
417575,984
939615,989
559130,1039
732165,1039
361575,2262
471145,2262
747951,1035
276914,337
449597,399
1126888,1031
525140,826
187809,202
595028,723
667903,403
997646,317
723008,200
215096,306
570817,132
628042,306
899163,306
920585,58
621802,1096
403568,354
504245,354
327251,23826
649452,86
923945,167
698560,607
345591,370
396847,43
448883,370
359199,2578
481692,3062
167291,3385
187147,60949
726453,60949
486832,3060
587002,2288
725912,148
646353,3008
1011152,762
343475,677
621997,677
425306,873
377042,430
446101,6418
267330,2672
849865,1028
395237,1047
288323,22
506470,466
520651,1071
1000630,1049
382478,167
1280281,35
503865,370
796300,370
190687,642
1064471,940
1314671,417
565821,162
1061820,252
582987,294
629777,3329
720518,714
1027069,3194
845809,379
925862,383
990731,41274
974894,533
289404,44006
234811,336
724035,2425
862352,8024
926849,13
1164331,3709
567148,1192
633624,1192
1286948,903
643097,1241
699018,2759
733362,1241
496062,2578
741267,2578
1176418,3030
932875,3030
665390,677
996897,1237
1131161,244
1027557,995
184816,738
855215,290
983677,1304
315128,468
381349,468
728864,2727
1293796,1096
174915,968
592924,968
814491,968
205550,601
373433,58
540315,58
916623,58
969447,601
230985,475
829174,475
330208,130
433584,607
605266,7160
662328,2431
433358,4294
184928,982
224672,1091
887137,2795
1028081,124
1082993,124
94199,2381
193768,3999
242532,3999
243633,3999
376860,3999
482801,1519
565846,511
942070,383
948278,418
638964,11
1054209,398
985546,148
127188,417
240536,62
765094,62
1102235,1096
432982,82
683812,269
332612,2832
215122,979
494236,472
336731,60949
777308,989
660867,677
445939,281
763079,281
621993,667
1137808,1421
502670,583
841121,1421
747017,202
845872,306
1111050,601
487969,506
633652,2553
1031045,2759
696762,2759
383046,987
456292,987
503688,987
1069932,2381
327402,2381
517376,6890
452084,141
919262,2425
699592,294
1216111,2431
575717,2431
804661,3329
831591,2431
544895,982
722351,150
933908,150
961087,150
625651,714
892926,368
1027216,3062
590841,3062
341680,653
326029,405
967319,873
592975,1003
576028,1041
807128,995
1053147,738
128969,826
285323,417
537566,58
583919,354
728924,58
263380,3057
435808,3057
289648,157
661212,130
67556,130
557407,12
1054052,124
566802,1519
329145,36
743599,1467
295024,126
245014,44006
727152,7160
830452,2420
1294048,2503
898721,1075
471690,1049
208172,1091
447221,605
234781,252
699442,2919
797572,2919
520530,607
451642,10484
159142,110302
930767,46
929887,197
951217,197
1108049,31
1137274,419
1035659,1082
948913,371
111819,11
1154106,24
999745,148
1009442,533
829838,533
929743,398
1057820,826
1121298,826
324811,39
663237,130
503866,180
729264,180
1063329,405
342226,618
539665,290
1130803,306
1190921,385
405687,80
400131,35
324690,1047
709957,1047
1111820,276
303116,2919
644032,276
993645,2919
527698,607
375434,43
347619,1519
403574,2578
417228,449
409886,2420
430761,110302
550549,110302
401533,2423
372051,2424
432400,982
1063574,237
126737,3709
607034,368
633056,366
182688,265
330126,265
342472,3385
823486,1148
418659,244
1363293,1421
296422,738
944427,415
485960,273
489463,273
384461,234
313504,723
250591,317
392179,202
393239,468
694186,468
801031,1090
829257,403
1112904,1096
344864,601
453121,601
622871,601
281769,15
321247,15
118161,82
391005,82
805714,506
960941,749
550108,46
95424,5
586986,987
908779,987
744074,124
742611,11282
981928,11282
345449,10484
204069,36
258626,36
1189523,4294
908936,4294
306668,2431
574352,2431
742506,2431
602105,150
345343,3062
403290,605
440163,3062
905184,6418
128223,141
633114,979
566677,2425
864799,472
173589,3999
376484,3999
704156,6676
223974,800
539134,800
126719,3709
783396,3709
973690,3709
157506,371
322517,3
464154,3
386455,5
422951,12
462250,5
552955,5
715510,1435
996453,430
610335,1049
423678,995
377641,162
863900,157
198008,86
480116,506
523318,1047
571271,1047
1004725,720
195736,366
358250,366
392881,366
938146,366
926952,985
77715,1192
1011200,738
197642,1082
770438,738
190338,618
551505,273
565406,273
921655,273
571149,468
339340,383
338673,2727
352392,520
533158,475
743395,9010
579287,16
1067904,533
367284,533
838236,89
342967,60
530173,2036
179184,24
659542,24
337725,749
395512,276
586984,276
860992,276
124555,416
622380,416
190268,2381
724966,3329
282734,110302
965630,2423
139396,294
167727,294
536831,979
1054934,621
1120228,621
638793,1050
256680,60949
584427,653
532541,1028
587588,1028
245625,677
630076,990
258916,337
748319,29
314367,1132
568005,1132
71292,1132
510310,603
576121,512
867711,603
582513,511
903442,8933
909254,1241
216270,2999
342151,2578
430976,2578
503731,2578
796307,2578
316306,2795
484838,371
1005575,281
466805,281
542842,2805
954104,466
1078326,415
328770,415
1093482,969
807165,969
849410,667
1073032,1421
717585,1421
351816,244
519184,244
215099,385
374326,610
516407,385
480730,235
513963,317
1047103,58
1055055,1096
594991,1096
361081,41274
77001,41274
1075719,968
585550,3057
329517,80
340982,1390
312819,2919
883349,2919
649490,1005
346890,6195
215649,607
303657,607
620313,12
666268,607
818448,607
33862,10484
474589,141
198638,2431
659713,2431
174694,4294
177964,4294
726705,4294
927714,2424
1063553,1108
39125,1244
535959,1244
813229,3385
402887,6676
539043,683
258032,164
414908,543
448854,164
878150,164
422051,2262
670843,31
703475,2262
944140,31
258923,405
263236,148
296622,405
801734,148
1147385,370
315138,370
757272,3031
392085,430
432090,430
259025,7160
289075,449
390379,449
548270,1467
876440,2425
347271,2672
401913,2672
316125,873
437852,43
610649,465
192364,6699
580809,6699
979064,6699
659459,16
875328,336
353892,27
52723,279
530527,941
638990,941
935760,941
468309,610
926491,1090
880840,301
372445,865
1030153,3911
1052867,1063
229616,1063
787907,206
848682,23826
262523,1025
400489,416
1234104,2503
126710,2503
147034,2503
410281,2431
54716,2503
362842,12321
386047,405
648046,379
564489,132
667965,234
887433,1096
673432,2727
693037,2727
1159786,2282
924117,79
84938,80
561217,370
265542,2832
365107,2832
170120,44006
422203,6890
432752,6890
1173926,294
605396,294
858251,294
1061568,336
981058,8024
814268,3268
887834,979
284854,1108
653476,653
1042886,985
1111063,610
598491,610
339327,443
589139,1177
329520,5817
585202,5817
678194,5817
1230462,369
255468,369
293283,369
656130,369
659317,3948
1285174,157
1029619,968
950874,520
115979,269
464333,269
392710,39
651005,430
238752,2919
381706,2919
728485,1005
485584,12
85528,749
435807,903
179860,11282
182581,11282
1060252,2425
666539,2420
695121,2420
459463,150
554402,60949
672314,6418
533566,3385
701325,683
342346,3999
448705,190
804664,5724
656441,252
239743,141
249952,126
271495,126
616894,141
656409,3329
891971,2424
670686,336
1152154,720
1105541,58
1237306,1421
1082832,6992
1165884,6992
269371,6992
342609,48332
451603,48332
608760,48332
892054,6992
983434,6992
207623,475
1074584,114
59970,7160
862297,543
1075575,1420
324819,618
595247,234
877672,723
955224,234
1065123,49364
1249850,49364
207074,53646
548993,53646
577260,53646
645137,53646
717196,49364
923514,49364
213980,63007
428603,63007
623319,63007
633850,48726
718409,48726
748838,48726
1029207,3592
213976,26459
596148,41274
856530,130
982855,398
230361,2293
805065,3268
975138,3268
148396,2503
207519,2503
364239,2503
64000,2503
670718,294
542099,3062
188180,2672
1237907,3911
74869,995
177547,610
981693,610
1110453,2778
180767,2778
927970,2778
1053908,1053
187499,1053
670116,1053
294746,18303
620722,10690
646153,18303
755175,10690
955216,10690
1045187,85465
748939,85465
837974,85465
1061435,39097
1159511,39097
495923,39097
622410,39097
636756,2740
892025,2740
935095,2740
1040824,601
320411,6195
336125,1047
1058369,749
210178,430
1081566,336
604864,2441
1083607,605
799924,1063
567497,2420
1119009,660
359796,86209
387495,86209
1010854,631
982097,631
974387,371
342152,10
744728,398
877139,506
73185,383
957241,1090
1126894,1421
549960,85465
653832,53646
392570,1005
948363,932
954105,405
1160814,826
577816,1435
461595,18303
448868,6992
762387,6992
424900,9010
387990,157
568373,157
1378362,1096
1380876,1096
926301,18
171072,964
371856,964
584139,3725
726445,3725
274694,71985
365261,49702
645880,71985
660000,49702
817843,49702
735366,60949
706889,1132
457931,244
1017912,969
690799,273
977877,273
943828,723
1018658,443
926988,1063
1111025,48726
539738,48726
821535,48726
1153473,49364
928288,49364
226958,2503
533354,1108
312502,14589
354587,232
501777,14589
756991,232
570423,121
756494,121
292837,1124
541006,1124
541914,1124
1078163,985
1293400,48332
129092,369
1102159,336
607720,27
1105073,6992
523907,53646
1073028,85465
773961,85465
936825,85465
1027018,18303
696028,18
1104233,2431
1178475,2424
334481,3725
589527,49702
1203026,969
655838,48726
864370,172
955448,23826
659516,5
747810,110302
1006449,1075
608382,1108
371996,2410
863190,75231
800175,964
851551,964
633649,3031
1132634,1421
923838,520
862568,979
419576,2503
724969,2696
896156,683
1030382,206
1083070,660
799095,3725
911391,3725
775257,234
930780,46
988987,46
166737,11127
522145,11127
747236,11127
817673,11127
189650,723
825438,995
760508,468
207929,1047
558727,2832
469976,6890
674241,449
170851,2293
1073601,1075
926945,75231
1217375,3719
1011738,985
1200289,3911
933900,667
297990,2778
1301001,1053
920308,1053
378521,1465
742488,2431
1291231,49364
624920,63007
642947,48332
692997,48332
1054402,44006
1291840,48726
1375876,86209
539798,79
913539,1025
411267,43
636686,366
937945,681
1390649,1244
917403,2410
817853,14589
1186789,826
89222,6992
666614,3592
586756,6890
173079,21903
214448,67939
343492,21903
830079,21903
899884,67939
581330,1237
539425,338
1082633,26459
1381775,26459
1022218,3840
743627,63007
847484,3329
1055220,418
1241211,290
195546,132
248934,338
897423,82
644408,398
1067349,1519
204072,366
1245948,1003
238993,6195
751977,660
1173278,152
1086375,1148
1171764,1003
1045124,180
1397259,385
1179284,3592
745075,89
1112449,1005
589911,2423
718760,49702
955333,26459
964590,4294
1367976,2425
282726,979
636697,1050
378520,2740
898807,2425
404844,48332
876719,10484
1020686,1465
825725,14589
1180777,232
217686,232
911424,985
672616,3592
955213,10690
1303968,3205
1038950,1050
245765,2578
890385,252
980632,416
745623,234
1069512,27
917402,2410
1103958,1420
1204959,714
528386,1124
1396595,3268
1259753,48726
1378959,48726
1365020,979
1112664,75231
936842,1003
1077670,583
1275040,583
453742,35
1303935,7775
984011,7775
834470,131
1108478,1041
891854,317
315237,2740
404846,18303
490609,39
1173054,2424
1126427,3592
597290,53646
1230661,543
1096744,1420
743522,1420
997479,306
1176435,48726
1043641,10484
1082539,2423
1191154,3329
576096,467
111426,252
1188619,416
935231,418
1061260,366
1367276,366
745625,234
64352,132
1241219,3268
383008,3268
1333982,2424
598975,2425
548347,1420
979773,1041
1293390,48332
1058515,80
1123377,7775
1261146,3840
1020652,982
925417,1465
994536,281
986298,180
367443,723
1184614,1435
859218,234
1098098,660
1194386,49364
838384,18303
1295301,48726
885230,1390
1254152,589
1169436,12321
709971,366
1134878,472
1105749,1083
47004,232
1067168,1237
991744,46
535740,1390
935053,660
870185,18303
815567,2919
1223303,589
1225269,7160
815014,10484
1048118,141
1365799,472
1411351,472
875872,932
1135364,1003
215810,543
1293592,63007
1040080,416
1047598,2293
1208378,3840
945709,1050
1105761,7775
1070028,449
1223332,589
1304031,449
1070797,10484
1268578,1467
1175621,7775
1310021,7775
957838,7775
1008031,2293
1035767,2293
1048119,2832
1048120,2832
1122334,3840
1181962,2832
1182817,3840
1198887,3840
1261143,2832
1406923,3840
745573,2832
992509,3840
1069931,2381
1243736,11282
745596,11282
876658,11282
920138,11282
131790,44006
1069693,3205
1072255,3205
1056993,1023
1082631,1023
159372,1023
215390,1023
270188,1023
428791,1023
432953,1023
458710,1023
496268,1023
642758,1023
678439,1023
69400,1023
699704,720
735573,1023
844797,1023
849582,1023
943837,1023
234189,7
28003,69261
566823,7
65230,69261
744586,69261
819603,69261
858719,69261
872184,69261
909758,69261
999127,69261
1075147,27
196357,27
180579,9636
195882,537
227081,537
255755,537
273438,537
279457,9636
309193,537
364972,537
379752,537
390638,537
432164,537
432914,537
440658,537
465819,537
468249,537
474249,9636
546036,537
562494,9636
562560,9636
618984,9636
793957,9636
889435,9636
891353,537
984096,537
99617,9636
661154,189
829966,189
842910,189
99343,189
273236,51828
459466,51828
610849,631
670717,631
978037,51828
102017,614
215616,614
248410,614
288431,614
321239,614
349585,614
352324,614
353108,614
374136,614
385271,614
432895,614
435485,614
520392,614
592735,614
1057316,209
113133,209
115183,209
211397,209
281405,209
373373,209
402733,209
491705,209
50669,209
56066,209
606136,828
657625,828
857948,209
198250,2462
205041,2462
212209,2462
22415,2462
29241,2462
387611,2462
457533,2462
54590,2462
546172,2462
588989,2462
628750,2462
745927,2462
796297,16
815558,2462
853529,2462
982617,2462
126640,3535
132748,3535
171935,3535
184526,3535
261394,3535
292130,3535
535037,3535
642004,3535
642721,3535
189441,2407
347577,2407
668207,46
691316,46
460939,281
522719,6603
55619,6603
607223,281
182712,1114
195332,1114
207834,1114
225161,1114
266302,1114
267967,1114
308120,1114
314353,418
323704,1114
476352,1114
509897,1114
509911,1114
668267,1114
869509,1114
890290,418
901181,1114
93128,1114
951682,1114
119234,409
141103,4035
148713,4035
281404,4035
283233,409
294804,4035
409517,409
604320,409
610590,4035
704868,4035
80197,4035
803608,4035
804034,409
856085,4035
85791,409
895679,4035
915421,409
955338,4035
45026,2150
531214,2150
465822,1023
707447,1023
816129,1023
69751,69261
1129770,9636
996140,9636
1228194,537
126422,537
811219,537
1082602,614
145707,614
964580,614
930781,46
346065,2462
480686,2462
592344,2462
67920,2462
873097,3535
898350,2462
271478,209
220688,6603
30677,4035
264909,1114
671114,409
578391,281
984480,2150
856047,537
48280,189
1015246,69261
563692,1023
75435,1023
410427,7
822959,27
424676,614
439072,614
79960,614
931007,614
962090,51828
743600,631
910905,631
346922,2462
624291,2462
1274611,209
135853,209
424045,209
450406,4035
556047,4035
833268,4035
1158001,1023
147361,1023
523363,537
867847,1023
1145504,631
637792,294
397458,614
229877,1114
631923,1114
766258,1114
235052,1114
626724,631
312294,2462
1305470,6251
301106,30686
696598,6251
738154,30686
807247,6251
486204,1167
882003,1167
1044284,496
125314,496
349300,496
374075,41133
502669,41133
539965,41133
591360,41133
603891,496
605426,496
667249,496
667251,496
667869,496
698742,496
724965,41133
900480,41133
117401,5771
198967,5771
206808,33783
225003,5771
368984,5771
372106,33783
462887,33783
493032,5771
80315,33783
144860,33741
340906,38204
340971,24832
344827,38204
376663,38204
399011,38204
412525,24832
668712,24832
915890,38204
325087,3737
342476,27114
597289,27114
228750,10613
1179146,10482
276816,10482
295773,10482
351729,10482
386794,4772
427446,4772
477923,10482
584809,4772
59352,10482
764944,10482
106984,60368
285077,60368
578916,4391
61297,4391
773795,60368
817388,60368
85029,60368
273689,10603
299108,38208
299132,38208
125033,17149
191723,17149
214264,17149
263246,602
324380,17149
918149,602
140470,1180
199081,1180
218441,31614
377243,31614
404515,1180
412537,31614
432852,31614
565171,1180
662056,1180
762070,1180
927919,1180
144339,301
163999,301
314329,301
433979,301
470152,301
547255,41916
566875,41916
626899,301
685795,301
79507,301
802211,41916
674212,3189
909689,3189
1281099,2481
437331,2481
568702,2481
623120,2481
815039,1918
815041,1918
1018784,1109
1111684,1109
1177723,1109
208880,1109
223197,1109
255474,1109
300086,1109
685657,1109
77825,1109
875631,1109
240178,63993
421758,710
437392,63993
481981,63993
507403,710
570743,63993
577785,710
647701,710
654118,63993
895891,63993
235755,10157
244165,10157
344302,10157
399348,255
424302,10157
427151,10157
523315,255
607057,255
1006467,156
140109,156
351800,156
355395,2976
399361,2976
444018,2976
463667,156
628038,156
675946,156
704071,2976
912586,2976
966005,2976
1011580,669
146017,669
205809,2156
253290,2156
256003,669
624353,669
698537,669
775242,669
895606,669
943795,669
944289,669
944581,669
952783,669
987672,669
1185785,7769
151658,12163
393436,7769
412024,7769
423111,12163
435208,7769
44698,7769
450290,7769
584105,7769
615930,7769
637273,7769
675506,7769
712087,7769
744075,7769
892105,7769
289855,11540
428567,11540
46972,1008
482004,1008
534675,1008
627183,1008
133844,16779
319450,253
364730,16779
399028,16779
399045,16779
413248,16779
704592,16779
317035,2573
407697,433
539907,2573
1126203,23777
155074,6170
198752,6170
223717,6170
295498,6170
371640,6170
376237,6170
499990,23777
617790,23777
62547,6170
80163,6170
95984,6170
484923,4040
949337,22783
249671,10301
430463,10301
627607,10617
719644,10301
230649,69752
373226,69752
457347,69752
477922,69752
506797,69752
724662,11065
889811,11065
938509,11065
677663,3070
1084192,8606
271607,8606
487756,8606
574117,8606
579977,8606
697002,3461
397144,7964
67855,7964
1003520,43032
193418,23371
242152,23371
299149,43032
376541,23371
488687,43032
716915,43032
343917,46643
404894,46643
422416,46643
465495,10262
491026,10262
577515,46643
635048,46643
661837,46643
900818,46643
711769,64780
199000,1002
322683,1002
488280,1002
529512,1002
599628,1033
291070,5849
1380482,32017
363511,13467
411612,32017
916226,32017
1045505,28931
1334978,28931
1381483,28931
1146714,11411
481980,14178
545378,11411
545380,11411
623458,11411
720932,14178
877135,14178
140540,40090
206844,40090
214284,40090
832326,40090
1005012,24349
245995,24349
929612,77
973449,77
158873,10854
166101,10854
348768,3900
465557,3900
672052,3900
724625,10854
841108,10854
956119,10854
549012,16704
953522,30686
547721,27114
623425,301
589753,6808
435236,10482
724664,4391
252767,31614
681989,1180
1150520,1109
728722,1109
641017,63993
467118,10157
468540,2976
551752,669
895581,669
547786,7769
267526,16779
869438,2573
741546,23777
274175,10301
422801,10301
949381,10617
716542,6131
547743,10603
540127,43032
733886,38208
193217,3900
370997,190
467720,190
869952,1063
230536,2741
293829,121
297034,2741
301037,2741
317764,2741
360451,2741
395659,121
431708,2741
555159,2741
593480,2741
606526,2741
620015,2741
706618,2741
736202,2741
70114,232
817700,232
1021022,41231
263962,41231
279242,932
284843,41231
300538,932
318468,932
419672,41231
623380,41231
649343,41231
918824,41231
937850,41231
190188,71985
217033,2696
372730,2696
391905,71985
697954,2696
745284,2696
103981,5724
104918,443
1274269,443
1428464,443
167798,443
320265,443
42913,443
464067,5724
512160,443
542776,443
1088534,2778
1380311,2778
167794,5776
293316,5776
293326,2778
342393,5776
369678,5776
422936,5776
482102,5776
528522,5776
541594,5776
586987,5776
592857,5776
701114,5776
726131,5776
735438,5776
848124,5776
926991,5776
1004062,678
1059479,678
405072,5817
448471,5817
542697,678
1026588,173
1135770,173
203895,173
343337,173
360517,173
400537,173
518583,173
288067,206
462838,206
491391,1177
593415,1177
695210,206
910311,206
449444,3948
490884,2282
565429,3948
592403,3948
717329,2282
341705,964
582074,1083
875947,964
963720,1083
1059814,3725
373374,3725
456814,3725
867082,3725
315252,49702
393621,16704
939065,49702
1127813,2410
125755,14589
152962,14589
410799,14589
447462,14589
534477,14589
574930,14589
575408,14589
1150261,496
377665,496
618080,33783
706560,496
75458,496
119150,45457
204987,119
226097,45457
252345,45457
293603,119
298642,45457
319213,45457
359975,119
416359,45457
438310,119
919538,119
959106,119
177547,159
202228,159
461701,159
510782,159
673436,159
706253,159
797572,159
989112,159
116565,60368
162695,279
243770,279
328573,279
443831,279
998101,279
153637,238
179896,238
225165,238
242813,238
294772,238
323325,238
345452,238
345454,238
375378,238
539008,238
554972,238
555057,238
581113,238
825960,238
952979,238
991779,238
1249161,144
207025,144
293210,144
316047,144
320859,144
345311,144
355641,31614
376452,144
384568,144
398886,144
403760,144
429987,144
432758,144
495320,144
743567,144
745248,144
797100,301
992823,301
226793,540
270605,540
440383,540
471164,540
55972,540
200495,10482
1109671,941
243225,61
290016,61
324796,61
334803,941
346898,61
413461,61
450417,61
539808,61
707347,941
75816,61
78868,61
88404,61
959932,61
999886,61
183293,124
242273,265
311178,265
325924,265
471690,124
795657,124
862297,124
285111,10625
325666,10625
536688,10625
536722,10625
554940,10625
865793,10625
1075577,409
1129198,1100
1236853,409
202925,1100
268151,1100
326875,1100
367274,1100
390664,1100
399151,1100
403690,1100
430031,1100
462832,409
569632,1100
666131,1100
671591,409
671593,409
751105,1100
919675,1100
929994,409
926979,1177
1048583,447
1056486,447
160482,447
303420,447
344599,447
367039,46710
367795,447
369612,46710
371012,447
391281,46710
547750,46710
626301,447
724273,447
887816,447
921512,447
921553,447
95438,447
260786,5771
1063914,7769
117432,2790
129604,2790
192637,2790
286292,2790
394435,7769
448169,2790
582353,2790
608212,2790
673513,2790
724039,2790
801754,2790
605757,710
1045972,1075
485395,1075
183841,255
412638,377
424237,377
1113308,58
1132628,58
412945,58
842420,58
944095,1109
1111077,200
340459,200
457341,200
571149,200
344107,903
575610,903
674809,903
929600,865
331726,114
454567,114
500054,114
1021818,1519
462059,1519
512916,1519
537841,1519
554565,1519
586023,1519
619353,1519
626472,1519
703657,1519
208095,195
239044,195
313944,195
369100,195
418751,195
482829,195
494177,195
507310,195
549378,195
564621,195
615293,23559
668426,23559
794757,195
944446,195
1111215,588
172982,588
473066,64780
755164,588
269093,14
288690,14
395230,14
405568,14
59032,14
614157,14
703655,14
734395,14
803967,14
83119,14
918449,14
1027708,239
1120134,239
1253757,239
195274,239
269503,239
338939,239
345700,239
422947,239
574495,239
73327,239
743088,239
790245,239
797945,239
806524,239
893547,239
990983,239
237669,2441
567497,2441
640994,6055
230631,48325
444605,48325
464591,48325
483362,48325
549756,48325
662701,48325
922792,48325
1018754,1443
1046580,9644
1111775,9644
1150073,9644
280312,9644
318257,9644
343158,9644
384823,9644
435587,9644
442118,9644
453639,9644
479675,9644
495669,9644
497543,1443
528414,9644
546819,1443
553562,9644
554288,9644
583755,1443
720120,9644
900470,1443
1159175,53453
155425,53453
156639,6429
220816,6429
229292,6429
241118,53453
241254,6429
289061,6429
331971,6429
340001,53453
345881,6429
368624,6429
399551,6429
406791,6429
431746,53453
447557,6429
457738,6429
605547,6429
64126,6429
798972,6429
868809,53453
896370,6429
131330,599
206939,599
226065,599
292666,599
329629,599
353374,599
371004,599
388144,599
398159,599
426975,599
446996,599
530038,599
549016,599
580482,599
619277,599
844375,599
875511,2423
427821,790
1018927,46643
111180,1059
1138101,1059
1231993,1059
270855,1059
283185,1059
440953,172
446248,1059
539677,1059
569349,1059
579289,1059
592084,1059
666922,1059
688042,1059
81755,1059
850132,1059
851699,1059
902401,172
952210,1059
34400,4645
49800,4645
566861,4645
583754,4645
626771,4645
640464,4645
697030,4645
702082,4645
741507,4645
1184662,4633
1245543,4633
341272,2300
386129,4633
391929,2300
400058,4633
405386,2300
421636,4633
460601,4633
462029,4633
607435,2300
638235,2300
690273,2300
69374,4633
698542,4633
705826,2300
706237,4633
747953,2300
864682,4633
894324,4633
895298,2300
91557,4633
918368,4633
227602,10854
237623,53646
860701,53646
1227723,527
160736,527
183312,527
272640,527
318707,527
466809,527
511801,527
539795,527
625816,527
629637,527
638964,527
667870,527
866282,527
970137,527
102123,4313
470507,4313
574789,4313
605667,4313
634859,206
405868,669
502022,669
744099,18303
807784,18303
871265,669
1052377,40812
213195,40812
229007,40812
324214,40812
418235,40812
425733,40812
433976,40812
502682,282
505324,282
518451,40812
553772,40812
567143,40812
584936,282
597165,40812
686232,40812
697080,282
726033,40812
740789,40812
152093,10586
186233,10586
258513,37169
260051,37169
342843,10586
410170,37169
511883,10586
525131,10586
613961,10586
718758,37169
166158,3258
718171,3258
801886,1090
323403,40604
339780,40604
721526,40604
1118150,197
615618,197
147485,170
231586,170
320701,170
393766,170
404881,170
526785,170
526895,170
538974,170
601089,170
614194,170
692598,170
847257,170
912078,170
961937,170
1057319,1064
204982,1064
265383,1064
396645,1064
668603,1064
778540,1064
234888,605
249157,605
253367,44360
282810,605
290273,605
379168,605
417575,605
429551,605
210363,829
302525,829
46104,829
52848,829
531450,829
562665,829
152733,6890
156566,967
216080,967
237100,967
306166,6890
358166,6890
144410,3793
486766,3793
838636,3793
926479,3793
965996,3793
1279570,23371
1421514,272
229695,272
249102,272
281252,272
322075,272
361772,272
418557,272
719926,272
75890,272
893929,272
920310,272
963314,272
97616,272
249866,2714
293239,22220
314963,2714
355692,22220
357608,22220
379144,22220
396646,2714
438311,2714
538773,22220
576712,2714
598377,2714
620560,22220
622787,22220
719242,2714
998481,51316
542654,678
338637,1096
707546,3948
719456,1096
1249173,2696
585082,2696
666616,49702
1047097,190
1053160,520
1071138,9010
1123952,520
183383,520
717604,9010
745178,520
920209,9010
1063856,3508
1263687,354
1310437,3508
286007,3508
289584,3508
338665,3508
460848,3508
543302,3508
548037,3508
583901,3508
597289,3508
609691,3508
613983,3508
616431,354
671682,3508
910176,354
913660,354
920470,3508
988711,354
1241698,3057
153661,3057
205550,3057
338652,3901
360338,3901
394127,3901
395245,3901
395514,3901
409513,3901
412513,3057
463133,3901
486053,3057
535706,3901
583899,3057
589273,3901
617698,3901
627329,3901
655143,3057
705416,3901
711626,3901
780147,3057
859536,3901
947363,3901
693412,2741
379637,41231
811544,41231
908621,41231
1007138,1063
1042885,173
560881,5776
1268078,2778
1194331,58
867357,968
1284784,2727
679597,2727
446491,1184
742451,2282
1105542,157
395523,157
418661,475
538970,475
570572,475
852953,475
1107993,3725
911400,3725
489824,14589
1073632,159
41384,159
1073747,190
363901,3716
726859,2804
344299,121
699263,41231
817338,121
910740,41231
149928,16704
353404,16704
538954,2696
687463,16704
1038622,71985
1151889,2741
1247237,2741
376127,2741
398726,2741
449173,2741
577714,2741
822457,71985
917457,71985
591431,23297
396635,119
1007295,238
1148082,238
461906,238
539043,238
365107,144
46415,144
927331,144
131728,301
468192,301
81396,301
577439,10625
846254,409
877260,1100
366045,61
393999,941
652060,941
660545,941
720281,964
1317563,75231
1317564,75231
923177,49702
1339250,1083
1052489,2410
838670,932
625768,2790
811432,2790
1006448,1075
1073115,1075
669956,1075
283225,377
518471,377
812010,377
328802,40090
1183410,272
362336,22220
399037,22220
533783,22220
699949,2714
123683,1839
1126113,195
492492,195
1179658,588
159139,14
251303,14
293084,14
240012,239
392275,239
418561,239
674288,239
980787,239
295183,2441
271099,48325
405804,48325
554393,9644
804134,9644
1040558,6429
921551,599
973703,2423
103405,1059
1072185,1059
574666,4645
610612,4645
1118873,2300
1303880,4633
343272,4633
388465,2300
589013,2300
607922,4633
686680,4633
889193,2300
521444,527
546880,527
847262,527
298671,669
418219,40812
502671,40812
592878,10586
299139,38208
1172620,447
1300966,447
238500,447
143798,197
488784,197
655300,197
224871,170
629040,170
374889,1064
375376,605
384060,605
494847,605
178459,6890
1128666,14589
170625,14589
817822,14589
918723,14589
1021348,1180
405564,336
424784,336
519184,294
671915,294
735573,294
428568,5776
886339,173
1269454,354
780136,2282
1031028,81401
249639,81401
271516,81401
294786,81401
321947,81401
325386,81401
376227,81401
383082,81401
395069,81401
395537,81401
404847,81401
497222,81401
581011,81401
721512,81401
86931,81401
501612,48332
522833,48332
543380,48332
617643,48332
702664,3592
729638,3592
860096,3592
885150,3592
966009,3592
748808,9010
880330,9010
921995,9010
103819,1241
1049906,2553
193885,1241
238720,1241
240457,2553
345759,1241
406694,2553
424019,1241
426414,2553
446712,1241
503688,2553
509709,2553
526790,1241
54265,1241
56490,1241
567115,1241
583997,2553
596400,2553
757272,1241
80339,1241
394018,987
403574,987
485672,987
504386,987
624751,124
655135,987
718318,987
808128,3901
1417090,26459
521997,26459
567505,26459
685375,26459
725356,26459
808971,26459
923512,26459
1041630,63007
201671,10690
603126,10690
633850,63007
702561,63007
723621,63007
798106,10690
925401,10690
935095,10690
937917,63007
843397,121
189485,932
879028,49702
1042882,2778
1051640,2778
1066835,5817
393686,1184
893659,1184
364896,58
570781,58
1250976,3948
1073295,1191
244261,1191
244263,1191
328429,1191
36709,1191
401046,1191
471938,1191
512995,1191
527858,1191
531031,1191
55291,1191
647281,1191
85627,1191
866651,1191
1298557,511
202883,511
238468,511
603937,511
662538,511
979064,511
337290,465
458633,465
475949,371
514281,465
565675,465
909017,465
1161403,85465
524572,85465
789583,85465
1027625,87883
225632,87883
269371,87883
277777,87883
362529,87883
375180,87883
375657,87883
380376,87883
461666,87883
522329,87883
618487,18303
722371,87883
807731,87883
815673,18303
892053,87883
91380,87883
926657,87883
951690,87883
1007020,84122
1067497,84122
203854,84122
380554,84122
387198,84122
404851,84122
419118,84122
449084,84122
534474,84122
766706,84122
775723,84122
812726,84122
814830,84122
870177,84122
918615,84122
95707,84122
1171409,2410
829380,3725
337800,232
167329,383
465326,1435
550829,383
735701,383
895334,383
165334,43
367244,43
541448,43
569385,370
586538,43
599628,43
708099,370
740596,43
794777,370
1045884,55686
1078831,55686
108710,55686
1158515,55686
131553,55686
236468,55686
343151,55686
363740,39097
383325,55686
396401,39097
495918,39097
678503,55686
719652,55686
745252,39097
771914,55686
887142,39097
889438,55686
972535,55686
623274,41231
246596,12275
878164,12275
599675,1842
564453,947
656179,947
815316,947
951659,947
332823,49675
631472,45457
222223,10625
527896,124
572240,941
648091,119
749089,14178
1046260,19657
1233996,234
231572,36
377468,234
464598,234
581329,36
593519,234
598791,234
601495,234
649317,36
855731,234
1113451,417
1121298,417
448632,417
535820,417
548028,294
1089004,409
398258,279
648895,279
537765,238
916920,159
541287,144
797594,6430
670828,301
435712,7769
563614,7769
682719,7769
707572,1075
146790,3837
317729,3837
350709,3837
471127,3837
487114,3837
488296,3837
501710,3837
501989,3837
579628,3837
658529,3837
894372,3837
926953,3837
955389,3837
525919,255
684307,2156
1076214,1091
1174506,4441
118397,4441
194736,4441
196227,4441
206906,4441
212333,4441
254284,4441
258883,1091
387105,1091
406608,4441
488063,4441
523870,4441
528022,4441
531289,4441
604504,4441
851548,4441
885233,4441
89541,4441
1177475,61
322309,61
391376,61
347849,1100
410557,1100
491296,265
1070667,10613
803052,170
808348,170
863911,197
1066953,1090
579459,2790
471004,206
187587,447
693906,447
668941,527
624266,10586
181985,239
225823,239
399165,239
369078,44360
1083164,1064
491039,9644
555062,9644
616948,9644
320637,40812
830113,40812
216902,12163
334822,377
339069,377
427829,377
226450,195
1088311,1435
296227,385
324344,385
426280,1435
678641,385
900072,385
1124661,475
1430787,9010
916623,475
1433541,48726
917287,81401
192565,141
206947,2832
254003,2832
348863,2832
672052,2832
440493,1063
314944,336
566911,3268
569368,3268
1015959,798
1052803,467
1088035,798
1142631,798
1299824,798
214346,467
444380,467
491292,798
596178,798
631049,467
675844,798
675981,798
746838,798
747243,798
1409754,132
640565,132
741587,132
1175048,724
170720,724
182582,306
232219,724
369319,306
380118,724
410719,724
541020,724
559325,724
56836,724
613781,306
629777,306
654902,724
735700,306
940095,724
112052,468
134999,468
333640,468
388220,468
548348,383
1208836,520
1178393,968
458734,354
400131,157
488298,157
374984,1191
532460,1241
937845,511
1085296,465
1179658,55686
1222645,3592
539738,63007
751363,63007
857859,84122
183120,589
185024,589
247596,589
263380,10484
271495,589
330876,10484
445623,10484
464446,10484
477938,10484
544148,589
566271,10484
585339,10484
993407,589
1432633,152
1437503,820
191829,820
223025,820
267473,820
294100,820
314965,820
323876,820
325222,820
333374,820
341364,820
366194,820
409106,820
460651,152
472873,152
508994,820
538864,820
579284,152
655912,820
872123,820
1058056,110302
1061283,8024
1065761,110302
225151,110302
568155,110302
594926,8024
636697,8024
638589,110302
661243,110302
709166,8024
816135,110302
357163,982
371148,982
401526,982
419936,982
422850,2424
609518,2424
695121,2424
822141,2424
908936,2424
929573,982
931900,2424
375667,2741
412941,317
441216,1269
453121,1269
694186,317
729010,1269
761326,317
827711,1269
1006923,1434
250440,1434
263555,1434
271549,1434
322616,1434
399350,1434
461644,1434
486604,610
590777,1434
593824,1434
624942,610
694039,1434
708005,1434
748604,1434
779752,1434
804906,1434
818445,1434
84405,1434
930571,610
987366,610
866328,202
913289,202
326300,1304
586659,1304
596148,1304
793702,1304
416802,3901
593286,3901
745202,3901
869462,172
983364,172
591032,3508
1041316,1184
148365,3057
522788,3057
1030663,1096
763090,1096
805484,2727
883058,2331
1032804,43
931841,1519
1128515,2553
121385,903
681970,371
1095335,18303
1293451,39097
935053,18303
125858,7160
245014,2293
282615,7160
342218,2293
380919,7160
388359,2293
405399,7160
708111,7160
98512,7160
1142382,1467
290552,126
465606,126
521956,126
535469,126
638269,1467
681814,1467
700031,1467
782935,1467
900938,1467
976561,1467
357003,865
376702,5776
934050,5776
1017261,443
547822,443
1043831,7179
1074496,7179
1112292,7179
1241278,7179
211107,7179
476355,7179
503975,7179
592498,7179
634125,7179
642591,7179
700789,7179
719646,7179
842764,7179
927644,7179
989929,7179
1082774,2521
284739,2521
428954,2521
487180,2521
590302,979
646734,2521
648812,2521
668178,979
670710,2521
695454,2521
696507,2521
698539,979
718577,979
726721,2521
746642,2521
845568,2521
859923,2521
934031,979
955253,2521
964591,2521
988468,2521
700479,3329
813044,2423
825835,3329
520060,41231
293194,873
484547,31
598577,31
709726,31
730861,31
717203,87883
752691,87883
1072017,449
111627,120
170929,120
208172,120
248219,120
254249,120
256358,120
256567,120
275385,120
291758,120
355757,120
367195,120
428302,120
565406,449
568216,120
748807,120
834899,449
849404,120
790965,173
799899,173
1093626,2431
1321718,2431
351441,2431
547754,2431
575715,2431
611855,2431
64339,1465
658674,2431
658815,1465
668277,2431
699632,2431
699679,2431
737821,1465
95142,2431
1053206,2420
243028,720
409884,2420
524964,2420
634461,720
72522,720
807124,2420
877139,720
921533,720
926993,720
294987,466
422721,466
450714,466
533632,466
692906,1034
276002,1181
410436,1181
539502,1211
624267,1181
572519,1194
396286,1198
484215,2963
121324,3008
258216,3008
696764,3008
454576,512
724540,512
796305,512
859951,512
912081,512
503781,164
592116,164
603864,164
610649,164
335615,641
340990,641
513968,641
801426,641
271997,22
357656,984
412943,22
435062,984
49693,22
585769,984
587222,984
612749,984
694901,3820
713479,1219
123503,1045
354695,1045
874538,1071
315291,990
451747,990
781270,1031
965924,990
320403,698
530780,698
530813,698
570768,991
724532,698
936237,698
398063,2455
438086,2805
614811,1150
953933,1150
380744,1010
615302,1123
661253,1010
715558,1123
803401,1010
843595,1010
956920,1010
250840,3684
874081,358
344012,988
701011,988
1005855,603
431422,603
547039,603
626474,603
837334,603
299471,3884
487847,3884
747951,180
820241,180
1245612,1039
566155,2262
624946,1039
97241,2262
255788,2288
433991,2288
506942,2288
579295,2288
667506,2288
706815,3537
706968,2288
1004327,1020
1109824,1020
346467,1020
467616,1020
693440,1020
867760,1020
949477,1020
1109229,964
593432,75231
1243089,71985
535974,71985
479649,234
889136,36
1134250,417
1208968,417
1254786,417
915418,409
68884,144
207843,1028
360661,1028
662744,1072
900199,1072
257455,148
463600,583
543499,148
284320,1110
1007720,350
1225900,350
282689,337
292417,337
347138,337
358948,337
433183,337
455127,337
463751,337
489463,337
581330,337
670860,337
353479,355
861600,1035
878150,355
491578,349
505561,349
896526,349
63223,6699
228660,41231
334440,2696
1160724,16704
1038342,2741
692563,2741
946413,932
542462,239
939879,1083
670377,38204
1390964,3837
268178,255
1075793,1091
362562,1091
985825,4441
897461,61
1170416,1519
1236047,2790
860297,710
1043003,58
668259,527
290508,2423
257462,2441
363227,2441
804936,272
664521,195
1114155,86
263361,86
654991,86
1077670,15
1131924,15
125714,15
1364454,15
632349,15
718303,15
905011,15
377729,187
656095,187
1035765,89
341317,89
386685,89
960211,220
463605,989
465555,989
654539,989
955357,989
1179829,2727
171159,5621
462086,5621
731491,749
916430,5621
345458,6574
679423,6574
700053,6574
749552,6574
921655,6574
1057563,1005
1058368,1005
1134251,273
239743,273
324795,273
332889,273
370846,244
392770,244
557613,273
581669,244
1347762,1269
806463,1434
1005575,12321
205562,12321
457931,367
834487,12321
1038133,2497
1065832,2497
15799,2497
216870,2497
217155,2497
230784,1050
284430,2497
326416,2497
429790,2497
447823,2497
538006,2497
578419,2497
593412,2497
603696,2497
620164,2497
662261,1050
733576,1050
80197,2497
929899,2497
953901,1050
120565,6646
1261862,6646
1294653,6646
169092,6646
226073,6646
249952,6646
315208,6646
456449,6646
529251,6646
594276,6646
616886,6646
880403,6646
908982,6646
431811,2778
465604,5776
182108,3268
390478,110302
602156,110302
815652,3268
148372,252
487843,252
503866,252
787618,252
480692,27
711969,79
948279,79
1153628,2036
448705,2036
744728,2036
157672,533
364258,533
412953,533
415035,533
459022,30
553285,533
667457,533
1390649,23826
565424,23826
865682,23826
1107265,42
1145570,42
322990,42
340977,42
668606,60
820957,60
969153,80
424072,35
599733,35
605265,35
697277,35
704155,35
1025234,78
322073,105
1045344,4
181614,4
345189,4
594731,4
1058520,41
107574,41
1213681,41
196139,41
227110,41
298603,41
340521,41
403177,41
470038,41
529895,41
540056,41
649672,41
694507,41
711996,41
84993,41
910541,41
663581,82
124884,405
583189,762
429915,1237
1111589,379
111455,289
123682,379
240692,289
353032,289
400536,379
494237,289
503686,289
515544,289
617755,289
633992,289
646991,289
658536,289
727089,289
743384,289
876631,289
947411,289
967346,289
314241,1132
411537,1132
514285,1132
607224,1132
607226,1132
684210,1132
711999,1132
74960,1132
95424,1132
1064471,543
566799,281
588989,543
661427,543
1049965,354
592400,157
685106,354
463527,3948
490573,607
1190411,1047
128223,1047
300137,4554
580451,1047
747720,1047
948278,1047
173491,458
197473,2239
241527,2239
256339,2239
258827,2239
336960,2239
351955,2239
375816,2239
406042,2239
433584,2239
434551,2239
631007,2239
659516,2239
708086,2239
76163,2239
1088110,826
1187942,1041
184892,826
344886,826
500053,1041
618494,1041
631927,826
652061,1041
655217,826
743515,826
1191444,415
1200427,415
688707,417
710885,415
989574,415
1119880,738
164904,738
175722,162
182201,738
227039,738
405389,738
48015,162
507496,738
651973,738
798925,738
918414,162
975347,162
485588,798
720189,798
727480,234
775044,798
1063333,3368
1144700,3368
129674,3368
175446,1108
225020,1108
255495,3368
293388,3368
341263,3368
341277,3368
505493,3368
557057,3368
590690,3368
617059,3368
618809,3368
628886,3368
668179,3368
741289,1108
785353,1108
798114,1108
1009765,131
258923,131
561613,131
720038,237
834742,237
225122,681
238266,681
285323,1049
355861,1049
394236,1049
413262,1049
520840,1049
625014,1049
606743,55686
386659,84122
599224,338
190190,85465
1309324,11282
341019,11282
666551,11282
712127,11282
327402,1467
451642,120
672852,120
367652,2420
648909,2420
979625,2420
1133954,3329
539807,7179
574758,3329
742454,2431
226025,1390
377042,1390
538918,1390
701842,1390
875334,1390
885226,1390
422051,33
453770,33
490581,65
116088,3
1168219,3
407098,3
416380,3
579565,3
592387,3
615350,3
623773,3
333647,24
358504,24
251295,48
622023,48
255957,2
562409,2
709767,2
1116191,127
369258,1622
203123,18
335209,18
613192,18
264960,167
413236,440
526466,167
536508,167
401639,64
692368,64
707350,69
340918,1148
365108,703
432164,703
61651,1148
683620,1148
1056993,631
670882,631
325443,11
413039,985
423440,11
503987,11
517894,985
627442,985
501749,968
982081,520
304144,8970
149525,4172
237658,4172
240897,4172
279823,4172
317057,4172
334992,1429
335516,4172
348601,4172
354814,4172
358003,4172
475410,4172
705063,4172
908760,1429
91970,4172
969192,4172
973249,1429
27992,5
349599,5
467992,5
608172,5
784575,332
1074628,1158
1088199,1158
1110406,290
333175,1158
371436,290
763182,290
830890,290
969447,1158
1306455,1082
318523,1082
346546,3911
361256,1082
479648,1082
548254,1082
82442,1082
903359,1082
920939,1082
170506,10004
173750,10004
203504,10004
274862,10004
290862,10004
358515,10004
374040,10004
399383,10004
415383,1420
435492,10004
649026,10004
668167,10004
739769,10004
750878,10004
830265,10004
84085,10004
904662,1420
955281,10004
1038308,347
1052439,667
1064871,667
1130514,667
1178488,347
1178489,347
1226357,347
127160,347
182894,347
419067,347
539232,347
542452,347
834397,667
926978,667
1155608,995
1241207,995
550957,995
562948,995
659089,583
796589,995
355816,610
918445,200
760508,724
891835,724
442552,385
503638,385
55508,132
559334,132
404418,13
405885,13
548111,13
576028,13
583510,714
616631,13
647435,714
689505,13
783396,714
819590,714
93936,714
94308,714
488626,621
563137,621
834491,621
1061122,3709
1268764,3709
303657,940
599231,940
713644,940
948273,3709
960571,940
1052387,87883
1186330,87883
317944,81401
332132,87883
537646,87883
923433,81401
955349,87883
1219849,660
576566,2832
685795,2293
274839,114
283166,7160
686597,7160
810100,114
182923,3205
243188,3205
247661,3205
275935,3205
340251,3205
344063,3205
504503,3205
225963,589
380415,820
577832,589
74040,820
315233,1063
1321322,2521
548332,2521
92947,2521
1047861,982
1083068,982
376486,2425
481676,2425
623072,2425
933884,2425
514514,8024
546186,336
830365,336
265589,14589
1043646,130
1085031,130
514888,130
840149,130
453870,39
243856,38
337036,38
481688,38
571310,38
604113,38
209686,56
782889,56
883007,16
203460,29
314288,399
344069,399
346707,399
352041,399
362108,399
369962,399
392771,399
465717,399
475188,29
489359,399
937941,29
375877,410
377243,410
906160,410
282388,416
358032,416
393238,416
433181,416
492319,416
679754,1385
1064538,1531
144128,1531
217144,1531
337946,1531
361254,1531
412829,1531
452483,1531
461617,150
527972,1531
531404,1531
548188,1531
549027,1531
626953,1531
948275,1531
892097,3592
999072,2424
565171,49702
953150,75231
1005165,276
1315458,276
338285,276
941869,276
262861,2672
510388,2672
694512,2672
875294,2672
1066818,6418
1076039,6418
197122,6418
368942,6418
454626,6418
477922,6418
549014,6418
629385,6418
1057316,418
441170,331
811778,418
935231,331
1060259,60949
1123368,60949
242758,60949
340491,60949
376484,60949
587562,60949
652996,60949
698980,60949
710030,60949
735208,60949
800024,60949
822991,60949
271282,3385
309472,3385
309841,3385
355656,3385
368693,3385
390125,3385
416465,3385
742453,3385
914855,3385
1049764,4603
1059172,4603
1395771,4603
199179,4603
234733,4603
236956,4603
242668,4603
286533,4603
300308,4603
331501,4603
340323,4603
344806,4603
392576,4603
425826,4603
512993,4603
554398,4603
113045,30120
125918,30120
187908,30120
212430,30120
228584,30120
240026,30120
333494,30120
336747,30120
450427,30120
540064,30120
594273,30120
597931,30120
659713,30120
733904,30120
739996,30120
878416,2984
1011147,124
1054839,2282
647384,124
954104,124
1111843,159
1033039,15122
491026,3062
363125,169
1015245,501
230166,501
245034,122
286596,122
471936,122
502558,501
542877,501
581112,501
652632,122
693092,122
696164,122
822601,122
953067,501
960463,122
724942,10482
353886,26
359409,26
406973,26
507488,26
569375,26
59238,26
625206,26
650350,26
678655,26
734676,26
859396,26
86792,26
945345,26
927925,67107
408422,31614
196435,452
247555,452
294791,452
344576,452
377387,452
410787,452
507455,452
567217,452
651269,452
318112,2311
339510,2311
358132,2311
430540,2311
503963,2311
558473,2311
580120,2311
622212,2311
622257,2311
665546,2311
724169,2311
751681,2311
807648,2311
935447,2311
94172,2311
95802,2311
1008755,265
262523,265
1086636,1075
923538,1100
464604,144
652758,144
120205,206
960164,61
754037,6890
400109,3837
501818,3837
322800,377
282371,9644
282434,9644
259881,255
956604,903
990009,1090
1159925,53646
28396,430
340394,430
493702,430
507486,430
691482,430
622988,367
765467,367
707657,527
900486,527
659804,197
369384,7769
78006,4441
341051,379
698164,379
904802,631
957874,23826
895591,1108
985383,150
571085,6646
775832,48332
386455,1005
566615,252
163639,2239
234523,2239
555820,2239
105521,1025
197300,1025
392966,1025
648046,12
652054,1025
901019,12
964580,12
339332,6195
520530,6574
572265,6195
600936,6574
703245,6195
88755,6195
532776,989
848509,543
1187629,11
346890,399
646750,11
500689,405
823231,1148
225452,289
415970,1132
938158,289
1120020,520
384587,3057
937115,3057
543311,3508
1084638,86
196813,24
620295,86
994536,15
1145064,60
391780,89
897505,79
730484,82
463620,10004
818495,10004
973949,10004
392767,290
718201,417
796865,290
578421,1041
677057,347
838562,347
952282,1041
1143410,371
1208182,371
344584,1241
390156,987
649453,43
921532,987
332340,511
667506,511
232015,202
397486,383
765743,202
900909,383
987376,383
565434,724
865281,1434
936006,724
198008,1531
495625,1531
909758,1531
1063338,3368
632741,3368
371371,237
638124,940
358115,2832
364405,820
402010,820
714612,820
158118,120
184440,120
225873,120
505463,120
403290,2425
401736,7179
512129,7179
646747,294
1219689,979
1346333,49702
255451,121
355761,60949
413502,60949
451672,60949
646698,605
1077560,683
220878,6676
311146,6676
468036,6676
490763,6676
654099,683
858886,6676
131827,3060
144304,3060
387160,6418
586925,6418
1209124,30697
1038054,63007
58939,63007
261550,10690
345750,87883
717413,87883
830083,87883
964036,86209
572163,81401
1167746,26459
574774,26459
1166036,84122
1446908,84122
419061,84122
448869,84122
726013,84122
730874,84122
925394,132877
434433,800
550108,800
628365,4172
692187,4172
746695,800
914934,4172
459988,1390
336012,1047
533738,506
537602,506
583199,703
585959,703
741238,703
1057857,1096
203961,1096
211637,1096
64246,1096
1332184,3901
806043,3901
160736,2727
655420,9010
405687,3
157635,41
550580,18
592534,41
743500,41
808348,826
955359,826
986291,826
1182738,1158
1009596,3911
624037,3911
986310,415
637803,667
96533,995
807417,124
1002305,317
577455,306
554282,798
806245,798
571150,132
193098,12321
805714,1050
891923,12321
168157,2497
276111,2497
293169,2497
337284,2497
711374,681
675857,3205
610440,443
752778,443
1064121,3329
1089809,2424
690124,110302
858252,110302
650833,2410
671145,2410
667980,2741
408963,3385
502669,3385
934991,3385
130149,4603
234850,1091
464535,4603
700182,4603
1291835,48726
800015,48726
1093843,85465
1138480,85465
1290890,85465
425567,85465
1263365,110586
755164,55686
930106,55686
661858,3592
711976,46
827734,46
342877,276
422951,276
632831,410
864306,276
503749,762
521964,762
411838,11282
811841,11282
1082832,2431
1105188,2521
898721,2521
126360,2672
243633,2672
267152,30120
450233,30120
843931,30120
623318,97548
1292610,2712
202604,23
342989,23
530298,23
60957,23
739439,14589
906774,14589
522030,232
1019701,45457
1189915,501
542762,501
715508,501
802512,122
974365,122
883539,2454
282240,1027
668557,512
342046,1132
571743,1132
612517,1132
829299,1132
927768,1132
497143,358
181380,289
348026,289
475946,289
559801,289
570336,289
937840,289
990997,289
275590,1112
627248,466
746740,466
624967,1194
391005,180
546712,1123
569663,1123
701021,1123
719673,989
258915,990
1178758,2288
296978,2288
496659,2288
617018,2288
987074,603
242284,1035
306024,399
338629,399
371851,399
99397,399
779244,1198
591844,1211
922462,337
417913,150
918327,121
878219,2410
1200433,173
878247,173
974207,173
974208,173
1223857,26
925199,26
1011936,2282
510310,197
357658,29
866655,29
127181,931
826719,698
1060087,1237
318508,1237
660860,1237
817612,988
921662,1237
933018,1237
950091,1237
1037693,71985
541288,31614
250490,452
181612,2311
291231,2311
361001,2311
486054,2311
522993,2311
547812,2311
622254,2311
652050,2311
511401,152
852616,152
952439,1184
959917,238
667991,1075
339980,60368
863204,667
1167425,377
976234,170
733371,39
226080,7769
43300,7769
993687,7769
371430,4441
371021,6574
503881,6574
546926,6574
74683,6574
1032683,5
595650,1005
377729,35
1166473,3911
816974,202
949874,202
518644,1049
128969,3368
625660,3368
549966,2293
900480,443
478317,979
890718,979
464469,1025
707295,6195
895937,1390
265078,130
613393,130
1159022,4172
409344,4172
413220,399
400680,172
413111,172
497175,172
405385,86
449597,86
467437,15
730581,15
654234,167
579459,533
1075583,415
531065,290
691958,1158
707230,1082
885445,1082
978150,43
385635,987
867755,987
442885,1434
1301775,237
165007,1108
35047,12321
357628,368
385105,368
315237,39097
1061623,48726
1061629,48726
1320347,48726
275683,2832
364244,10484
1372495,6646
176936,589
395862,589
724968,6646
982344,6646
648779,141
349608,3205
451353,120
539822,120
314942,110302
1176866,982
1221003,3268
1135545,2420
959979,2420
370791,720
190941,4603
905189,30120
1010577,683
113707,683
457673,683
290613,3385
457184,653
585858,653
267160,410
377641,276
467563,276
432092,430
543771,416
957822,430
1202361,405
568157,873
479999,11
880245,379
401598,2727
800364,157
521225,3508
706554,3508
1145504,16
335993,60
393745,3
58995,60
640556,3
1010854,667
461607,273
340177,10004
377393,10004
45672,10004
991054,347
170961,738
391065,244
1073397,370
1081159,1191
423750,1191
698548,370
743556,1191
906428,1191
345584,1519
396286,511
606389,1519
741580,1519
373916,371
476219,124
502239,371
938431,385
482141,200
987370,234
595028,132
724025,1090
959106,1090
972465,1050
907559,150
729781,53646
1160405,18303
633728,18303
375378,152
420465,114
649016,114
621603,7160
157501,820
401356,36
440653,820
671591,36
646477,5776
696849,5776
1133778,2778
1309800,2778
814992,2778
320411,865
351738,2521
629077,2521
1292917,2423
448468,2431
826225,2431
149716,7179
294321,1465
388545,1465
381714,932
373876,6676
486132,6676
258027,265
292357,2672
357117,265
584490,2672
923776,443
540725,12275
953053,5866
806463,2821
878164,1177
886339,5767
1020226,5784
890055,5818
1017247,5776
1046572,5776
802715,5776
1020420,5817
1032525,5817
1129387,5817
1378076,5817
494170,5817
634844,5817
789094,1063
950442,1465
244260,3426
668949,3426
715384,58065
685982,20923
650712,354
708455,354
221316,15
664708,15
181778,244
315253,244
353366,244
361914,244
406634,244
474800,244
653610,244
926694,244
395234,368
40433,368
501418,1531
57500,368
937955,1531
1159925,26459
837005,87883
1061628,63007
174694,7179
355369,7179
670683,7179
703324,2521
805835,7179
873528,2521
402825,2423
623325,294
426326,2698
167727,1390
406151,1390
673514,130
257474,6195
430280,430
433984,6195
504148,430
610442,6195
284730,46
368887,506
540664,703
708072,703
741257,989
989112,989
811779,631
983989,631
1124005,873
420210,289
473169,289
184573,405
565822,405
608832,29
900195,931
345911,543
455661,762
683571,543
566931,148
745181,379
492634,2727
682032,3508
157396,3948
502247,3948
1052420,41
537598,41
776890,27
892160,41
605268,60
654982,79
707242,79
610400,39
807386,23826
340166,3
513245,82
617755,82
881297,82
107219,2036
1091353,290
557612,290
1011200,995
479638,417
569845,417
795274,995
130765,370
367992,370
796216,370
895074,1241
403568,987
346482,465
935082,1191
256773,903
328609,124
670688,124
93763,43
640026,1269
845289,610
949480,1269
1055235,724
412943,1435
954125,724
412932,383
485584,383
526566,467
662131,467
708989,467
926389,467
205940,317
808578,317
704773,306
805451,306
372246,681
486031,13
729814,1050
844637,13
349884,2497
395122,2497
469669,3709
498237,2497
559979,3709
568158,2497
696764,3709
709380,2497
76467,3709
334222,1108
580560,1108
610622,621
706166,338
1447744,48726
203855,84122
865572,84122
292199,141
53622,141
570466,7160
282076,11282
242063,114
257785,114
341647,114
280700,589
309977,589
618425,152
815017,589
139395,6646
422950,190
1028162,3329
532444,336
575716,979
633056,2425
1000828,110302
1015624,110302
139393,110302
979625,110302
425918,720
375857,71985
430488,71985
250844,232
572326,232
267383,3725
1160078,49702
318426,14589
353403,3060
370885,605
672024,3060
1372823,3385
307058,683
326030,3385
157535,6418
290261,60949
435208,6418
503991,800
582664,1005
604113,1005
708635,800
182913,5
344381,5
490384,5
672381,1025
96254,5
392085,410
663900,4172
435228,416
521407,6574
592975,6574
357162,1132
315858,281
1053147,1096
344864,157
393565,157
813437,1096
159522,172
507455,172
554972,172
847279,520
974995,520
851699,1184
606967,475
405670,18
449592,86
504215,18
656681,86
507341,167
810096,167
904723,167
344152,826
776798,826
536482,3911
671590,3911
917778,3911
979551,3911
316125,667
405686,738
992686,667
203348,1082
658533,415
237662,273
295330,371
347473,2553
437573,2553
539677,371
667497,2553
1057565,798
378316,468
457092,798
726526,798
597104,1304
1161423,385
951398,1434
628366,1049
792331,131
593482,12321
631821,12321
1384911,367
560417,367
1038950,3368
287579,150
525140,3368
526050,3368
607249,48332
294746,53646
695310,53646
381299,81401
386786,120
462772,2832
543727,120
571299,120
604359,2832
614742,2832
234509,449
238223,36
296622,36
382528,36
583917,449
221285,3205
520491,1467
568318,3205
418567,678
514895,2778
809682,173
662446,2420
671669,2420
892926,2431
676411,3268
740159,3268
195736,1075
886047,2424
393858,41231
585055,41231
1122606,4603
34296,4603
401583,6676
317806,265
441383,30120
615639,265
222813,2441
895905,2441
1018259,276
170481,276
197471,276
197838,2239
568005,2239
243879,714
342065,820
418651,126
445788,820
524925,126
530851,820
221992,2698
628049,14589
720281,2698
787303,14589
804933,2698
1043831,75231
549545,75231
715359,49702
817386,49702
1242852,71985
582232,71985
1006411,873
296802,873
381469,1028
406608,1028
1144158,1148
340325,1148
401173,405
496857,506
148367,11
659813,11
487969,148
621910,3984
1069960,5724
1401774,5724
268732,6646
642869,6646
1142144,152
396342,152
1203845,3725
421045,41231
375662,16704
615650,16704
1074060,338
949111,338
998742,338
1219752,660
1220143,660
203853,703
432914,703
434223,2288
447661,703
922698,2288
984096,703
1077175,800
311489,45457
1422277,62
242089,62
321204,62
342129,501
387191,62
396235,62
422281,62
349066,31
1031565,3060
938388,3060
403187,6676
724036,30120
726717,6676
951296,6676
1143479,1091
407491,1091
602124,1091
990262,2672
1066648,4603
279829,4603
353271,4603
609648,4603
344474,653
808866,653
898807,653
1077461,265
906748,265
1111051,605
51161,6418
735339,6418
878416,605
149729,2441
990259,2441
1046260,1177
255468,1053
1009031,2410
1012421,2410
1125676,2741
1113558,81401
1294631,81401
1433409,81401
1433410,81401
1433411,81401
1433412,81401
1433414,81401
1433487,81401
1433488,81401
1433491,81401
1433492,81401
1433493,81401
1435421,81401
1435423,81401
1435424,81401
1435425,81401
466810,162
810895,15
433329,1005
1004486,1041
316884,1041
640109,1041
316709,9010
663244,114
112948,2425
646739,720
897481,2425
397225,410
924857,410
990637,5
952779,23826
381967,41
921431,2036
258364,1082
169511,995
897510,58
1176295,3901
913495,3508
801031,798
1104231,1434
405892,1304
124419,368
610083,3368
188888,331
396638,1050
594991,2832
346472,820
433105,820
607144,8024
937729,2420
554251,30120
800026,3385
878340,3385
599663,2239
223974,1047
329145,1047
984964,430
338070,12
884822,18
69633,82
297070,10004
743599,415
1119881,738
950593,738
296422,347
743387,162
860053,347
1030525,306
282421,3709
560705,3709
283170,1531
342048,1531
435493,1531
1071742,10484
364861,10484
159668,6646
480705,152
787232,6646
1053933,11282
238639,11282
372711,6890
423678,11282
699418,6890
204176,126
669000,120
696693,126
80059,120
1099720,206
337798,3268
581140,2424
1270605,2431
980575,2431
1009030,4172
638573,2293
290346,979
657220,2410
845566,58
223971,1191
225360,903
974251,12321
692070,714
466783,1050
303259,294
748679,1005
897423,5
1178488,410
131758,458
1147384,1132
401922,931
1086619,31
502676,31
646478,180
804219,180
1108464,631
410477,1198
559801,2805
934937,2805
344009,1112
249121,605
623718,30120
1026597,173
1141473,11127
404912,11127
891853,1269
1304045,114
655207,6574
691825,6574
988979,1047
1004723,3522
1159864,130
130394,3522
932187,130
851385,276
903213,276
928037,276
986234,276
1159908,55686
1294306,55686
1311046,55686
1439410,55686
206888,53646
873534,26459
1047280,281
1056437,281
961833,281
339235,1027
427568,762
192279,11
1108475,148
434981,2454
1134201,419
149829,419
255906,419
287188,419
398163,419
414956,419
502686,419
618350,419
665266,419
665275,419
741258,419
854382,419
1126894,234
343463,234
645588,159
748795,159
840836,119
896338,119
1057820,26
147027,26
290032,26
928323,26
295572,496
405568,122
1077556,683
1082582,683
938412,6676
848856,190
1306851,49675
668712,49675
1176780,1063
1305554,1063
461485,1063
668709,5784
807309,5818
907917,947
937850,3690
549983,12439
1112664,5287
637545,5287
825725,5287
907042,5287
170625,1186
516749,1186
687923,1186
699263,3609
743906,3609
817967,3609
758701,3733
398726,2374
601456,2374
715357,28095
286384,2497
1191068,4172
1191069,4172
1231354,4172
15452,4172
238993,4172
591193,416
989621,4172
1184007,1082
320046,1100
494177,1100
1041861,409
1066142,452
803401,452
368624,301
416472,47
597931,47
662415,12275
726446,3243
817367,14590
919358,3243
817355,23110
520064,3729
1037483,3714
1084539,27
493513,86
608469,2696
85528,2239
131996,289
505653,16
1053208,583
1185887,583
279471,1191
863734,1191
211121,465
907483,968
1159736,39097
1279526,449
633377,3268
279570,2698
267396,3385
1155463,3027
1169900,3194
1079563,3014
1267389,3014
1202684,2801
525299,6195
814446,6195
1046867,12
1103652,1420
986285,273
324690,10004
417278,1082
1071596,131
155025,368
1346771,48726
586834,126
331779,5776
964590,982
1247243,2410
220650,41231
333802,41231
435808,30120
380350,379
832326,8024
214468,3060
1109232,964
1164454,14589
1178485,3725
534568,62
644607,501
908807,71985
938730,621
1102540,75231
1156866,75231
634972,159
986786,496
604327,419
60603,419
623825,419
322655,26
952776,26
394008,122
856068,122
1060983,452
330208,1091
744063,279
916226,48332
569939,2239
666974,2239
503883,985
1176215,995
1020191,826
617377,1096
1095107,383
603384,81401
475407,2424
912703,982
63487,3385
829410,3385
1153630,2036
820723,18
660867,667
542338,9010
655011,968
1189172,317
272698,1434
163847,467
1064506,1531
286170,36
672803,6890
1072738,678
1016375,5724
130353,2672
465593,2672
547528,59024
747236,3733
1295300,39097
1072751,190
387626,12
412935,41
951579,82
1133929,1420
851220,1420
387579,2553
732120,2553
710999,724
891854,610
428603,10690
783094,449
728256,4603
661855,6418
1234988,415
353948,3911
664973,354
1064184,468
378293,681
1034853,367
224164,26459
1237068,1467
700034,1467
1458978,589
496871,2832
240900,6646
265569,3205
243606,605
590841,605
894456,2239
204201,10484
1160903,232
724050,2293
1038639,14589
697956,964
718763,964
1001305,62
1238634,62
446573,62
486605,62
804035,409
953893,409
1073633,159
1075884,1075
852024,26
629032,122
922788,122
603675,2239
1069512,931
1016857,465
207006,1241
1159512,39097
1094885,2431
685805,110302
1036405,8024
931416,294
1108127,30120
1265658,3000
1061690,28457
1289544,3033
1134304,1390
1099860,347
568728,347
1275104,798
608889,798
1239140,3592
1175609,589
1159044,1465
503858,1465
1004681,2420
1172179,1075
778540,3268
1021819,49702
324804,720
1087842,336
1294105,336
1294120,336
1318916,336
984439,336
468539,41
444208,80
897402,80
1070979,18
1058520,64
430034,64
1077557,30120
1091562,1148
364409,603
433933,404
633124,404
1146453,1269
828356,500
946855,1269
765468,723
462087,642
604864,642
846826,642
997478,642
458418,1228
547312,1228
390814,1426
989998,1426
1081496,2497
525438,2497
804708,2497
859218,630
1074967,5358
1124136,5358
1060658,1049
1141157,1049
1200328,1049
434990,16795
666971,16795
724969,16795
539965,2687
692208,2687
891923,2687
1000135,3709
735895,3709
854056,3709
937710,472
1232057,4542
605543,4542
1184096,12321
570560,192
568154,7179
1083239,2423
701819,12
708186,130
999127,130
1010856,290
275303,1041
433887,10004
1228317,738
883540,371
503768,2553
609881,2553
924858,370
567309,2
726120,2
1045446,89
1077529,265
490951,3984
914853,6676
1076130,605
1068117,190
871193,5776
1237740,11
1047257,873
1055345,31
226049,31
922461,31
729011,724
1476385,1304
1111569,235
1126111,133
377720,235
607173,235
360412,2448
975689,2448
710004,366
572271,1533
956126,2296
575715,5650
1180809,237
1385448,237
490606,237
1065440,331
1164330,331
834486,331
928726,331
941080,331
1061123,142
710969,142
1456236,1531
706947,1531
1331450,1050
1063574,993
1463355,993
944583,3302
647172,67509
589456,12567
1104143,1244
466809,8568
663146,1186
775984,467
155158,468
808767,384
593193,1455
606023,403
704075,403
930998,1455
983553,317
1035156,1108
54217,1108
945760,1108
1293040,940
707279,940
961085,940
996418,940
1254170,714
628487,714
946279,714
1052283,150
1111831,150
1476968,3368
861981,3368
972764,2502
502084,3729
625269,3729
1223074,2521
141573,1031
610581,1031
724536,1031
914269,1237
978668,1237
1218821,18303
427588,3698
54381,6340
596821,1181
197830,355
412607,355
1124543,3537
667516,2455
125409,991
937480,1032
854721,2804
268606,6699
633826,1127
670857,1034
1002286,352
845809,3684
1160291,3694
663225,1098
733314,1071
322770,2262
1170313,273
937111,968
936604,1304
943592,468
197602,110302
840687,979
727081,7160
157113,2832
683855,3539
1206824,244
1056970,621
1312698,621
1254882,14589
920283,419
1057525,409
805149,1435
583058,452
147558,301
620312,26
213268,9010
527026,820
1000675,15
539065,3901
941561,3901
1053240,132
891852,306
378521,2425
394346,4603
992569,1025
781812,157
1165893,3057
988406,1090
990008,1090
383758,81401
605110,152
1185812,2293
341516,110302
942497,371
935106,63007
1209442,678
982267,1025
1009440,82
122153,162
1078945,132
173580,1191
670841,1241
528181,130
810649,23826
1301102,1041
984544,294
517811,234
1107315,419
234187,419
203125,452
1256286,1041
1064465,940
1047506,703
847278,409
915896,409
696181,289
59641,132
146258,467
1178929,2293
238479,1519
633650,1192
443726,2759
714460,2759
1420858,3023
1475543,3033
1191567,2760
590410,2760
622179,2999
975826,2999
1025974,3021
1043590,3024
1077851,3024
802221,3021
948933,3021
1418337,3194
567117,2578
652672,2578
706700,8933
1082269,2795
1107710,3020
1289645,3020
1323943,3020
904922,2795
923708,3020
1213427,3012
1150105,82
1073748,39
1264666,1096
559320,2282
1063598,681
1064105,368
1202367,2696
1138725,338
1111062,610
847498,202
1067817,60949
1260736,60949
735416,60949
470375,187
1427912,1108
935232,1108
705881,331
625653,5358
646745,1176
857830,5358
1013810,3709
1294868,3709
945767,3709
282939,289
719685,1191
1118088,653
1173952,2441
933897,3060
735364,683
668684,30120
906315,252
884228,46
930768,46
1228231,1390
371141,89
519872,89
1060647,12321
1060650,12321
1319444,12321
653415,1533
719737,13222
1049278,3368
1105075,3368
1371830,3368
1064504,1531
1081995,379
1119655,130
64399,130
457422,897
283489,16795
388165,762
1380977,23826
677935,35
1227106,273
1075392,234
1453066,1050
511909,48332
790995,1098
727023,1031
617019,1072
1107726,379
1162654,738
1367596,290
1024693,468
743390,132
1025582,12321
1241968,18303
1293692,18303
1176783,2778
1261642,982
923299,2521
1151887,2741
857792,3867
862109,1181
1030395,206
1294399,11
1233701,294
937720,294
602200,2451
854616,2451
948911,2451
1457761,496
528835,419
927306,419
1061048,452
915410,122
992820,301
1281099,1100
1442626,36
332560,995
931712,354
1240255,53646
1458907,7160
1178695,738
1186245,418
1066820,6418
1024747,383
1135623,383
921345,383
534376,1533
1201529,681
1194905,610
824000,1228
534015,306
1033103,281
936981,630
1186235,418
935281,418
1255744,468
1055233,724
1060657,55398
1348941,873
1058514,15
719383,3948
727088,3508
949337,3948
168166,3057
1063340,3368
1243050,36
988710,7160
796307,903
1178065,6418
1011140,985
926309,985
1118495,27
1259870,27
671677,354
859924,6646
922892,11282
884821,141
426213,7179
1015874,370
207834,3575
235412,3575
287579,3575
314678,3575
340456,3575
352017,16430
361914,3575
371142,16430
433049,3575
471582,16430
485584,3575
521127,3575
524687,16430
593482,3575
654982,3575
702869,3575
724520,3575
805065,16430
901019,3575
675555,3385
1033919,3674
365172,3703
365175,3703
402008,3674
410427,3674
485729,3703
543379,3674
545538,3703
569140,3674
592975,3674
649016,3674
649087,3674
671594,3674
148455,3672
234189,3672
445939,3672
462348,3672
670987,3583
724783,3583
981516,3583
137313,3585
187718,3585
354814,3585
401736,3806
445610,3806
560483,3585
574352,3585
589374,3585
666539,3585
666547,3585
666551,3585
836441,3585
87854,3585
902869,2420
984093,2420
182201,14666
242631,3444
272855,3444
274839,3444
274862,3444
358948,3444
401922,3444
401923,3444
406040,3444
461883,3444
530742,3444
544784,3444
603866,14666
607034,3444
666563,14666
833315,14666
158816,13497
211474,3670
290587,3670
526466,3670
645589,3670
810096,3670
844566,13497
1185888,3499
126665,3499
200512,3499
291200,3499
375137,3499
410225,3499
442531,3499
480705,3499
485963,3499
490426,3499
525578,3499
623570,3499
776890,3499
918969,3499
93128,3499
1016015,3854
127048,3854
129586,3854
181380,3854
203348,3854
280701,3854
342046,3854
353403,3854
423678,3854
477758,3854
727089,3854
1390649,3591
145988,3591
178614,3591
182893,3591
240692,5129
294808,3591
371149,3591
375885,3591
396429,5129
418651,3591
536835,3591
644771,3591
701979,5129
711980,3591
847279,3591
1038950,3434
170767,5704
170934,5704
378953,3434
392767,3434
413039,3434
536482,3434
58864,5704
646733,5704
656441,3434
807689,3434
863900,3434
916920,5704
970279,5704
973085,3434
171424,3614
284732,3614
351816,3614
416660,3614
560593,3614
578391,3614
746910,3614
750903,3614
80293,3614
855015,3614
864306,3614
917911,3614
131996,5872
142031,13485
355104,13485
415383,5872
551695,5872
564545,5872
588426,13485
615618,13485
631693,13485
702911,13485
823231,5872
878247,5872
996140,5872
1193797,172
386552,3674
410425,3674
804711,3674
810895,3575
120785,3583
498237,3585
956050,3583
1204163,1047
358143,3444
421637,3444
500067,3444
701325,3444
245765,13497
344888,3499
502239,3854
238639,3955
568006,289
182894,3591
243725,3434
374281,3434
500689,3591
541555,3434
231306,5704
592979,3614
625142,3614
286949,3575
398073,3575
709969,3575
743384,3575
69838,16430
290261,3585
671799,3585
1023191,405
1085591,985
1186523,987
1129903,3444
567738,3444
610649,3444
699783,3444
1111589,3499
568693,3499
876631,3499
910905,3499
395522,3854
511802,3854
1067904,3591
357117,3591
469976,3591
683895,3591
974982,3591
1176345,3434
572326,3434
592403,3614
634460,13485
800976,5872
75489,5
1118201,3709
743588,336
746358,982
1175410,1005
1004479,417
1191473,417
659542,417
448628,331
611855,294
187188,8024
513970,371
1360186,1191
458418,1241
607173,43
801328,1241
802221,1241
368984,2553
626913,3499
297070,3674
372712,3674
396638,430
972475,46
470607,873
860078,873
1077674,583
1173868,10004
988275,738
1174032,290
113707,995
462070,2497
699501,3268
667965,3575
504085,4172
925838,4172
406632,6574
522784,379
817665,379
649452,5872
991800,336
618813,367
1008755,6418
501569,6418
537439,6418
205760,1091
580978,1091
733581,1091
418652,60949
843595,281
255688,653
1099924,1390
585959,24
692368,24
215679,3434
885445,3575
469211,1112
321169,466
361070,988
486814,988
587002,988
796305,988
971663,79
820241,41
288340,39
1118293,3
942497,3
944331,3
1078350,1090
185817,1090
45403,132
276002,798
743951,2497
193881,987
427446,1241
55291,1241
196229,1191
347619,465
403566,465
922764,1191
580747,4603
537841,6418
1172646,873
1081159,3054
468539,180
1049020,281
1187640,281
583255,281
871170,1035
250478,641
485582,641
680531,641
911736,641
655986,29
747598,29
938146,29
670841,3867
225452,337
111051,1010
532858,1010
648032,1010
697280,698
1004327,990
412823,990
475416,512
728679,512
967319,990
621193,677
633306,677
923504,677
278166,358
419025,358
747267,358
459128,430
780548,1005
470394,398
846254,398
1009441,27
671108,18
1073562,385
503640,385
727480,1435
551085,306
781270,306
501049,1304
728864,1304
682568,1434
813152,7179
687361,2423
328573,2441
905184,265
206225,1039
396174,1039
408872,1039
501743,1039
543164,1039
587298,1123
698415,1123
480987,984
293213,3008
400044,164
487417,3008
581330,164
344830,350
485583,350
505561,3820
1089574,22
426192,22
549440,22
610428,22
737837,22
943795,86
799993,24
1251220,12
466807,897
1204959,4542
604207,130
874043,1191
1008564,1090
1340846,265
481117,605
905189,265
604864,30120
646824,418
948272,418
746988,235
747017,724
502682,630
715628,630
405885,800
877124,4172
935760,4172
1173050,1158
292808,162
1336817,124
553328,124
488362,148
610795,35
507345,2036
81173,15
612826,39
538971,290
555076,290
1134110,417
949113,415
810285,3948
1122196,1184
1194136,968
1318194,968
289648,520
723008,798
378316,385
1232057,3368
707230,3368
1498276,6646
1111215,2832
1209519,2832
380919,2832
947404,2425
340853,8024
725049,110302
808445,110302
657429,2521
627221,982
1108145,30120
326030,30120
41131,2759
633645,987
888790,2759
967336,2759
1170416,2802
567148,2802
764386,43
123503,2553
345759,1270
1089770,252
1131161,12
326029,12
342039,167
164915,738
232271,738
1200423,1041
971570,1041
372712,995
414908,10004
745461,10004
409153,3057
685679,3057
193256,9010
738475,200
1087982,234
640109,3709
1262787,940
125858,10484
216603,10484
45671,10484
58534,120
985825,449
1457367,152
462086,152
605266,152
465830,36
511401,36
1162012,720
29241,720
877118,2441
313888,4603
398808,605
1177817,653
567115,2795
624751,370
948938,370
891998,3499
298975,276
1175508,7160
216662,2293
269503,2293
272638,7160
418660,7160
469787,2293
599224,7160
641989,7160
727077,7160
801693,2293
976840,7160
1108966,1467
1116387,1467
251345,3205
265542,3205
591360,60949
68033,3060
831492,60949
794437,465
1196272,148
948259,418
1049905,352
1229890,3948
1045243,24
960462,79
1169411,122
569743,301
659352,26
1335870,150
1097113,417
1182916,200
738479,200
1314671,3057
1186244,1531
410158,10484
661212,449
536081,3268
646747,416
417346,430
633668,430
521407,1005
998101,989
392757,281
875332,167
1144627,82
223974,39
829838,2036
320748,273
620313,738
420213,244
890719,244
1285176,2282
1137664,475
463610,475
707802,3901
715653,3948
930995,724
709969,367
670851,3205
1500143,6646
655895,6646
1066904,152
1184662,2420
434981,370
499990,1241
1326037,987
904414,987
234733,6676
381206,3385
396645,4603
582133,3385
66515,3385
1308212,60949
1191520,252
315121,252
507486,1025
1005165,6195
1061820,12
1000675,18
1151929,667
203938,1420
1297673,347
417228,58
706063,1096
1010044,968
1053908,202
367992,200
670105,468
369554,234
625206,1075
969153,2521
1092964,294
1134199,294
1159661,2431
626854,2431
782889,2431
463751,43
544148,371
1063676,511
432982,124
667516,511
1083069,276
983989,399
423444,12321
741142,3709
74857,12321
844516,3709
898352,3709
994536,12321
268327,35
1012731,430
1124856,24
937942,1050
1078159,11
1250269,11
887433,405
952771,159
1078678,941
1091902,417
1185698,417
1191475,417
1047109,265
1077528,265
1309366,265
244192,12
929870,12
1026247,496
539134,398
707546,3901
248271,449
110686,10484
646733,10484
1173926,979
581683,979
268429,276
464195,4172
843286,4172
204103,379
1012564,989
911328,995
944355,995
944724,995
1027253,520
412946,1434
926491,1434
1209287,13
921345,3368
912392,1531
1127730,2497
624942,331
543771,114
800976,2293
916920,6646
719672,126
670713,8024
941869,8024
1070645,2521
439292,2431
593410,2431
181547,2423
741650,1465
491578,1519
497143,1519
973449,43
1082993,2553
567114,370
726859,2553
282240,511
624967,465
289432,4603
459115,60949
324377,2239
67556,2239
862606,130
357778,416
814446,416
876298,416
980575,1005
331726,405
201574,703
802515,1041
539795,290
1307004,347
525140,1420
659518,2282
694509,58
846826,354
1088697,610
331560,610
332530,1435
508639,1304
1045344,200
646739,200
1007378,681
743376,820
339332,141
599203,3205
670880,3205
857818,141
666971,336
412372,2424
1127616,903
670883,903
965924,903
919262,683
144304,2672
462141,2672
940135,2672
1031590,265
1305935,265
696246,30120
1052719,3385
1076240,3385
548716,3385
217115,368
875337,1075
1112908,465
495752,35
929133,1090
274461,903
697511,903
981516,903
985544,1191
654257,124
707621,124
726526,6676
733579,683
107574,269
569031,269
885623,46
534675,653
1124136,1108
1124051,621
342385,1049
1104143,724
455127,467
952414,306
216569,506
496745,506
261503,150
406040,13
889435,13
961297,13
891854,1434
943592,1434
495839,276
647280,276
524285,703
572265,703
85941,703
1078326,1082
186233,347
353404,1082
810909,347
1006449,968
980576,132
903611,289
386047,379
661207,931
936874,29
1049911,985
1086258,148
250426,543
392770,543
188888,39
726701,167
667251,18
1074990,16
919515,82
678655,41
962555,995
272642,826
324811,273
402008,826
979761,273
387191,157
687630,2727
790238,9010
1274531,317
566911,385
679597,468
818445,468
670116,467
1175045,724
348863,724
1105810,681
938156,131
168063,6646
209513,6646
1116537,979
273738,2424
519879,2423
631472,2431
433652,7179
462087,7179
252641,4603
286005,4603
457244,6418
649035,6418
865028,6418
1225900,3060
450790,30120
684519,3060
452477,371
700078,371
80339,1270
457673,130
537602,1025
731491,130
192616,6574
354814,6574
429983,873
500689,873
685484,533
1009441,3
700106,23826
1071596,583
592979,244
658536,162
105521,10004
683625,415
1318702,3057
360140,3901
1033005,58
203853,610
1143430,202
723005,383
381349,1434
464454,1435
338285,1049
354482,114
639246,114
67886,11282
683895,114
900938,114
697149,6890
710051,7160
486814,1467
565406,2293
859182,1467
492955,126
1071651,206
343475,206
369599,5724
382429,206
448854,206
523201,5724
533632,206
795274,206
798050,206
630753,1063
869885,1177
1489163,190
258039,190
264423,865
893675,190
891971,3268
638269,2521
1082582,2425
529425,2425
653415,2425
842517,2425
973249,2425
337725,605
462977,605
623072,653
226524,2239
278531,2239
713644,12
358032,714
985806,1050
454386,10484
225083,36
986288,36
1189049,3205
207006,3205
287183,3205
895074,120
433894,173
581660,5776
929600,5776
1061686,3329
1338526,3329
978615,110302
182893,720
293169,44
830365,6195
1005583,405
181579,1132
519731,467
921306,1435
143424,371
270596,1241
698880,1241
815316,1063
1129198,1025
1024285,265
581672,4172
99523,4172
1396595,141
250573,7160
322873,152
1380482,5724
461903,7179
1091608,2423
1135611,631
167268,3008
258916,3008
922462,3008
936237,3008
530813,677
570336,677
1184986,24
1145504,667
787232,667
1241211,10004
181380,826
660860,10004
819566,826
1125610,157
918251,172
916461,1304
143812,940
258015,2293
543051,2431
707350,2431
797572,2431
1004203,379
796300,34888
296582,984
742770,1123
862109,984
954105,984
995642,1123
1020267,1003
1047280,1003
343463,180
480723,180
1082774,252
641537,252
1118347,410
734676,82
530298,2036
1275040,1041
221958,1041
1291929,290
910175,968
884822,520
708453,3508
381469,234
568377,1269
666547,237
1474871,2832
346898,1467
790965,5776
925199,865
538874,720
226410,370
251309,370
339235,370
562409,370
1077465,653
422466,265
1110406,337
392777,337
540536,337
742521,337
1322090,289
560797,988
611845,988
694901,988
586834,512
703772,512
848753,11
644613,1005
256361,6646
1086461,1177
805056,1177
877787,2425
1077560,3060
1011936,1148
1407213,1148
1375227,418
1065227,543
1071818,762
198648,10625
414243,279
545409,279
1129903,941
331739,1100
490971,1100
574660,159
678035,159
1082581,6574
962125,1531
979324,621
1074045,338
1517352,48726
804264,48726
1082597,26459
1253920,26459
451788,81401
539448,81401
548993,26459
789478,81401
882224,81401
1309324,167
930998,533
396077,610
1053568,3592
1275071,55686
1293298,3592
981181,55686
140676,84122
628473,84122
647172,84122
726036,63007
758845,63007
955213,84122
570582,2423
858252,2521
1063481,511
960062,1519
342877,416
1153105,273
1170001,273
707063,3508
134425,234
419648,3709
357628,1050
1045187,53646
624808,53646
808465,48332
892105,53646
1111025,85465
533537,85465
572271,85465
686332,85465
892049,85465
575610,5724
1261825,865
675801,1177
1144158,371
356044,1091
74297,4603
524031,87883
717392,87883
935039,87883
942475,10690
940858,762
1009603,419
1121428,419
1311982,36
1305075,159
1063685,338
574229,84122
1041630,660
1083389,720
1102159,8024
532732,964
649317,964
917404,2741
964582,964
1058359,16
866579,533
1073176,1420
1318279,1096
945753,13
1031575,55686
514623,18303
568702,18303
94922,18303
299717,120
605110,10484
487421,16704
1052494,49702
252209,49702
1106216,14589
520064,14589
601456,14589
653408,14589
355692,2698
401706,2698
401769,2698
726446,2698
576712,2553
208934,1241
407491,3060
920470,244
1162160,610
1101761,3592
1138480,48726
216579,39097
248938,39097
729196,39097
626771,48332
884849,48332
1042875,1177
1133737,2778
677278,2778
696504,3268
403187,2696
538773,2696
718763,2696
898119,2696
1131030,2410
1141473,2410
263905,2410
379249,2410
486204,3725
621436,3725
646894,3725
720287,2410
851111,2410
917402,3725
46001,265
420921,6676
1300966,410
162959,430
707217,87883
549012,41231
706618,232
605426,289
120565,1211
340415,698
747598,1211
553229,30120
1203845,14589
235347,14589
919358,14589
980773,14589
1080107,121
985172,121
318426,3729
689628,932
1352339,27
1035982,18303
696164,15
1162968,167
974581,3
354352,995
1249850,39097
856056,3592
248934,84122
637545,49702
817355,49702
198053,4603
1011139,11
288948,1270
1144121,1158
1473866,157
773961,53646
1195407,10690
888190,10690
623318,87883
1120902,2696
1244035,16704
567479,6676
1170286,6574
916430,398
1434798,48726
787776,55686
706176,63007
882089,63007
685329,7160
704593,3725
1018912,131
1119391,1041
581326,1108
1050852,85465
666943,85465
1176271,826
955354,1420
951960,9010
666821,2727
1038054,87883
1074505,87883
1293290,3592
1117106,18303
742858,2741
895906,6676
1104206,1390
999743,148
1042472,86
1045986,86
1130961,1096
644563,3901
1101641,237
626953,940
59970,48332
649030,48726
1510255,979
309841,110302
1385364,71985
1109231,16704
548653,87883
1414670,7160
1303365,120
269371,81169
273341,65423
375657,81169
1081907,27
1401133,27
1241325,75231
1404902,75231
698931,75231
1371793,1390
997478,1390
1330946,27
1021037,75231
864608,41231
936294,1090
593163,467
620696,1108
1362423,85465
1037572,932
1384080,232
990731,2441
931938,6676
457961,4603
1200417,415
935094,18303
412367,2424
937727,2424
1105547,1184
503866,41
1354775,681
1114187,13
1250522,13
752862,48332
1255573,631
1242183,234
1102425,468
1291837,48726
1414677,7160
700933,2741
848439,379
722650,120
826719,8024
1232103,58
1054907,126
727081,126
1143806,53646
1250366,53646
523491,81401
1184725,1096
1497653,27
1378338,89
1112524,200
741253,13
945500,13
945763,13
1522779,26459
531840,370
452296,475
991459,130
1448405,87883
912688,8024
1245251,2521
1061744,294
453770,58
835775,1184
1528441,9010
1097263,2425
1318474,244
1170718,667
1189317,667
1262768,667
1306999,347
1291839,48726
1426493,465
1256870,3948
1274489,520
981539,3901
1121524,18303
700643,1465
268642,1049
1382710,354
1129402,1090
1024739,383
215094,383
987364,383
161057,89
1293391,48332
461670,81401
1382453,1420
1379545,234
1076671,1467
1155741,14589
1159439,60
1193849,16
1164662,244
1175060,798
1489506,820
1074179,1075
1333915,1075
372468,2431
1153358,475
1075579,58
707804,3901
495722,114
1460433,2293
394872,2293
1043003,114
1041614,583
1185913,583
1070591,244
1117771,244
1179482,13
1453065,13
699233,13
352659,141
1211302,2727
1133733,667
1407728,1304
934514,430
1297674,826
1183905,18303
1008570,46
1174140,449
1209829,449
1439199,120
460218,6646
1051760,3901
993333,520
1105948,252
1385195,252
1125079,41
1294853,41
1353609,667
1491843,385
813073,1269
1393997,237
1137979,720
1173903,2521
1184726,1184
1199783,2420
1335120,2420
1083369,2423
997076,2423
1242657,2410
1291232,26459
1293579,26459
708242,85465
1314562,583
924610,131
1487239,237
845638,3709
1186332,660
1263950,39097
549378,41
1074043,338
91949,110302
1076056,720
198638,720
1077059,2420
929868,1075
1094135,968
699980,968
538079,398
1057574,6574
1210116,410
1307109,738
1131159,3911
60543,826
1024694,202
1031546,1304
933570,1269
875306,418
1354272,48726
1354276,48726
1434799,48726
1436309,48726
1467103,48726
1436068,85465
1071220,2293
1076672,2293
1223318,2293
1304052,2293
1311910,2293
1070983,141
1223334,141
1054214,449
1189055,449
1376717,449
457774,820
1052497,2410
1401779,1096
1510005,1096
981118,2727
937107,475
936739,800
1018395,398
1101356,714
940464,418
1299696,10690
1020704,1096
897651,2239
1066134,252
954688,252
955358,252
659648,6574
976446,130
984373,6574
1370903,543
1401728,48726
1505395,48726
1047841,157
1122795,2282
1318191,58
1379211,58
1107265,3806
1155723,6303
1378320,3806
175577,3806
176578,3806
206040,6303
261503,6303
331059,6303
337884,3806
344854,6303
353432,3806
353583,6303
387687,6303
399068,3806
401356,6303
416090,6303
424689,6303
436372,3806
450806,3806
467623,3806
532937,6303
602324,6303
673381,3806
687558,6303
724443,6303
735697,3806
746781,3806
802855,6303
804472,3806
837619,6303
142219,3445
157672,3445
198614,3445
242086,3445
282689,3589
283628,3445
292246,3589
292779,3445
314398,3589
321204,3445
345911,3445
365377,3589
365394,3589
405855,3445
500053,3445
503482,3589
550829,3445
552057,3445
557149,3589
557469,3589
620217,3445
639027,3589
639246,3589
639414,3589
706963,3589
706968,3589
763349,3589
826103,3445
91845,3589
92076,3589
944827,3445
189014,3510
226097,3446
248454,3446
251295,3446
260807,3510
328609,3510
335457,3446
343463,3510
417348,3510
422051,3446
457738,3446
487417,3510
512913,3510
519184,3446
533738,3510
620560,3446
637446,3510
637632,3510
638793,3510
638990,3446
651269,3446
679423,3446
710969,3446
787907,3446
888785,3510
921655,3510
921995,3510
925862,3446
929994,3446
94005,3446
972465,3510
995642,3510
1054631,14162
111455,3384
1264176,14162
148252,3384
187987,14162
192635,3384
222385,14162
222669,14162
228727,14162
237658,3384
237662,3384
237846,14162
251183,14162
257814,3384
284730,3384
298603,3384
334526,3384
336646,14162
336667,14162
345886,3384
365108,3384
507341,3384
548729,3384
556713,14162
589099,14162
608172,3384
669629,14162
735813,14162
822935,14162
86286,14162
86784,3384
927353,3384
105470,3439
1097139,3575
1130514,3575
145707,3439
16306,3439
181767,3439
220793,3439
225693,3439
272622,3575
371998,3439
411295,3439
435338,3439
444523,3439
517894,3439
520624,3439
524481,3439
598506,3575
689637,3575
739443,3439
799993,3575
800175,3439
808509,3439
145466,3505
215390,3581
234523,3581
272999,3581
273000,3581
315779,3505
323872,3581
332697,3505
332705,3505
349701,3505
353032,3581
355817,3581
361104,3505
370846,3505
389399,3581
467437,3505
500309,3505
503770,3505
504215,3505
578539,3505
627207,3505
643259,3581
660867,3581
678439,3581
734761,3505
745191,3581
756494,3581
861852,3581
970518,3581
985806,3505
996897,3581
1082993,3380
121385,3380
126600,3380
188077,3380
193116,3380
201574,3380
225744,3380
234803,3380
278145,14161
315969,3380
338635,14161
342878,14161
346779,3380
347138,3380
363223,3380
371686,14161
424015,3380
428563,3380
450050,14161
492955,14161
494237,14161
51035,14161
536520,14161
591949,3380
628834,14161
646108,14161
719673,3380
763182,14161
804885,14161
126014,32364
153084,3262
161056,3262
166240,32364
17259,3262
192565,3262
193004,3262
196357,3262
216443,32364
240752,32364
309400,3262
315211,32364
318204,3262
339314,3262
339337,32364
344830,32364
348863,32364
388198,3262
406640,3262
485582,32364
538958,32364
580195,3262
594273,32364
598577,3262
626764,32364
691892,3262
708989,32364
792380,3262
79294,32364
86202,3262
1144627,3435
139208,3379
167850,3379
177476,3379
307870,3435
321528,3379
326029,3379
326330,3379
331560,3435
348791,3435
351567,3435
353892,3435
356141,3435
358504,3435
360518,3379
405385,3435
405397,3435
405398,3435
420213,3379
420931,3435
432298,3435
434675,3379
460939,3379
473169,3379
474701,3379
478573,3379
557459,3379
565093,3379
576314,3379
589128,3435
598791,3435
643574,3435
1063292,3381
1064377,3433
126414,3381
136834,3433
185175,3433
192557,3433
199316,3381
244940,3381
251075,3381
255788,3433
292199,3381
340879,3381
353922,3381
369316,3381
382528,3381
385918,3433
396908,3381
454567,3381
522223,3433
541537,3381
545810,3433
613725,3381
742770,3433
845654,3381
849429,3433
855731,3433
861410,3381
867137,3433
888140,3433
956920,3433
983578,3433
1279526,3591
139503,5750
343052,3591
400960,5750
422850,3591
439914,5750
450241,5750
491616,5750
592735,5750
648779,3591
659542,3591
659806,5750
659813,5750
661171,5750
684159,5750
687626,5750
77127,5750
827734,3591
893661,5750
897051,5750
903611,5750
124410,3670
184573,3557
222855,3557
325443,3557
342405,3557
349066,3557
362108,3557
402087,3670
406008,3670
454495,3670
475949,3557
485395,3557
496706,3670
503075,3557
539677,3670
546712,3670
579287,3557
583189,3557
607224,3670
633454,3557
667287,3557
673513,3670
687622,3557
75890,3557
866246,3557
100986,3382
108390,3382
1259085,3672
137576,3382
144028,3382
172623,3672
236168,3382
237425,3672
249565,3382
262226,3382
320722,3672
333004,3672
340303,3672
343974,3672
422763,3382
429915,3382
435772,3382
465966,3672
479682,3672
485706,3382
486049,3382
548254,3382
604008,3672
661455,3672
677278,3672
724129,3382
734542,3672
88755,3382
896616,3672
96341,3382
111627,4311
166158,4311
176553,3375
203517,4311
242277,4311
258513,4311
262396,3375
272930,4311
282411,3375
284857,3375
293385,3375
306166,4311
338424,3375
349570,4311
350219,3375
351478,3375
357565,3375
398184,3375
432852,4311
448466,4311
531450,4311
544586,4311
611855,4311
623965,4311
646740,3375
676411,4311
683840,3375
709187,3375
791528,4311
937958,3375
962110,3375
1181852,3807
188862,3449
189410,3449
195332,3807
264909,3807
308120,3807
354362,3449
369081,3449
376514,3449
397458,3449
437903,3807
439072,3449
443937,3807
446106,3449
457533,3449
465818,3449
476701,3449
509894,3807
509897,3807
509911,3807
532389,3449
546543,3449
572675,3449
578419,3449
58088,3449
631922,3807
631927,3807
68626,3807
821377,3807
869509,3807
901181,3807
1007720,9171
108725,9171
149901,9171
188312,3582
203357,9171
204294,3582
207843,9171
213715,3582
229081,3582
249271,3582
249360,3582
307058,3582
333355,3582
345700,9171
350357,9171
357125,3582
400797,9171
469211,9171
478192,3582
482204,9171
485672,9171
527092,3582
542380,3582
603149,3582
617018,9171
617021,9171
677509,9171
724809,9171
77547,3582
81723,9171
932724,3582
182906,3377
182913,3377
288230,3377
339808,3377
342229,3377
344695,3377
411975,3377
413112,3377
495666,3377
566723,3377
607223,3377
708265,3377
822458,3499
914562,3377
1132850,3560
206782,3560
223367,3440
238407,3440
303766,3560
308439,3440
316264,3440
328658,3440
333014,3440
367284,3440
370789,3440
401054,3560
418560,3440
464469,3440
530527,3560
560957,3560
564785,3440
585325,3560
589646,3560
610581,3560
661207,3440
661427,3440
663153,3560
670103,3440
686845,3560
73517,3440
833817,3560
877672,3560
894914,3440
931147,3560
933541,3560
952341,3560
111873,3437
245537,3614
255901,3437
28003,3437
283489,3614
355915,3437
395693,3614
402733,3437
406625,3437
418659,3614
424042,3437
474800,3437
480762,3437
486031,3437
534033,3437
54781,3437
576024,3437
576028,3437
648195,3437
748443,3614
905011,3614
948294,3437
1059056,15737
106987,3383
1252820,15737
127573,3383
186374,3383
223967,3383
223974,3383
223979,3383
225657,3383
261850,15737
263236,3383
310801,15737
310943,15737
346853,3383
369567,3383
401086,15737
404950,3383
41384,3383
533295,3383
539961,15737
551505,15737
561481,15737
561485,15737
59016,3383
658052,15737
658807,15737
659459,3383
664057,15737
734751,15737
882197,15737
883111,15737
900909,3383
164915,3854
182712,3300
231572,3300
240306,3300
241641,3300
243879,3854
344869,3854
357153,3300
357164,3300
388165,3854
395685,3854
486477,3854
487465,3300
487469,3300
487474,3300
504087,3300
550550,3300
616341,3300
670681,3300
679709,3854
805714,3300
8198,3300
130164,3299
132098,3299
186590,3299
205927,3556
205938,3556
258923,3299
27992,3556
293200,3556
357662,3299
371001,3556
387110,3556
392757,3299
395928,3556
413403,3299
42460,3556
433177,3299
46580,3556
472423,3299
475959,3556
483046,3556
483348,3299
503733,3299
503743,3299
503987,3299
51471,3556
567576,3299
580451,3556
581678,3299
605268,3556
668207,3556
743413,3299
892160,3556
185372,3563
212499,3563
262939,3816
262980,3816
288883,3563
294502,3563
294525,3563
311958,3563
341429,3816
358166,3563
413565,3816
424784,3816
459463,3816
480692,3816
491553,3816
492556,3563
493003,3816
562022,3563
570272,3563
588989,3816
608537,3563
735573,3816
74113,3816
754037,3563
763079,3563
857948,3816
88103,3816
936981,3816
957461,3816
989069,3563
108354,3441
1240763,3441
161671,3577
177064,3577
243298,3577
254285,3441
283473,3577
354482,3577
395695,3441
397171,3441
402979,3577
403808,3577
403809,3577
408563,3441
419247,3577
425028,3577
440383,3577
451747,3441
538006,3441
546803,3577
583255,3441
628806,3577
698415,3577
734676,3441
734799,3441
746695,3441
830890,3441
837368,3441
860998,3577
864121,3441
955070,3441
1125037,3806
179643,3445
216278,3445
544149,3445
611049,3445
983330,3806
994370,3806
168989,3384
212723,3384
243856,3384
28396,3446
293213,3446
539798,3384
803049,3446
1045375,3510
1089202,3510
336665,14162
83983,14162
842420,3510
943150,14162
334042,6303
356044,6303
524592,3589
532938,6303
540315,6303
552955,6303
652537,3589
853110,3589
889435,6303
300716,3380
388171,3380
126214,3433
315291,3505
389253,3505
504153,3505
746891,3433
1012564,3439
344864,14161
354763,14161
607854,3439
655488,3439
971570,3439
988188,14161
232454,3262
518505,3262
658536,3591
339332,3379
372267,3379
715653,3557
731771,3557
1371519,3581
358418,3581
402627,3581
616894,3381
661269,3581
675178,3581
816585,3381
207006,32364
328455,32364
349599,5750
360412,5750
374889,32364
393241,32364
401029,32364
598145,5750
355816,3435
405389,3435
450417,3670
489359,3435
569433,3670
668606,3435
848856,3435
916623,3435
213268,3582
249400,3582
283833,3582
303259,3382
368891,3382
381950,3382
697155,3582
548111,3375
553875,3375
568157,3375
631923,3807
170895,4311
620307,4311
820252,4311
840836,4311
207061,9171
566025,3672
737524,3672
126664,3377
217073,3560
318528,3377
560952,3560
579294,3560
620322,3377
624690,3377
684307,3560
745200,3377
120205,3383
131225,3437
156990,3383
166237,3437
434116,3383
164904,3499
583404,3440
677986,15737
895249,15737
895291,15737
258004,3300
288915,3563
412669,3300
431911,3563
462250,3300
492558,3563
527866,3563
754040,3563
1113451,3441
224884,3441
230784,3441
255508,3441
479999,3299
122582,3816
185245,3816
557614,3854
121791,3577
282144,3556
46413,3556
502722,3556
569205,3577
250490,3384
589006,3510
113915,14162
322065,3446
345095,14162
384568,3446
670659,14162
805534,3446
255906,3380
68290,3439
79960,3439
1151929,3575
345763,14161
913660,3575
1066953,6303
29559,6303
347932,6303
493758,3445
652060,3445
613192,3589
844485,3806
443710,3262
468174,5750
521964,3262
578392,3262
82873,3262
232219,32364
412937,32364
708005,32364
230921,3670
330659,3379
953150,3670
252345,3557
258987,3557
549440,3557
79522,3435
226524,3440
357119,3377
364938,3440
380744,3440
420002,3377
422355,3440
429983,3440
434224,3377
647384,3440
737837,3440
743088,3440
1061282,3499
166460,3560
265383,3499
413268,3560
576265,3560
881506,3560
945266,3560
119031,3381
216603,3381
320141,3381
351505,3505
361260,3381
393323,3505
425306,3505
429259,3505
468022,3505
563749,3381
1279984,3433
265625,3433
729390,3672
856087,3582
264014,3449
1072017,4311
210349,3807
126019,3577
324358,3299
345716,3577
443379,3577
61651,3299
632349,3299
348795,3437
401578,3437
469781,3437
742201,3437
744040,15737
844797,3437
849410,3437
195736,3383
437982,3614
668167,3614
120443,3816
225161,3300
332560,3816
357147,3300
601883,3300
657430,3300
260857,3563
700565,3854
727157,3854
